{"type":"FeatureCollection","crs":{"type":"name","properties":{"name":"EPSG:6434"}},"features":[{"type":"Feature","id":1,"geometry":{"type":"Point","coordinates":[950927.63591489196,671181.22913922369]},"properties":{"OBJECTID":1,"CrashId":884284,"Person_Type":1,"Person_Type_Text_Format":"Driver","Injury_Status_Text_Format":"Fatal Injury (K)","Fatal_Case_Status":1,"Fatal_Case_Status_Text_Format":"Complete","CrashId_1":884284,"CrashId_12":884284,"Latitude":41.302948000000001,"Longitude":-72.928494000000001,"DOT_Case_Number":921012,"Town_Name":"New Haven","Town_Number":93,"Town_Number_1":93,"Town_Number_Text_Format":"New Haven","Date_Of_Crash":"2021-01-16","Year":2021,"Month":1,"Month_Text_Format":"January","Day":16,"Day_of_the_Week":7,"Day_of_the_Week_Text_Format":"Saturday","Time_of_Crash":"23:10:00","Hour_of_the_Day":23,"Case_Identifier":21001958,"Crash_Severity":"K","Crash_Severity_Text_Format":"Fatal (Kill)","Most_Severe_Injury":"K","Most_Severe_Injury_Text_Format":"Fatal Injury (K)","Number_Of_Motor_Vehicles":2,"Number_Of_Non_Motorist":0,"Number_Of_Witnesses":1,"Route_Class":4,"Route_Class_Text_Format":"Local","Milemarker":0.20999999999999999,"Road_Number":809,"Road_Description":"REV DR MLK JR BLVD","Roadway_Name":"REV DR MLK JR BLVD","Intersecting_Roadway_Name":null,"Landmark_Description":"CHURCH ST","Distance_From_Nearest_Landmark":50,"Unit_Of_Measure_From_Nearest_Landmark":"Feet","Direction_From_Nearest_Landmark":"W","Latitude_1":41.302948000000001,"Longitude_1":-72.928494000000001,"First_Harmful_Event":14,"First_Harmful_Event_Text_Format":"Motor Vehicle in Operation","Manner_of_Crash___Collision_Impact":4,"Manner_of_Crash___Collision_Impact_Text_Format":"Sideswipe, same direction","Location_of_First_Harmful_Event":1,"Location_of_First_Harmful_Event_Text_Format":"On Roadway","Weather_Condition":1,"Weather_Condition_Text_Format":"Clear","Weather_2":88,"Weather_2_Text_Format":"Not Applicable","Light_Condition":4,"Light_Condition_Text_Format":"Dark-Lighted","Road_Surface_Condition":1,"Road_Surface_Condition_Text_Format":"Dry","Contributing_Circumstances__Environment":0,"Contributing_Circumstances__Environment_Text_Format":"None","Environment_2":88,"Environment_2_Text_Format":"Not Applicable","Environment_3":88,"Environment_3_Text_Format":"Not Applicable","Contributing_Circumstances__Road":0,"Contributing_Circumstances__Road_Text_Format":"None","Road_2":88,"Road_2_Text_Format":"Not Applicable","Road_3":88,"Road_3_Text_Format":"Not Applicable","Crash_Specific_Location":1,"Crash_Specific_Location_Text_Format":"Non-Junction","Type_of_Intersection":1,"Type_of_Intersection_Text_Format":"Not at Intersection","School_Bus_Related":1,"School_Bus_Related_Text_Format":"No","Work_Zone_Related":1,"Work_Zone_Related_Text_Format":"No","Location_Of_Crash_Relative_To_Work_Zone":88,"Location_Of_Crash_Relative_To_Work_Zone_Text_Format":"Not Applicable","Type_of_Work_Zone":88,"Type_of_Work_Zone_Text_Format":"Not Applicable","Worker_Presence":88,"Worker_Presence_Text_Format":"Not Applicable","Law_Enforcement_Presence":88,"Law_Enforcement_Presence_Text_Format":"Not Applicable","Were_Vehicles_Moved_Prior_To_Police_Arrival":"TRUE","Trafficway_Ownership":1,"Trafficway_Ownership_Text_Format":"Public Road","Trafficway_Class":1,"Trafficway_Class_Text_Format":"Trafficway, On Road","Police_Agency":"CT0009300","Police_Agency_Text_Format":"New Haven PD","Badge_Number":40790,"Approval_Date":"01:55.0","Police_Case_Status":"O","Police_Case_Status_Text_Format":"Open","Crash_Report_Submission_Date":"42:22.0","Related_Case_Identifiers":null,"No__of_Through_Lanes__Log_Dir__":3,"Average_Daily_Traffic":21900,"Functional_Classification":3,"Functional_Classification_Text_Format":"PRINCIPAL ARTERIAL - OTHER - NEW HPMS","Rural_or_Urban":2,"Rural_or_Urban_Text_Format":"Urban","CrashSeverityClass":2,"SevereCrashIndicator":1,"CrashId_12_13":null,"VehicleId":2,"PersonId":2,"Age":24,"Gender":1,"Gender_Text_Format":"Male","State":"CT","Postal_Code":6511,"Injury_Status":"K","Condition_at_Time_of_Crash":1,"Condition_at_Time_of_Crash_Text_Format":"Apparently Normal","Condition_at_Time_of_Crash2":1,"Condition_at_Time_of_Crash2_Text_Format":"Apparently Normal","Action_Taken_by_Officer":0,"Action_Taken_by_Officer_Text_Format":"None taken","Alcohol_Test_Status":1,"Alcohol_Test_Status_Text_Format":"Test Not Given","Type_Of_Alcohol_Test":88,"Type_Of_Alcohol_Test_Text_Format":"Not Applicable","Drug_Test_Status":1,"Drug_Test_Status_Text_Format":"Test Not Given","Type_Of_Drig_Test":88,"Type_Of_Drig_Test_Text_Format":"Not Applicable","Ejection_Status":1,"Ejection_Status_Text_Format":"Not Ejected","Restraint_System":4,"Restraint_System_Text_Format":"Restraint Used, Type Unknown","Helmet_Use":88,"Helmet_Use_Text_Format":"Not Applicable","Air_Bag_Status":1,"Air_Bag_Status_Text_Format":"Not Deployed","Speeding_Related":2,"Speeding_Related_Text_Format":"Racing","Driver_Actions_1":1,"Driver_Actions_1_Text_Format":"No Contributing Action","Driver_Actions_2":88,"Driver_Actions_2_Text_Format":"Not Applicable","Driver_Actions_3":88,"Driver_Actions_3_Text_Format":"Not Applicable","Driver_Actions_4":88,"Driver_Actions_4_Text_Format":"Not Applicable","Driver_Distracted_By":1,"Driver_Distracted_By_Text_Format":"Not Distracted","Roadway_On_Which_Nonmotorist_Was_Traveling_Located":null,"Direction_nonmotorist_was_traveling":null,"Direction_Unknown":null,"Striking_Motor_Vehicle_ID":null,"Bicycle_ID":null,"Non_Motorist_Not_In_Roadway":null,"Actions_or_Circumstances_Prior_to_Crash":null,"Actions_or_Circumstances_Prior_to_Crash_Text_Format":null,"To_or_From_School":null,"To_or_From_School_Text_Format":null,"Actions_or_Circumstances_At_Time_Of_Crash":null,"Actions_or_Circumstances_At_Time_Of_Crash_Text_Format":null,"Actions_or_Circumstances_At_Time_Of_Crash2":null,"Actions_or_Circumstances_At_Time_Of_Crash2_Text_Format":null,"Location_At_Time_Of_Crash":null,"Location_At_Time_Of_Crash_Text_Format":null,"Safety_Equipment":null,"Safety_Equipment_Text_Format":null,"Safety_Equipment2":null,"Safety_Equipment2_Text_Format":null,"Non_motorist_Distracted_By":null,"Non_motorist_Distracted_By_Text_Format":null,"Seating_Position":11,"Seating_Position_Text_Format":"First Row, Left\u00A0Seat","Seating_Position_for_Bus":null,"City":"New Haven","Country":"UnitedStates","Driver_License_Jurisdiction":null,"Driver_License_Jurisdiction_Text_Format":null,"Drivers_License_Issued_By":null,"Drivers_License_Class":null,"Commercial_License_Class":null,"Commercial_License_Class_Text_Format":null,"Transported_to_First_Medical_Facility_By":3,"Transported_to_First_Medical_Facility_By_Text_Format":"EMS Ground","Name_of_the_EMS_agency":"AMER MED RESPONSE","Name_of_the_Intended_Receiving_Facility":"YALE-NH HOSP","OBJECTID_1":1}},{"type":"Feature","id":2,"geometry":{"type":"Point","coordinates":[951358.08387288451,672462.12159055471]},"properties":{"OBJECTID":2,"CrashId":885347,"Person_Type":3,"Person_Type_Text_Format":"Pedestrian","Injury_Status_Text_Format":"Fatal Injury (K)","Fatal_Case_Status":1,"Fatal_Case_Status_Text_Format":"Complete","CrashId_1":885347,"CrashId_12":885347,"Latitude":41.306519999999999,"Longitude":-72.927009999999996,"DOT_Case_Number":921083,"Town_Name":"New Haven","Town_Number":93,"Town_Number_1":93,"Town_Number_Text_Format":"New Haven","Date_Of_Crash":"2021-03-18","Year":2021,"Month":3,"Month_Text_Format":"March","Day":18,"Day_of_the_Week":5,"Day_of_the_Week_Text_Format":"Thursday","Time_of_Crash":"17:40:00","Hour_of_the_Day":17,"Case_Identifier":21009968,"Crash_Severity":"K","Crash_Severity_Text_Format":"Fatal (Kill)","Most_Severe_Injury":"K","Most_Severe_Injury_Text_Format":"Fatal Injury (K)","Number_Of_Motor_Vehicles":1,"Number_Of_Non_Motorist":1,"Number_Of_Witnesses":1,"Route_Class":4,"Route_Class_Text_Format":"Local","Milemarker":0.56999999999999995,"Road_Number":588,"Road_Description":"TEMPLE ST","Roadway_Name":"TEMPLE ST","Intersecting_Roadway_Name":"CHAPEL ST","Landmark_Description":null,"Distance_From_Nearest_Landmark":null,"Unit_Of_Measure_From_Nearest_Landmark":null,"Direction_From_Nearest_Landmark":null,"Latitude_1":41.306519999999999,"Longitude_1":-72.927009999999996,"First_Harmful_Event":9,"First_Harmful_Event_Text_Format":"Pedestrian","Manner_of_Crash___Collision_Impact":88,"Manner_of_Crash___Collision_Impact_Text_Format":"Not Applicable","Location_of_First_Harmful_Event":4,"Location_of_First_Harmful_Event_Text_Format":"Roadside","Weather_Condition":1,"Weather_Condition_Text_Format":"Clear","Weather_2":88,"Weather_2_Text_Format":"Not Applicable","Light_Condition":1,"Light_Condition_Text_Format":"Daylight","Road_Surface_Condition":1,"Road_Surface_Condition_Text_Format":"Dry","Contributing_Circumstances__Environment":99,"Contributing_Circumstances__Environment_Text_Format":"Unknown","Environment_2":88,"Environment_2_Text_Format":"Not Applicable","Environment_3":88,"Environment_3_Text_Format":"Not Applicable","Contributing_Circumstances__Road":0,"Contributing_Circumstances__Road_Text_Format":"None","Road_2":88,"Road_2_Text_Format":"Not Applicable","Road_3":88,"Road_3_Text_Format":"Not Applicable","Crash_Specific_Location":2,"Crash_Specific_Location_Text_Format":"Intersection","Type_of_Intersection":2,"Type_of_Intersection_Text_Format":"Four-Way Intersection","School_Bus_Related":1,"School_Bus_Related_Text_Format":"No","Work_Zone_Related":1,"Work_Zone_Related_Text_Format":"No","Location_Of_Crash_Relative_To_Work_Zone":88,"Location_Of_Crash_Relative_To_Work_Zone_Text_Format":"Not Applicable","Type_of_Work_Zone":88,"Type_of_Work_Zone_Text_Format":"Not Applicable","Worker_Presence":88,"Worker_Presence_Text_Format":"Not Applicable","Law_Enforcement_Presence":88,"Law_Enforcement_Presence_Text_Format":"Not Applicable","Were_Vehicles_Moved_Prior_To_Police_Arrival":"FALSE","Trafficway_Ownership":1,"Trafficway_Ownership_Text_Format":"Public Road","Trafficway_Class":1,"Trafficway_Class_Text_Format":"Trafficway, On Road","Police_Agency":"CT0009300","Police_Agency_Text_Format":"New Haven PD","Badge_Number":40808,"Approval_Date":"38:24.0","Police_Case_Status":"O","Police_Case_Status_Text_Format":"Open","Crash_Report_Submission_Date":"59:20.0","Related_Case_Identifiers":null,"No__of_Through_Lanes__Log_Dir__":4,"Average_Daily_Traffic":5200,"Functional_Classification":3,"Functional_Classification_Text_Format":"PRINCIPAL ARTERIAL - OTHER - NEW HPMS","Rural_or_Urban":2,"Rural_or_Urban_Text_Format":"Urban","CrashSeverityClass":2,"SevereCrashIndicator":1,"CrashId_12_13":null,"VehicleId":null,"PersonId":2,"Age":55,"Gender":2,"Gender_Text_Format":"Female","State":"CT","Postal_Code":6519,"Injury_Status":"K","Condition_at_Time_of_Crash":99,"Condition_at_Time_of_Crash_Text_Format":"Unknown","Condition_at_Time_of_Crash2":99,"Condition_at_Time_of_Crash2_Text_Format":"Unknown","Action_Taken_by_Officer":0,"Action_Taken_by_Officer_Text_Format":"None taken","Alcohol_Test_Status":1,"Alcohol_Test_Status_Text_Format":"Test Not Given","Type_Of_Alcohol_Test":88,"Type_Of_Alcohol_Test_Text_Format":"Not Applicable","Drug_Test_Status":1,"Drug_Test_Status_Text_Format":"Test Not Given","Type_Of_Drig_Test":88,"Type_Of_Drig_Test_Text_Format":"Not Applicable","Ejection_Status":null,"Ejection_Status_Text_Format":null,"Restraint_System":null,"Restraint_System_Text_Format":null,"Helmet_Use":null,"Helmet_Use_Text_Format":null,"Air_Bag_Status":null,"Air_Bag_Status_Text_Format":null,"Speeding_Related":null,"Speeding_Related_Text_Format":null,"Driver_Actions_1":null,"Driver_Actions_1_Text_Format":null,"Driver_Actions_2":null,"Driver_Actions_2_Text_Format":null,"Driver_Actions_3":null,"Driver_Actions_3_Text_Format":null,"Driver_Actions_4":null,"Driver_Actions_4_Text_Format":null,"Driver_Distracted_By":null,"Driver_Distracted_By_Text_Format":null,"Roadway_On_Which_Nonmotorist_Was_Traveling_Located":"CHAPEL STREET","Direction_nonmotorist_was_traveling":"N","Direction_Unknown":0,"Striking_Motor_Vehicle_ID":1,"Bicycle_ID":null,"Non_Motorist_Not_In_Roadway":0,"Actions_or_Circumstances_Prior_to_Crash":1,"Actions_or_Circumstances_Prior_to_Crash_Text_Format":"Crossing Roadway","To_or_From_School":99,"To_or_From_School_Text_Format":"Unknown","Actions_or_Circumstances_At_Time_Of_Crash":1,"Actions_or_Circumstances_At_Time_Of_Crash_Text_Format":"No Improper Action","Actions_or_Circumstances_At_Time_Of_Crash2":88,"Actions_or_Circumstances_At_Time_Of_Crash2_Text_Format":"Not Applicable","Location_At_Time_Of_Crash":1,"Location_At_Time_Of_Crash_Text_Format":"Intersection-Marked Crosswalk","Safety_Equipment":0,"Safety_Equipment_Text_Format":"None","Safety_Equipment2":88,"Safety_Equipment2_Text_Format":"Not Applicable","Non_motorist_Distracted_By":99,"Non_motorist_Distracted_By_Text_Format":"Unknown if Distracted","Seating_Position":null,"Seating_Position_Text_Format":null,"Seating_Position_for_Bus":null,"City":"New Haven","Country":"UnitedStates","Driver_License_Jurisdiction":null,"Driver_License_Jurisdiction_Text_Format":null,"Drivers_License_Issued_By":null,"Drivers_License_Class":null,"Commercial_License_Class":null,"Commercial_License_Class_Text_Format":null,"Transported_to_First_Medical_Facility_By":1,"Transported_to_First_Medical_Facility_By_Text_Format":"Not Transported","Name_of_the_EMS_agency":null,"Name_of_the_Intended_Receiving_Facility":null,"OBJECTID_1":2}},{"type":"Feature","id":3,"geometry":{"type":"Point","coordinates":[965252.79164771736,676301.03254789114]},"properties":{"OBJECTID":3,"CrashId":885607,"Person_Type":1,"Person_Type_Text_Format":"Driver","Injury_Status_Text_Format":"Fatal Injury (K)","Fatal_Case_Status":1,"Fatal_Case_Status_Text_Format":"Complete","CrashId_1":885607,"CrashId_12":885607,"Latitude":41.317131000000003,"Longitude":-72.876389000000003,"DOT_Case_Number":921076,"Town_Name":"New Haven","Town_Number":93,"Town_Number_1":93,"Town_Number_Text_Format":"New Haven","Date_Of_Crash":"2021-04-04","Year":2021,"Month":4,"Month_Text_Format":"April","Day":4,"Day_of_the_Week":1,"Day_of_the_Week_Text_Format":"Sunday","Time_of_Crash":"18:22:00","Hour_of_the_Day":18,"Case_Identifier":21012249,"Crash_Severity":"K","Crash_Severity_Text_Format":"Fatal (Kill)","Most_Severe_Injury":"K","Most_Severe_Injury_Text_Format":"Fatal Injury (K)","Number_Of_Motor_Vehicles":2,"Number_Of_Non_Motorist":0,"Number_Of_Witnesses":5,"Route_Class":4,"Route_Class_Text_Format":"Local","Milemarker":1.9399999999999999,"Road_Number":498,"Road_Description":"QUINNIPIAC AV","Roadway_Name":"QUINNIPIAC AV","Intersecting_Roadway_Name":"ESSEX ST","Landmark_Description":null,"Distance_From_Nearest_Landmark":null,"Unit_Of_Measure_From_Nearest_Landmark":null,"Direction_From_Nearest_Landmark":null,"Latitude_1":41.317131000000003,"Longitude_1":-72.876389000000003,"First_Harmful_Event":15,"First_Harmful_Event_Text_Format":"Parked Motor Vehicle","Manner_of_Crash___Collision_Impact":3,"Manner_of_Crash___Collision_Impact_Text_Format":"Angle","Location_of_First_Harmful_Event":1,"Location_of_First_Harmful_Event_Text_Format":"On Roadway","Weather_Condition":1,"Weather_Condition_Text_Format":"Clear","Weather_2":88,"Weather_2_Text_Format":"Not Applicable","Light_Condition":1,"Light_Condition_Text_Format":"Daylight","Road_Surface_Condition":1,"Road_Surface_Condition_Text_Format":"Dry","Contributing_Circumstances__Environment":0,"Contributing_Circumstances__Environment_Text_Format":"None","Environment_2":88,"Environment_2_Text_Format":"Not Applicable","Environment_3":88,"Environment_3_Text_Format":"Not Applicable","Contributing_Circumstances__Road":0,"Contributing_Circumstances__Road_Text_Format":"None","Road_2":88,"Road_2_Text_Format":"Not Applicable","Road_3":88,"Road_3_Text_Format":"Not Applicable","Crash_Specific_Location":2,"Crash_Specific_Location_Text_Format":"Intersection","Type_of_Intersection":4,"Type_of_Intersection_Text_Format":"Y-Intersection","School_Bus_Related":1,"School_Bus_Related_Text_Format":"No","Work_Zone_Related":1,"Work_Zone_Related_Text_Format":"No","Location_Of_Crash_Relative_To_Work_Zone":88,"Location_Of_Crash_Relative_To_Work_Zone_Text_Format":"Not Applicable","Type_of_Work_Zone":88,"Type_of_Work_Zone_Text_Format":"Not Applicable","Worker_Presence":88,"Worker_Presence_Text_Format":"Not Applicable","Law_Enforcement_Presence":88,"Law_Enforcement_Presence_Text_Format":"Not Applicable","Were_Vehicles_Moved_Prior_To_Police_Arrival":"FALSE","Trafficway_Ownership":1,"Trafficway_Ownership_Text_Format":"Public Road","Trafficway_Class":1,"Trafficway_Class_Text_Format":"Trafficway, On Road","Police_Agency":"CT0009300","Police_Agency_Text_Format":"New Haven PD","Badge_Number":220,"Approval_Date":"31:24.0","Police_Case_Status":"O","Police_Case_Status_Text_Format":"Open","Crash_Report_Submission_Date":"50:44.0","Related_Case_Identifiers":null,"No__of_Through_Lanes__Log_Dir__":1,"Average_Daily_Traffic":6400,"Functional_Classification":4,"Functional_Classification_Text_Format":"MINOR ARTERIAL - NEW HPMS","Rural_or_Urban":2,"Rural_or_Urban_Text_Format":"Urban","CrashSeverityClass":2,"SevereCrashIndicator":1,"CrashId_12_13":null,"VehicleId":1,"PersonId":1,"Age":23,"Gender":1,"Gender_Text_Format":"Male","State":"CT","Postal_Code":6513,"Injury_Status":"K","Condition_at_Time_of_Crash":1,"Condition_at_Time_of_Crash_Text_Format":"Apparently Normal","Condition_at_Time_of_Crash2":null,"Condition_at_Time_of_Crash2_Text_Format":null,"Action_Taken_by_Officer":0,"Action_Taken_by_Officer_Text_Format":"None taken","Alcohol_Test_Status":1,"Alcohol_Test_Status_Text_Format":"Test Not Given","Type_Of_Alcohol_Test":88,"Type_Of_Alcohol_Test_Text_Format":"Not Applicable","Drug_Test_Status":1,"Drug_Test_Status_Text_Format":"Test Not Given","Type_Of_Drig_Test":88,"Type_Of_Drig_Test_Text_Format":"Not Applicable","Ejection_Status":88,"Ejection_Status_Text_Format":"Not Applicable","Restraint_System":88,"Restraint_System_Text_Format":"Not Applicable","Helmet_Use":1,"Helmet_Use_Text_Format":"No Helmet","Air_Bag_Status":88,"Air_Bag_Status_Text_Format":"Not applicable","Speeding_Related":99,"Speeding_Related_Text_Format":"Unknown","Driver_Actions_1":10,"Driver_Actions_1_Text_Format":"Improper Passing","Driver_Actions_2":88,"Driver_Actions_2_Text_Format":"Not Applicable","Driver_Actions_3":88,"Driver_Actions_3_Text_Format":"Not Applicable","Driver_Actions_4":88,"Driver_Actions_4_Text_Format":"Not Applicable","Driver_Distracted_By":99,"Driver_Distracted_By_Text_Format":"Unknown if Distracted","Roadway_On_Which_Nonmotorist_Was_Traveling_Located":null,"Direction_nonmotorist_was_traveling":null,"Direction_Unknown":null,"Striking_Motor_Vehicle_ID":null,"Bicycle_ID":null,"Non_Motorist_Not_In_Roadway":null,"Actions_or_Circumstances_Prior_to_Crash":null,"Actions_or_Circumstances_Prior_to_Crash_Text_Format":null,"To_or_From_School":null,"To_or_From_School_Text_Format":null,"Actions_or_Circumstances_At_Time_Of_Crash":null,"Actions_or_Circumstances_At_Time_Of_Crash_Text_Format":null,"Actions_or_Circumstances_At_Time_Of_Crash2":null,"Actions_or_Circumstances_At_Time_Of_Crash2_Text_Format":null,"Location_At_Time_Of_Crash":null,"Location_At_Time_Of_Crash_Text_Format":null,"Safety_Equipment":null,"Safety_Equipment_Text_Format":null,"Safety_Equipment2":null,"Safety_Equipment2_Text_Format":null,"Non_motorist_Distracted_By":null,"Non_motorist_Distracted_By_Text_Format":null,"Seating_Position":11,"Seating_Position_Text_Format":"First Row, Left\u00A0Seat","Seating_Position_for_Bus":null,"City":"New Haven","Country":"UnitedStates","Driver_License_Jurisdiction":2,"Driver_License_Jurisdiction_Text_Format":"State","Drivers_License_Issued_By":"CT","Drivers_License_Class":4,"Commercial_License_Class":1,"Commercial_License_Class_Text_Format":"No","Transported_to_First_Medical_Facility_By":3,"Transported_to_First_Medical_Facility_By_Text_Format":"EMS Ground","Name_of_the_EMS_agency":"AMER MED RESPONSE","Name_of_the_Intended_Receiving_Facility":"YALE-NH HOSP","OBJECTID_1":3}},{"type":"Feature","id":4,"geometry":{"type":"Point","coordinates":[947679.37403872609,666451.32652555406]},"properties":{"OBJECTID":4,"CrashId":885683,"Person_Type":3,"Person_Type_Text_Format":"Pedestrian","Injury_Status_Text_Format":"Fatal Injury (K)","Fatal_Case_Status":1,"Fatal_Case_Status_Text_Format":"Complete","CrashId_1":885683,"CrashId_12":885683,"Latitude":41.289977,"Longitude":-72.940248999999994,"DOT_Case_Number":921055,"Town_Name":"New Haven","Town_Number":93,"Town_Number_1":93,"Town_Number_Text_Format":"New Haven","Date_Of_Crash":"2021-04-08","Year":2021,"Month":4,"Month_Text_Format":"April","Day":8,"Day_of_the_Week":5,"Day_of_the_Week_Text_Format":"Thursday","Time_of_Crash":"1:11:00","Hour_of_the_Day":1,"Case_Identifier":21012763,"Crash_Severity":"K","Crash_Severity_Text_Format":"Fatal (Kill)","Most_Severe_Injury":"K","Most_Severe_Injury_Text_Format":"Fatal Injury (K)","Number_Of_Motor_Vehicles":1,"Number_Of_Non_Motorist":1,"Number_Of_Witnesses":0,"Route_Class":3,"Route_Class_Text_Format":"State","Milemarker":0.79000000000000004,"Road_Number":10,"Road_Description":"10-N","Roadway_Name":"10-N","Intersecting_Roadway_Name":null,"Landmark_Description":null,"Distance_From_Nearest_Landmark":null,"Unit_Of_Measure_From_Nearest_Landmark":null,"Direction_From_Nearest_Landmark":null,"Latitude_1":41.289977,"Longitude_1":-72.940248999999994,"First_Harmful_Event":9,"First_Harmful_Event_Text_Format":"Pedestrian","Manner_of_Crash___Collision_Impact":88,"Manner_of_Crash___Collision_Impact_Text_Format":"Not Applicable","Location_of_First_Harmful_Event":1,"Location_of_First_Harmful_Event_Text_Format":"On Roadway","Weather_Condition":1,"Weather_Condition_Text_Format":"Clear","Weather_2":88,"Weather_2_Text_Format":"Not Applicable","Light_Condition":4,"Light_Condition_Text_Format":"Dark-Lighted","Road_Surface_Condition":1,"Road_Surface_Condition_Text_Format":"Dry","Contributing_Circumstances__Environment":0,"Contributing_Circumstances__Environment_Text_Format":"None","Environment_2":88,"Environment_2_Text_Format":"Not Applicable","Environment_3":88,"Environment_3_Text_Format":"Not Applicable","Contributing_Circumstances__Road":99,"Contributing_Circumstances__Road_Text_Format":"Unknown","Road_2":88,"Road_2_Text_Format":"Not Applicable","Road_3":88,"Road_3_Text_Format":"Not Applicable","Crash_Specific_Location":2,"Crash_Specific_Location_Text_Format":"Intersection","Type_of_Intersection":3,"Type_of_Intersection_Text_Format":"T-Intersection","School_Bus_Related":1,"School_Bus_Related_Text_Format":"No","Work_Zone_Related":1,"Work_Zone_Related_Text_Format":"No","Location_Of_Crash_Relative_To_Work_Zone":88,"Location_Of_Crash_Relative_To_Work_Zone_Text_Format":"Not Applicable","Type_of_Work_Zone":88,"Type_of_Work_Zone_Text_Format":"Not Applicable","Worker_Presence":88,"Worker_Presence_Text_Format":"Not Applicable","Law_Enforcement_Presence":88,"Law_Enforcement_Presence_Text_Format":"Not Applicable","Were_Vehicles_Moved_Prior_To_Police_Arrival":"FALSE","Trafficway_Ownership":1,"Trafficway_Ownership_Text_Format":"Public Road","Trafficway_Class":1,"Trafficway_Class_Text_Format":"Trafficway, On Road","Police_Agency":"CT0009300","Police_Agency_Text_Format":"New Haven PD","Badge_Number":40819,"Approval_Date":"00:09.0","Police_Case_Status":"O","Police_Case_Status_Text_Format":"Open","Crash_Report_Submission_Date":"52:05.0","Related_Case_Identifiers":null,"No__of_Through_Lanes__Log_Dir__":4,"Average_Daily_Traffic":17900,"Functional_Classification":3,"Functional_Classification_Text_Format":"PRINCIPAL ARTERIAL - OTHER - NEW HPMS","Rural_or_Urban":2,"Rural_or_Urban_Text_Format":"Urban","CrashSeverityClass":2,"SevereCrashIndicator":1,"CrashId_12_13":null,"VehicleId":null,"PersonId":2,"Age":65,"Gender":1,"Gender_Text_Format":"Male","State":"CT","Postal_Code":6519,"Injury_Status":"K","Condition_at_Time_of_Crash":99,"Condition_at_Time_of_Crash_Text_Format":"Unknown","Condition_at_Time_of_Crash2":99,"Condition_at_Time_of_Crash2_Text_Format":"Unknown","Action_Taken_by_Officer":0,"Action_Taken_by_Officer_Text_Format":"None taken","Alcohol_Test_Status":1,"Alcohol_Test_Status_Text_Format":"Test Not Given","Type_Of_Alcohol_Test":88,"Type_Of_Alcohol_Test_Text_Format":"Not Applicable","Drug_Test_Status":1,"Drug_Test_Status_Text_Format":"Test Not Given","Type_Of_Drig_Test":88,"Type_Of_Drig_Test_Text_Format":"Not Applicable","Ejection_Status":null,"Ejection_Status_Text_Format":null,"Restraint_System":null,"Restraint_System_Text_Format":null,"Helmet_Use":null,"Helmet_Use_Text_Format":null,"Air_Bag_Status":null,"Air_Bag_Status_Text_Format":null,"Speeding_Related":null,"Speeding_Related_Text_Format":null,"Driver_Actions_1":null,"Driver_Actions_1_Text_Format":null,"Driver_Actions_2":null,"Driver_Actions_2_Text_Format":null,"Driver_Actions_3":null,"Driver_Actions_3_Text_Format":null,"Driver_Actions_4":null,"Driver_Actions_4_Text_Format":null,"Driver_Distracted_By":null,"Driver_Distracted_By_Text_Format":null,"Roadway_On_Which_Nonmotorist_Was_Traveling_Located":"GRASSO BLVD","Direction_nonmotorist_was_traveling":"E","Direction_Unknown":0,"Striking_Motor_Vehicle_ID":1,"Bicycle_ID":null,"Non_Motorist_Not_In_Roadway":0,"Actions_or_Circumstances_Prior_to_Crash":1,"Actions_or_Circumstances_Prior_to_Crash_Text_Format":"Crossing Roadway","To_or_From_School":1,"To_or_From_School_Text_Format":"No","Actions_or_Circumstances_At_Time_Of_Crash":99,"Actions_or_Circumstances_At_Time_Of_Crash_Text_Format":"Unknown","Actions_or_Circumstances_At_Time_Of_Crash2":88,"Actions_or_Circumstances_At_Time_Of_Crash2_Text_Format":"Not Applicable","Location_At_Time_Of_Crash":3,"Location_At_Time_Of_Crash_Text_Format":"Intersection – Other","Safety_Equipment":0,"Safety_Equipment_Text_Format":"None","Safety_Equipment2":88,"Safety_Equipment2_Text_Format":"Not Applicable","Non_motorist_Distracted_By":99,"Non_motorist_Distracted_By_Text_Format":"Unknown if Distracted","Seating_Position":null,"Seating_Position_Text_Format":null,"Seating_Position_for_Bus":null,"City":"NEW HAVEN","Country":"UnitedStates","Driver_License_Jurisdiction":99,"Driver_License_Jurisdiction_Text_Format":"Unknown","Drivers_License_Issued_By":"CT","Drivers_License_Class":null,"Commercial_License_Class":null,"Commercial_License_Class_Text_Format":null,"Transported_to_First_Medical_Facility_By":3,"Transported_to_First_Medical_Facility_By_Text_Format":"EMS Ground","Name_of_the_EMS_agency":"AMER MED RESPONSE","Name_of_the_Intended_Receiving_Facility":"YALE-NH HOSP","OBJECTID_1":4}},{"type":"Feature","id":5,"geometry":{"type":"Point","coordinates":[938235.32074838877,681904.93538205326]},"properties":{"OBJECTID":5,"CrashId":886047,"Person_Type":3,"Person_Type_Text_Format":"Pedestrian","Injury_Status_Text_Format":"Fatal Injury (K)","Fatal_Case_Status":1,"Fatal_Case_Status_Text_Format":"Complete","CrashId_1":886047,"CrashId_12":886047,"Latitude":41.3324,"Longitude":-72.975007000000005,"DOT_Case_Number":921074,"Town_Name":"New Haven","Town_Number":93,"Town_Number_1":93,"Town_Number_Text_Format":"New Haven","Date_Of_Crash":"2021-04-30","Year":2021,"Month":4,"Month_Text_Format":"April","Day":30,"Day_of_the_Week":6,"Day_of_the_Week_Text_Format":"Friday","Time_of_Crash":"5:39:00","Hour_of_the_Day":5,"Case_Identifier":21015919,"Crash_Severity":"K","Crash_Severity_Text_Format":"Fatal (Kill)","Most_Severe_Injury":"K","Most_Severe_Injury_Text_Format":"Fatal Injury (K)","Number_Of_Motor_Vehicles":1,"Number_Of_Non_Motorist":1,"Number_Of_Witnesses":1,"Route_Class":3,"Route_Class_Text_Format":"State","Milemarker":1.1200000000000001,"Road_Number":63,"Road_Description":"63-N","Roadway_Name":"63-N","Intersecting_Roadway_Name":"EAST RAMSDELL ST","Landmark_Description":null,"Distance_From_Nearest_Landmark":null,"Unit_Of_Measure_From_Nearest_Landmark":null,"Direction_From_Nearest_Landmark":null,"Latitude_1":41.3324,"Longitude_1":-72.975007000000005,"First_Harmful_Event":9,"First_Harmful_Event_Text_Format":"Pedestrian","Manner_of_Crash___Collision_Impact":88,"Manner_of_Crash___Collision_Impact_Text_Format":"Not Applicable","Location_of_First_Harmful_Event":1,"Location_of_First_Harmful_Event_Text_Format":"On Roadway","Weather_Condition":1,"Weather_Condition_Text_Format":"Clear","Weather_2":88,"Weather_2_Text_Format":"Not Applicable","Light_Condition":2,"Light_Condition_Text_Format":"Dawn","Road_Surface_Condition":1,"Road_Surface_Condition_Text_Format":"Dry","Contributing_Circumstances__Environment":0,"Contributing_Circumstances__Environment_Text_Format":"None","Environment_2":88,"Environment_2_Text_Format":"Not Applicable","Environment_3":88,"Environment_3_Text_Format":"Not Applicable","Contributing_Circumstances__Road":0,"Contributing_Circumstances__Road_Text_Format":"None","Road_2":88,"Road_2_Text_Format":"Not Applicable","Road_3":88,"Road_3_Text_Format":"Not Applicable","Crash_Specific_Location":2,"Crash_Specific_Location_Text_Format":"Intersection","Type_of_Intersection":2,"Type_of_Intersection_Text_Format":"Four-Way Intersection","School_Bus_Related":1,"School_Bus_Related_Text_Format":"No","Work_Zone_Related":1,"Work_Zone_Related_Text_Format":"No","Location_Of_Crash_Relative_To_Work_Zone":88,"Location_Of_Crash_Relative_To_Work_Zone_Text_Format":"Not Applicable","Type_of_Work_Zone":88,"Type_of_Work_Zone_Text_Format":"Not Applicable","Worker_Presence":88,"Worker_Presence_Text_Format":"Not Applicable","Law_Enforcement_Presence":88,"Law_Enforcement_Presence_Text_Format":"Not Applicable","Were_Vehicles_Moved_Prior_To_Police_Arrival":"TRUE","Trafficway_Ownership":1,"Trafficway_Ownership_Text_Format":"Public Road","Trafficway_Class":1,"Trafficway_Class_Text_Format":"Trafficway, On Road","Police_Agency":"CT0009300","Police_Agency_Text_Format":"New Haven PD","Badge_Number":40794,"Approval_Date":"55:59.0","Police_Case_Status":"O","Police_Case_Status_Text_Format":"Open","Crash_Report_Submission_Date":"54:43.0","Related_Case_Identifiers":null,"No__of_Through_Lanes__Log_Dir__":4,"Average_Daily_Traffic":22900,"Functional_Classification":3,"Functional_Classification_Text_Format":"PRINCIPAL ARTERIAL - OTHER - NEW HPMS","Rural_or_Urban":2,"Rural_or_Urban_Text_Format":"Urban","CrashSeverityClass":2,"SevereCrashIndicator":1,"CrashId_12_13":null,"VehicleId":null,"PersonId":2,"Age":60,"Gender":1,"Gender_Text_Format":"Male","State":"CT","Postal_Code":null,"Injury_Status":"K","Condition_at_Time_of_Crash":99,"Condition_at_Time_of_Crash_Text_Format":"Unknown","Condition_at_Time_of_Crash2":99,"Condition_at_Time_of_Crash2_Text_Format":"Unknown","Action_Taken_by_Officer":0,"Action_Taken_by_Officer_Text_Format":"None taken","Alcohol_Test_Status":1,"Alcohol_Test_Status_Text_Format":"Test Not Given","Type_Of_Alcohol_Test":88,"Type_Of_Alcohol_Test_Text_Format":"Not Applicable","Drug_Test_Status":1,"Drug_Test_Status_Text_Format":"Test Not Given","Type_Of_Drig_Test":88,"Type_Of_Drig_Test_Text_Format":"Not Applicable","Ejection_Status":null,"Ejection_Status_Text_Format":null,"Restraint_System":null,"Restraint_System_Text_Format":null,"Helmet_Use":null,"Helmet_Use_Text_Format":null,"Air_Bag_Status":null,"Air_Bag_Status_Text_Format":null,"Speeding_Related":null,"Speeding_Related_Text_Format":null,"Driver_Actions_1":null,"Driver_Actions_1_Text_Format":null,"Driver_Actions_2":null,"Driver_Actions_2_Text_Format":null,"Driver_Actions_3":null,"Driver_Actions_3_Text_Format":null,"Driver_Actions_4":null,"Driver_Actions_4_Text_Format":null,"Driver_Distracted_By":null,"Driver_Distracted_By_Text_Format":null,"Roadway_On_Which_Nonmotorist_Was_Traveling_Located":"WHALLEY AVE","Direction_nonmotorist_was_traveling":null,"Direction_Unknown":1,"Striking_Motor_Vehicle_ID":1,"Bicycle_ID":null,"Non_Motorist_Not_In_Roadway":0,"Actions_or_Circumstances_Prior_to_Crash":1,"Actions_or_Circumstances_Prior_to_Crash_Text_Format":"Crossing Roadway","To_or_From_School":99,"To_or_From_School_Text_Format":"Unknown","Actions_or_Circumstances_At_Time_Of_Crash":5,"Actions_or_Circumstances_At_Time_Of_Crash_Text_Format":"In Roadway Improperly (Standing, Lying, Working, Playing)","Actions_or_Circumstances_At_Time_Of_Crash2":88,"Actions_or_Circumstances_At_Time_Of_Crash2_Text_Format":"Not Applicable","Location_At_Time_Of_Crash":97,"Location_At_Time_Of_Crash_Text_Format":"Other","Safety_Equipment":0,"Safety_Equipment_Text_Format":"None","Safety_Equipment2":88,"Safety_Equipment2_Text_Format":"Not Applicable","Non_motorist_Distracted_By":99,"Non_motorist_Distracted_By_Text_Format":"Unknown if Distracted","Seating_Position":null,"Seating_Position_Text_Format":null,"Seating_Position_for_Bus":null,"City":"New Haven","Country":"UnitedStates","Driver_License_Jurisdiction":null,"Driver_License_Jurisdiction_Text_Format":null,"Drivers_License_Issued_By":null,"Drivers_License_Class":null,"Commercial_License_Class":null,"Commercial_License_Class_Text_Format":null,"Transported_to_First_Medical_Facility_By":3,"Transported_to_First_Medical_Facility_By_Text_Format":"EMS Ground","Name_of_the_EMS_agency":"AMER MED RESPONSE","Name_of_the_Intended_Receiving_Facility":"YALE-NH HOSP","OBJECTID_1":5}},{"type":"Feature","id":6,"geometry":{"type":"Point","coordinates":[949139.64408405125,682425.91826397181]},"properties":{"OBJECTID":6,"CrashId":886342,"Person_Type":2,"Person_Type_Text_Format":"Passenger","Injury_Status_Text_Format":"Fatal Injury (K)","Fatal_Case_Status":1,"Fatal_Case_Status_Text_Format":"Complete","CrashId_1":886342,"CrashId_12":886342,"Latitude":41.333866,"Longitude":-72.935182999999995,"DOT_Case_Number":921108,"Town_Name":"New Haven","Town_Number":93,"Town_Number_1":93,"Town_Number_Text_Format":"New Haven","Date_Of_Crash":"2021-05-13","Year":2021,"Month":5,"Month_Text_Format":"May","Day":13,"Day_of_the_Week":5,"Day_of_the_Week_Text_Format":"Thursday","Time_of_Crash":"22:19:00","Hour_of_the_Day":22,"Case_Identifier":21017848,"Crash_Severity":"K","Crash_Severity_Text_Format":"Fatal (Kill)","Most_Severe_Injury":"K","Most_Severe_Injury_Text_Format":"Fatal Injury (K)","Number_Of_Motor_Vehicles":2,"Number_Of_Non_Motorist":0,"Number_Of_Witnesses":3,"Route_Class":4,"Route_Class_Text_Format":"Local","Milemarker":1.48,"Road_Number":152,"Road_Description":"DIXWELL AV","Roadway_Name":"DIXWELL AV","Intersecting_Roadway_Name":null,"Landmark_Description":"DORMAN STREET","Distance_From_Nearest_Landmark":150,"Unit_Of_Measure_From_Nearest_Landmark":"Feet","Direction_From_Nearest_Landmark":"N","Latitude_1":41.333866,"Longitude_1":-72.935182999999995,"First_Harmful_Event":14,"First_Harmful_Event_Text_Format":"Motor Vehicle in Operation","Manner_of_Crash___Collision_Impact":97,"Manner_of_Crash___Collision_Impact_Text_Format":"Other","Location_of_First_Harmful_Event":1,"Location_of_First_Harmful_Event_Text_Format":"On Roadway","Weather_Condition":1,"Weather_Condition_Text_Format":"Clear","Weather_2":88,"Weather_2_Text_Format":"Not Applicable","Light_Condition":4,"Light_Condition_Text_Format":"Dark-Lighted","Road_Surface_Condition":1,"Road_Surface_Condition_Text_Format":"Dry","Contributing_Circumstances__Environment":99,"Contributing_Circumstances__Environment_Text_Format":"Unknown","Environment_2":88,"Environment_2_Text_Format":"Not Applicable","Environment_3":88,"Environment_3_Text_Format":"Not Applicable","Contributing_Circumstances__Road":99,"Contributing_Circumstances__Road_Text_Format":"Unknown","Road_2":88,"Road_2_Text_Format":"Not Applicable","Road_3":88,"Road_3_Text_Format":"Not Applicable","Crash_Specific_Location":1,"Crash_Specific_Location_Text_Format":"Non-Junction","Type_of_Intersection":1,"Type_of_Intersection_Text_Format":"Not at Intersection","School_Bus_Related":1,"School_Bus_Related_Text_Format":"No","Work_Zone_Related":1,"Work_Zone_Related_Text_Format":"No","Location_Of_Crash_Relative_To_Work_Zone":88,"Location_Of_Crash_Relative_To_Work_Zone_Text_Format":"Not Applicable","Type_of_Work_Zone":88,"Type_of_Work_Zone_Text_Format":"Not Applicable","Worker_Presence":88,"Worker_Presence_Text_Format":"Not Applicable","Law_Enforcement_Presence":88,"Law_Enforcement_Presence_Text_Format":"Not Applicable","Were_Vehicles_Moved_Prior_To_Police_Arrival":"FALSE","Trafficway_Ownership":1,"Trafficway_Ownership_Text_Format":"Public Road","Trafficway_Class":1,"Trafficway_Class_Text_Format":"Trafficway, On Road","Police_Agency":"CT0009300","Police_Agency_Text_Format":"New Haven PD","Badge_Number":42042,"Approval_Date":"06:51.0","Police_Case_Status":"O","Police_Case_Status_Text_Format":"Open","Crash_Report_Submission_Date":"56:23.0","Related_Case_Identifiers":null,"No__of_Through_Lanes__Log_Dir__":2,"Average_Daily_Traffic":15300,"Functional_Classification":3,"Functional_Classification_Text_Format":"PRINCIPAL ARTERIAL - OTHER - NEW HPMS","Rural_or_Urban":2,"Rural_or_Urban_Text_Format":"Urban","CrashSeverityClass":2,"SevereCrashIndicator":1,"CrashId_12_13":null,"VehicleId":2,"PersonId":8,"Age":null,"Gender":2,"Gender_Text_Format":"Female","State":"CT","Postal_Code":6511,"Injury_Status":"K","Condition_at_Time_of_Crash":null,"Condition_at_Time_of_Crash_Text_Format":null,"Condition_at_Time_of_Crash2":null,"Condition_at_Time_of_Crash2_Text_Format":null,"Action_Taken_by_Officer":null,"Action_Taken_by_Officer_Text_Format":null,"Alcohol_Test_Status":null,"Alcohol_Test_Status_Text_Format":null,"Type_Of_Alcohol_Test":null,"Type_Of_Alcohol_Test_Text_Format":null,"Drug_Test_Status":null,"Drug_Test_Status_Text_Format":null,"Type_Of_Drig_Test":null,"Type_Of_Drig_Test_Text_Format":null,"Ejection_Status":88,"Ejection_Status_Text_Format":"Not Applicable","Restraint_System":88,"Restraint_System_Text_Format":"Not Applicable","Helmet_Use":1,"Helmet_Use_Text_Format":"No Helmet","Air_Bag_Status":88,"Air_Bag_Status_Text_Format":"Not applicable","Speeding_Related":null,"Speeding_Related_Text_Format":null,"Driver_Actions_1":null,"Driver_Actions_1_Text_Format":null,"Driver_Actions_2":null,"Driver_Actions_2_Text_Format":null,"Driver_Actions_3":null,"Driver_Actions_3_Text_Format":null,"Driver_Actions_4":null,"Driver_Actions_4_Text_Format":null,"Driver_Distracted_By":null,"Driver_Distracted_By_Text_Format":null,"Roadway_On_Which_Nonmotorist_Was_Traveling_Located":null,"Direction_nonmotorist_was_traveling":null,"Direction_Unknown":null,"Striking_Motor_Vehicle_ID":null,"Bicycle_ID":null,"Non_Motorist_Not_In_Roadway":null,"Actions_or_Circumstances_Prior_to_Crash":null,"Actions_or_Circumstances_Prior_to_Crash_Text_Format":null,"To_or_From_School":null,"To_or_From_School_Text_Format":null,"Actions_or_Circumstances_At_Time_Of_Crash":null,"Actions_or_Circumstances_At_Time_Of_Crash_Text_Format":null,"Actions_or_Circumstances_At_Time_Of_Crash2":null,"Actions_or_Circumstances_At_Time_Of_Crash2_Text_Format":null,"Location_At_Time_Of_Crash":null,"Location_At_Time_Of_Crash_Text_Format":null,"Safety_Equipment":null,"Safety_Equipment_Text_Format":null,"Safety_Equipment2":null,"Safety_Equipment2_Text_Format":null,"Non_motorist_Distracted_By":null,"Non_motorist_Distracted_By_Text_Format":null,"Seating_Position":21,"Seating_Position_Text_Format":"Second Row, Left\u00A0Seat","Seating_Position_for_Bus":null,"City":"New Haven","Country":null,"Driver_License_Jurisdiction":null,"Driver_License_Jurisdiction_Text_Format":null,"Drivers_License_Issued_By":null,"Drivers_License_Class":null,"Commercial_License_Class":null,"Commercial_License_Class_Text_Format":null,"Transported_to_First_Medical_Facility_By":3,"Transported_to_First_Medical_Facility_By_Text_Format":"EMS Ground","Name_of_the_EMS_agency":"AMR Med Response","Name_of_the_Intended_Receiving_Facility":"Yale-NH Hosp","OBJECTID_1":6}},{"type":"Feature","id":7,"geometry":{"type":"Point","coordinates":[958203.518672809,673181.54305197299]},"properties":{"OBJECTID":7,"CrashId":886499,"Person_Type":3,"Person_Type_Text_Format":"Pedestrian","Injury_Status_Text_Format":"Fatal Injury (K)","Fatal_Case_Status":1,"Fatal_Case_Status_Text_Format":"Complete","CrashId_1":886499,"CrashId_12":886499,"Latitude":41.308550330000003,"Longitude":-72.901953820000003,"DOT_Case_Number":921091,"Town_Name":"New Haven","Town_Number":93,"Town_Number_1":93,"Town_Number_Text_Format":"New Haven","Date_Of_Crash":"2021-05-22","Year":2021,"Month":5,"Month_Text_Format":"May","Day":22,"Day_of_the_Week":7,"Day_of_the_Week_Text_Format":"Saturday","Time_of_Crash":"21:51:00","Hour_of_the_Day":21,"Case_Identifier":21018995,"Crash_Severity":"K","Crash_Severity_Text_Format":"Fatal (Kill)","Most_Severe_Injury":"K","Most_Severe_Injury_Text_Format":"Fatal Injury (K)","Number_Of_Motor_Vehicles":1,"Number_Of_Non_Motorist":1,"Number_Of_Witnesses":0,"Route_Class":4,"Route_Class_Text_Format":"Local","Milemarker":0.84999999999999998,"Road_Number":null,"Road_Description":"GRAND AV","Roadway_Name":"GRAND AVE","Intersecting_Roadway_Name":null,"Landmark_Description":"MALBY PL","Distance_From_Nearest_Landmark":25,"Unit_Of_Measure_From_Nearest_Landmark":"Feet","Direction_From_Nearest_Landmark":"E","Latitude_1":41.308550330000003,"Longitude_1":-72.901953820000003,"First_Harmful_Event":9,"First_Harmful_Event_Text_Format":"Pedestrian","Manner_of_Crash___Collision_Impact":88,"Manner_of_Crash___Collision_Impact_Text_Format":"Not Applicable","Location_of_First_Harmful_Event":1,"Location_of_First_Harmful_Event_Text_Format":"On Roadway","Weather_Condition":1,"Weather_Condition_Text_Format":"Clear","Weather_2":88,"Weather_2_Text_Format":"Not Applicable","Light_Condition":4,"Light_Condition_Text_Format":"Dark-Lighted","Road_Surface_Condition":1,"Road_Surface_Condition_Text_Format":"Dry","Contributing_Circumstances__Environment":0,"Contributing_Circumstances__Environment_Text_Format":"None","Environment_2":88,"Environment_2_Text_Format":"Not Applicable","Environment_3":88,"Environment_3_Text_Format":"Not Applicable","Contributing_Circumstances__Road":0,"Contributing_Circumstances__Road_Text_Format":"None","Road_2":88,"Road_2_Text_Format":"Not Applicable","Road_3":88,"Road_3_Text_Format":"Not Applicable","Crash_Specific_Location":3,"Crash_Specific_Location_Text_Format":"Intersection-Related","Type_of_Intersection":3,"Type_of_Intersection_Text_Format":"T-Intersection","School_Bus_Related":1,"School_Bus_Related_Text_Format":"No","Work_Zone_Related":1,"Work_Zone_Related_Text_Format":"No","Location_Of_Crash_Relative_To_Work_Zone":88,"Location_Of_Crash_Relative_To_Work_Zone_Text_Format":"Not Applicable","Type_of_Work_Zone":88,"Type_of_Work_Zone_Text_Format":"Not Applicable","Worker_Presence":88,"Worker_Presence_Text_Format":"Not Applicable","Law_Enforcement_Presence":88,"Law_Enforcement_Presence_Text_Format":"Not Applicable","Were_Vehicles_Moved_Prior_To_Police_Arrival":"FALSE","Trafficway_Ownership":1,"Trafficway_Ownership_Text_Format":"Public Road","Trafficway_Class":1,"Trafficway_Class_Text_Format":"Trafficway, On Road","Police_Agency":"CT0009300","Police_Agency_Text_Format":"New Haven PD","Badge_Number":971,"Approval_Date":"27:12.0","Police_Case_Status":"O","Police_Case_Status_Text_Format":"Open","Crash_Report_Submission_Date":"57:05.0","Related_Case_Identifiers":"21018995","No__of_Through_Lanes__Log_Dir__":2,"Average_Daily_Traffic":14400,"Functional_Classification":4,"Functional_Classification_Text_Format":"MINOR ARTERIAL - NEW HPMS","Rural_or_Urban":2,"Rural_or_Urban_Text_Format":"Urban","CrashSeverityClass":2,"SevereCrashIndicator":1,"CrashId_12_13":null,"VehicleId":null,"PersonId":2,"Age":66,"Gender":1,"Gender_Text_Format":"Male","State":"CT","Postal_Code":6513,"Injury_Status":"K","Condition_at_Time_of_Crash":2,"Condition_at_Time_of_Crash_Text_Format":"Physically Impaired","Condition_at_Time_of_Crash2":2,"Condition_at_Time_of_Crash2_Text_Format":"Physically Impaired","Action_Taken_by_Officer":0,"Action_Taken_by_Officer_Text_Format":"None taken","Alcohol_Test_Status":1,"Alcohol_Test_Status_Text_Format":"Test Not Given","Type_Of_Alcohol_Test":88,"Type_Of_Alcohol_Test_Text_Format":"Not Applicable","Drug_Test_Status":1,"Drug_Test_Status_Text_Format":"Test Not Given","Type_Of_Drig_Test":88,"Type_Of_Drig_Test_Text_Format":"Not Applicable","Ejection_Status":null,"Ejection_Status_Text_Format":null,"Restraint_System":null,"Restraint_System_Text_Format":null,"Helmet_Use":null,"Helmet_Use_Text_Format":null,"Air_Bag_Status":null,"Air_Bag_Status_Text_Format":null,"Speeding_Related":null,"Speeding_Related_Text_Format":null,"Driver_Actions_1":null,"Driver_Actions_1_Text_Format":null,"Driver_Actions_2":null,"Driver_Actions_2_Text_Format":null,"Driver_Actions_3":null,"Driver_Actions_3_Text_Format":null,"Driver_Actions_4":null,"Driver_Actions_4_Text_Format":null,"Driver_Distracted_By":null,"Driver_Distracted_By_Text_Format":null,"Roadway_On_Which_Nonmotorist_Was_Traveling_Located":"GRAND AVE","Direction_nonmotorist_was_traveling":null,"Direction_Unknown":1,"Striking_Motor_Vehicle_ID":2,"Bicycle_ID":null,"Non_Motorist_Not_In_Roadway":0,"Actions_or_Circumstances_Prior_to_Crash":1,"Actions_or_Circumstances_Prior_to_Crash_Text_Format":"Crossing Roadway","To_or_From_School":1,"To_or_From_School_Text_Format":"No","Actions_or_Circumstances_At_Time_Of_Crash":3,"Actions_or_Circumstances_At_Time_Of_Crash_Text_Format":"Failure to Yield Right-Of-Way","Actions_or_Circumstances_At_Time_Of_Crash2":88,"Actions_or_Circumstances_At_Time_Of_Crash2_Text_Format":"Not Applicable","Location_At_Time_Of_Crash":5,"Location_At_Time_Of_Crash_Text_Format":"Travel Lane-Other Location","Safety_Equipment":0,"Safety_Equipment_Text_Format":"None","Safety_Equipment2":88,"Safety_Equipment2_Text_Format":"Not Applicable","Non_motorist_Distracted_By":1,"Non_motorist_Distracted_By_Text_Format":"Not Distracted","Seating_Position":null,"Seating_Position_Text_Format":null,"Seating_Position_for_Bus":null,"City":"New Haven","Country":"UnitedStates","Driver_License_Jurisdiction":1,"Driver_License_Jurisdiction_Text_Format":"Not Licensed","Drivers_License_Issued_By":null,"Drivers_License_Class":null,"Commercial_License_Class":null,"Commercial_License_Class_Text_Format":null,"Transported_to_First_Medical_Facility_By":3,"Transported_to_First_Medical_Facility_By_Text_Format":"EMS Ground","Name_of_the_EMS_agency":"AMER MED RESPONSE","Name_of_the_Intended_Receiving_Facility":"YALE-NH HOSP","OBJECTID_1":7}},{"type":"Feature","id":8,"geometry":{"type":"Point","coordinates":[943996.59433080256,674989.94199422002]},"properties":{"OBJECTID":8,"CrashId":886954,"Person_Type":1,"Person_Type_Text_Format":"Driver","Injury_Status_Text_Format":"Fatal Injury (K)","Fatal_Case_Status":1,"Fatal_Case_Status_Text_Format":"Complete","CrashId_1":886954,"CrashId_12":886954,"Latitude":41.31335,"Longitude":-72.953772000000001,"DOT_Case_Number":921130,"Town_Name":"New Haven","Town_Number":93,"Town_Number_1":93,"Town_Number_Text_Format":"New Haven","Date_Of_Crash":"2021-06-13","Year":2021,"Month":6,"Month_Text_Format":"June","Day":13,"Day_of_the_Week":1,"Day_of_the_Week_Text_Format":"Sunday","Time_of_Crash":"9:17:00","Hour_of_the_Day":9,"Case_Identifier":21021849,"Crash_Severity":"K","Crash_Severity_Text_Format":"Fatal (Kill)","Most_Severe_Injury":"K","Most_Severe_Injury_Text_Format":"Fatal Injury (K)","Number_Of_Motor_Vehicles":1,"Number_Of_Non_Motorist":0,"Number_Of_Witnesses":1,"Route_Class":4,"Route_Class_Text_Format":"Local","Milemarker":3.3199999999999998,"Road_Number":97,"Road_Description":"CHAPEL ST","Roadway_Name":"CHAPEL ST","Intersecting_Roadway_Name":null,"Landmark_Description":"ELLA T GRASSO BLVD","Distance_From_Nearest_Landmark":450,"Unit_Of_Measure_From_Nearest_Landmark":"Feet","Direction_From_Nearest_Landmark":"W","Latitude_1":41.31335,"Longitude_1":-72.953772000000001,"First_Harmful_Event":33,"First_Harmful_Event_Text_Format":"Utility Pole/Light Support","Manner_of_Crash___Collision_Impact":88,"Manner_of_Crash___Collision_Impact_Text_Format":"Not Applicable","Location_of_First_Harmful_Event":4,"Location_of_First_Harmful_Event_Text_Format":"Roadside","Weather_Condition":1,"Weather_Condition_Text_Format":"Clear","Weather_2":88,"Weather_2_Text_Format":"Not Applicable","Light_Condition":1,"Light_Condition_Text_Format":"Daylight","Road_Surface_Condition":1,"Road_Surface_Condition_Text_Format":"Dry","Contributing_Circumstances__Environment":99,"Contributing_Circumstances__Environment_Text_Format":"Unknown","Environment_2":88,"Environment_2_Text_Format":"Not Applicable","Environment_3":88,"Environment_3_Text_Format":"Not Applicable","Contributing_Circumstances__Road":0,"Contributing_Circumstances__Road_Text_Format":"None","Road_2":88,"Road_2_Text_Format":"Not Applicable","Road_3":88,"Road_3_Text_Format":"Not Applicable","Crash_Specific_Location":1,"Crash_Specific_Location_Text_Format":"Non-Junction","Type_of_Intersection":1,"Type_of_Intersection_Text_Format":"Not at Intersection","School_Bus_Related":1,"School_Bus_Related_Text_Format":"No","Work_Zone_Related":1,"Work_Zone_Related_Text_Format":"No","Location_Of_Crash_Relative_To_Work_Zone":88,"Location_Of_Crash_Relative_To_Work_Zone_Text_Format":"Not Applicable","Type_of_Work_Zone":88,"Type_of_Work_Zone_Text_Format":"Not Applicable","Worker_Presence":88,"Worker_Presence_Text_Format":"Not Applicable","Law_Enforcement_Presence":88,"Law_Enforcement_Presence_Text_Format":"Not Applicable","Were_Vehicles_Moved_Prior_To_Police_Arrival":"FALSE","Trafficway_Ownership":88,"Trafficway_Ownership_Text_Format":"Not Applicable","Trafficway_Class":1,"Trafficway_Class_Text_Format":"Trafficway, On Road","Police_Agency":"CT0009300","Police_Agency_Text_Format":"New Haven PD","Badge_Number":332,"Approval_Date":"22:01.0","Police_Case_Status":"O","Police_Case_Status_Text_Format":"Open","Crash_Report_Submission_Date":"00:11.0","Related_Case_Identifiers":"21021849","No__of_Through_Lanes__Log_Dir__":2,"Average_Daily_Traffic":4100,"Functional_Classification":5,"Functional_Classification_Text_Format":"MAJOR COLLECTOR - NEW HPMS","Rural_or_Urban":2,"Rural_or_Urban_Text_Format":"Urban","CrashSeverityClass":2,"SevereCrashIndicator":1,"CrashId_12_13":null,"VehicleId":1,"PersonId":1,"Age":31,"Gender":1,"Gender_Text_Format":"Male","State":"CT","Postal_Code":6514,"Injury_Status":"K","Condition_at_Time_of_Crash":99,"Condition_at_Time_of_Crash_Text_Format":"Unknown","Condition_at_Time_of_Crash2":null,"Condition_at_Time_of_Crash2_Text_Format":null,"Action_Taken_by_Officer":0,"Action_Taken_by_Officer_Text_Format":"None taken","Alcohol_Test_Status":1,"Alcohol_Test_Status_Text_Format":"Test Not Given","Type_Of_Alcohol_Test":88,"Type_Of_Alcohol_Test_Text_Format":"Not Applicable","Drug_Test_Status":1,"Drug_Test_Status_Text_Format":"Test Not Given","Type_Of_Drig_Test":88,"Type_Of_Drig_Test_Text_Format":"Not Applicable","Ejection_Status":3,"Ejection_Status_Text_Format":"Ejected, Totally","Restraint_System":99,"Restraint_System_Text_Format":"Unknown","Helmet_Use":88,"Helmet_Use_Text_Format":"Not Applicable","Air_Bag_Status":2,"Air_Bag_Status_Text_Format":"Deployed-Front","Speeding_Related":3,"Speeding_Related_Text_Format":"Exceeded Speed Limit","Driver_Actions_1":99,"Driver_Actions_1_Text_Format":"Unknown","Driver_Actions_2":88,"Driver_Actions_2_Text_Format":"Not Applicable","Driver_Actions_3":88,"Driver_Actions_3_Text_Format":"Not Applicable","Driver_Actions_4":88,"Driver_Actions_4_Text_Format":"Not Applicable","Driver_Distracted_By":99,"Driver_Distracted_By_Text_Format":"Unknown if Distracted","Roadway_On_Which_Nonmotorist_Was_Traveling_Located":null,"Direction_nonmotorist_was_traveling":null,"Direction_Unknown":null,"Striking_Motor_Vehicle_ID":null,"Bicycle_ID":null,"Non_Motorist_Not_In_Roadway":null,"Actions_or_Circumstances_Prior_to_Crash":null,"Actions_or_Circumstances_Prior_to_Crash_Text_Format":null,"To_or_From_School":null,"To_or_From_School_Text_Format":null,"Actions_or_Circumstances_At_Time_Of_Crash":null,"Actions_or_Circumstances_At_Time_Of_Crash_Text_Format":null,"Actions_or_Circumstances_At_Time_Of_Crash2":null,"Actions_or_Circumstances_At_Time_Of_Crash2_Text_Format":null,"Location_At_Time_Of_Crash":null,"Location_At_Time_Of_Crash_Text_Format":null,"Safety_Equipment":null,"Safety_Equipment_Text_Format":null,"Safety_Equipment2":null,"Safety_Equipment2_Text_Format":null,"Non_motorist_Distracted_By":null,"Non_motorist_Distracted_By_Text_Format":null,"Seating_Position":11,"Seating_Position_Text_Format":"First Row, Left\u00A0Seat","Seating_Position_for_Bus":null,"City":"Hamden","Country":"UnitedStates","Driver_License_Jurisdiction":2,"Driver_License_Jurisdiction_Text_Format":"State","Drivers_License_Issued_By":"CT","Drivers_License_Class":0,"Commercial_License_Class":1,"Commercial_License_Class_Text_Format":"No","Transported_to_First_Medical_Facility_By":3,"Transported_to_First_Medical_Facility_By_Text_Format":"EMS Ground","Name_of_the_EMS_agency":"AMER MED RESPONSE","Name_of_the_Intended_Receiving_Facility":"YALE-NH HOSP","OBJECTID_1":8}},{"type":"Feature","id":9,"geometry":{"type":"Point","coordinates":[944284.80044730008,678019.57471448183]},"properties":{"OBJECTID":9,"CrashId":887147,"Person_Type":1,"Person_Type_Text_Format":"Driver","Injury_Status_Text_Format":"Fatal Injury (K)","Fatal_Case_Status":1,"Fatal_Case_Status_Text_Format":"Complete","CrashId_1":887147,"CrashId_12":887147,"Latitude":41.321731999999997,"Longitude":-72.952830000000006,"DOT_Case_Number":921148,"Town_Name":"New Haven","Town_Number":93,"Town_Number_1":93,"Town_Number_Text_Format":"New Haven","Date_Of_Crash":"2021-06-26","Year":2021,"Month":6,"Month_Text_Format":"June","Day":26,"Day_of_the_Week":7,"Day_of_the_Week_Text_Format":"Saturday","Time_of_Crash":"1:30:00","Hour_of_the_Day":1,"Case_Identifier":21023437,"Crash_Severity":"K","Crash_Severity_Text_Format":"Fatal (Kill)","Most_Severe_Injury":"K","Most_Severe_Injury_Text_Format":"Fatal Injury (K)","Number_Of_Motor_Vehicles":2,"Number_Of_Non_Motorist":0,"Number_Of_Witnesses":0,"Route_Class":3,"Route_Class_Text_Format":"State","Milemarker":3.2999999999999998,"Road_Number":10,"Road_Description":"10-N","Roadway_Name":"10-N","Intersecting_Roadway_Name":"HUBINGER ST","Landmark_Description":null,"Distance_From_Nearest_Landmark":null,"Unit_Of_Measure_From_Nearest_Landmark":null,"Direction_From_Nearest_Landmark":null,"Latitude_1":41.321731999999997,"Longitude_1":-72.952830000000006,"First_Harmful_Event":14,"First_Harmful_Event_Text_Format":"Motor Vehicle in Operation","Manner_of_Crash___Collision_Impact":99,"Manner_of_Crash___Collision_Impact_Text_Format":"Unknown","Location_of_First_Harmful_Event":1,"Location_of_First_Harmful_Event_Text_Format":"On Roadway","Weather_Condition":1,"Weather_Condition_Text_Format":"Clear","Weather_2":88,"Weather_2_Text_Format":"Not Applicable","Light_Condition":4,"Light_Condition_Text_Format":"Dark-Lighted","Road_Surface_Condition":1,"Road_Surface_Condition_Text_Format":"Dry","Contributing_Circumstances__Environment":0,"Contributing_Circumstances__Environment_Text_Format":"None","Environment_2":88,"Environment_2_Text_Format":"Not Applicable","Environment_3":88,"Environment_3_Text_Format":"Not Applicable","Contributing_Circumstances__Road":0,"Contributing_Circumstances__Road_Text_Format":"None","Road_2":88,"Road_2_Text_Format":"Not Applicable","Road_3":88,"Road_3_Text_Format":"Not Applicable","Crash_Specific_Location":2,"Crash_Specific_Location_Text_Format":"Intersection","Type_of_Intersection":3,"Type_of_Intersection_Text_Format":"T-Intersection","School_Bus_Related":1,"School_Bus_Related_Text_Format":"No","Work_Zone_Related":1,"Work_Zone_Related_Text_Format":"No","Location_Of_Crash_Relative_To_Work_Zone":88,"Location_Of_Crash_Relative_To_Work_Zone_Text_Format":"Not Applicable","Type_of_Work_Zone":88,"Type_of_Work_Zone_Text_Format":"Not Applicable","Worker_Presence":88,"Worker_Presence_Text_Format":"Not Applicable","Law_Enforcement_Presence":88,"Law_Enforcement_Presence_Text_Format":"Not Applicable","Were_Vehicles_Moved_Prior_To_Police_Arrival":"TRUE","Trafficway_Ownership":1,"Trafficway_Ownership_Text_Format":"Public Road","Trafficway_Class":1,"Trafficway_Class_Text_Format":"Trafficway, On Road","Police_Agency":"CT0009300","Police_Agency_Text_Format":"New Haven PD","Badge_Number":82,"Approval_Date":"31:34.0","Police_Case_Status":"O","Police_Case_Status_Text_Format":"Open","Crash_Report_Submission_Date":"02:46.0","Related_Case_Identifiers":null,"No__of_Through_Lanes__Log_Dir__":4,"Average_Daily_Traffic":18000,"Functional_Classification":3,"Functional_Classification_Text_Format":"PRINCIPAL ARTERIAL - OTHER - NEW HPMS","Rural_or_Urban":2,"Rural_or_Urban_Text_Format":"Urban","CrashSeverityClass":2,"SevereCrashIndicator":1,"CrashId_12_13":null,"VehicleId":2,"PersonId":2,"Age":33,"Gender":1,"Gender_Text_Format":"Male","State":"CT","Postal_Code":6519,"Injury_Status":"K","Condition_at_Time_of_Crash":99,"Condition_at_Time_of_Crash_Text_Format":"Unknown","Condition_at_Time_of_Crash2":99,"Condition_at_Time_of_Crash2_Text_Format":"Unknown","Action_Taken_by_Officer":0,"Action_Taken_by_Officer_Text_Format":"None taken","Alcohol_Test_Status":1,"Alcohol_Test_Status_Text_Format":"Test Not Given","Type_Of_Alcohol_Test":88,"Type_Of_Alcohol_Test_Text_Format":"Not Applicable","Drug_Test_Status":1,"Drug_Test_Status_Text_Format":"Test Not Given","Type_Of_Drig_Test":88,"Type_Of_Drig_Test_Text_Format":"Not Applicable","Ejection_Status":88,"Ejection_Status_Text_Format":"Not Applicable","Restraint_System":88,"Restraint_System_Text_Format":"Not Applicable","Helmet_Use":4,"Helmet_Use_Text_Format":"Helmet, Unknown If DOT-Compliant","Air_Bag_Status":88,"Air_Bag_Status_Text_Format":"Not applicable","Speeding_Related":99,"Speeding_Related_Text_Format":"Unknown","Driver_Actions_1":99,"Driver_Actions_1_Text_Format":"Unknown","Driver_Actions_2":88,"Driver_Actions_2_Text_Format":"Not Applicable","Driver_Actions_3":88,"Driver_Actions_3_Text_Format":"Not Applicable","Driver_Actions_4":88,"Driver_Actions_4_Text_Format":"Not Applicable","Driver_Distracted_By":99,"Driver_Distracted_By_Text_Format":"Unknown if Distracted","Roadway_On_Which_Nonmotorist_Was_Traveling_Located":null,"Direction_nonmotorist_was_traveling":null,"Direction_Unknown":null,"Striking_Motor_Vehicle_ID":null,"Bicycle_ID":null,"Non_Motorist_Not_In_Roadway":null,"Actions_or_Circumstances_Prior_to_Crash":null,"Actions_or_Circumstances_Prior_to_Crash_Text_Format":null,"To_or_From_School":null,"To_or_From_School_Text_Format":null,"Actions_or_Circumstances_At_Time_Of_Crash":null,"Actions_or_Circumstances_At_Time_Of_Crash_Text_Format":null,"Actions_or_Circumstances_At_Time_Of_Crash2":null,"Actions_or_Circumstances_At_Time_Of_Crash2_Text_Format":null,"Location_At_Time_Of_Crash":null,"Location_At_Time_Of_Crash_Text_Format":null,"Safety_Equipment":null,"Safety_Equipment_Text_Format":null,"Safety_Equipment2":null,"Safety_Equipment2_Text_Format":null,"Non_motorist_Distracted_By":null,"Non_motorist_Distracted_By_Text_Format":null,"Seating_Position":11,"Seating_Position_Text_Format":"First Row, Left\u00A0Seat","Seating_Position_for_Bus":null,"City":"New Haven","Country":"UnitedStates","Driver_License_Jurisdiction":2,"Driver_License_Jurisdiction_Text_Format":"State","Drivers_License_Issued_By":"CT","Drivers_License_Class":4,"Commercial_License_Class":1,"Commercial_License_Class_Text_Format":"No","Transported_to_First_Medical_Facility_By":1,"Transported_to_First_Medical_Facility_By_Text_Format":"Not Transported","Name_of_the_EMS_agency":null,"Name_of_the_Intended_Receiving_Facility":null,"OBJECTID_1":9}},{"type":"Feature","id":10,"geometry":{"type":"Point","coordinates":[949031.75748880208,669629.37955264747]},"properties":{"OBJECTID":10,"CrashId":887304,"Person_Type":3,"Person_Type_Text_Format":"Pedestrian","Injury_Status_Text_Format":"Fatal Injury (K)","Fatal_Case_Status":1,"Fatal_Case_Status_Text_Format":"Complete","CrashId_1":887304,"CrashId_12":887304,"Latitude":41.298749999999998,"Longitude":-72.935480999999996,"DOT_Case_Number":921162,"Town_Name":"New Haven","Town_Number":93,"Town_Number_1":93,"Town_Number_Text_Format":"New Haven","Date_Of_Crash":"2021-07-03","Year":2021,"Month":7,"Month_Text_Format":"July","Day":3,"Day_of_the_Week":7,"Day_of_the_Week_Text_Format":"Saturday","Time_of_Crash":"21:15:00","Hour_of_the_Day":21,"Case_Identifier":21024359,"Crash_Severity":"K","Crash_Severity_Text_Format":"Fatal (Kill)","Most_Severe_Injury":"K","Most_Severe_Injury_Text_Format":"Fatal Injury (K)","Number_Of_Motor_Vehicles":3,"Number_Of_Non_Motorist":1,"Number_Of_Witnesses":0,"Route_Class":4,"Route_Class_Text_Format":"Local","Milemarker":0.17000000000000001,"Road_Number":138,"Road_Description":"DAGGETT ST","Roadway_Name":"DAGGETT ST","Intersecting_Roadway_Name":null,"Landmark_Description":"WASHINGTON AV NO 2","Distance_From_Nearest_Landmark":50,"Unit_Of_Measure_From_Nearest_Landmark":"Feet","Direction_From_Nearest_Landmark":"N","Latitude_1":41.298749999999998,"Longitude_1":-72.935480999999996,"First_Harmful_Event":15,"First_Harmful_Event_Text_Format":"Parked Motor Vehicle","Manner_of_Crash___Collision_Impact":4,"Manner_of_Crash___Collision_Impact_Text_Format":"Sideswipe, same direction","Location_of_First_Harmful_Event":1,"Location_of_First_Harmful_Event_Text_Format":"On Roadway","Weather_Condition":4,"Weather_Condition_Text_Format":"Rain","Weather_2":88,"Weather_2_Text_Format":"Not Applicable","Light_Condition":5,"Light_Condition_Text_Format":"Dark-Not Lighted","Road_Surface_Condition":2,"Road_Surface_Condition_Text_Format":"Wet","Contributing_Circumstances__Environment":0,"Contributing_Circumstances__Environment_Text_Format":"None","Environment_2":88,"Environment_2_Text_Format":"Not Applicable","Environment_3":88,"Environment_3_Text_Format":"Not Applicable","Contributing_Circumstances__Road":0,"Contributing_Circumstances__Road_Text_Format":"None","Road_2":88,"Road_2_Text_Format":"Not Applicable","Road_3":88,"Road_3_Text_Format":"Not Applicable","Crash_Specific_Location":1,"Crash_Specific_Location_Text_Format":"Non-Junction","Type_of_Intersection":1,"Type_of_Intersection_Text_Format":"Not at Intersection","School_Bus_Related":1,"School_Bus_Related_Text_Format":"No","Work_Zone_Related":1,"Work_Zone_Related_Text_Format":"No","Location_Of_Crash_Relative_To_Work_Zone":88,"Location_Of_Crash_Relative_To_Work_Zone_Text_Format":"Not Applicable","Type_of_Work_Zone":88,"Type_of_Work_Zone_Text_Format":"Not Applicable","Worker_Presence":88,"Worker_Presence_Text_Format":"Not Applicable","Law_Enforcement_Presence":88,"Law_Enforcement_Presence_Text_Format":"Not Applicable","Were_Vehicles_Moved_Prior_To_Police_Arrival":"FALSE","Trafficway_Ownership":1,"Trafficway_Ownership_Text_Format":"Public Road","Trafficway_Class":1,"Trafficway_Class_Text_Format":"Trafficway, On Road","Police_Agency":"CT0009300","Police_Agency_Text_Format":"New Haven PD","Badge_Number":42043,"Approval_Date":"58:14.0","Police_Case_Status":"O","Police_Case_Status_Text_Format":"Open","Crash_Report_Submission_Date":"04:29.0","Related_Case_Identifiers":null,"No__of_Through_Lanes__Log_Dir__":null,"Average_Daily_Traffic":null,"Functional_Classification":null,"Functional_Classification_Text_Format":null,"Rural_or_Urban":null,"Rural_or_Urban_Text_Format":null,"CrashSeverityClass":2,"SevereCrashIndicator":1,"CrashId_12_13":null,"VehicleId":null,"PersonId":4,"Age":51,"Gender":2,"Gender_Text_Format":"Female","State":"CT","Postal_Code":6511,"Injury_Status":"K","Condition_at_Time_of_Crash":99,"Condition_at_Time_of_Crash_Text_Format":"Unknown","Condition_at_Time_of_Crash2":99,"Condition_at_Time_of_Crash2_Text_Format":"Unknown","Action_Taken_by_Officer":0,"Action_Taken_by_Officer_Text_Format":"None taken","Alcohol_Test_Status":1,"Alcohol_Test_Status_Text_Format":"Test Not Given","Type_Of_Alcohol_Test":88,"Type_Of_Alcohol_Test_Text_Format":"Not Applicable","Drug_Test_Status":1,"Drug_Test_Status_Text_Format":"Test Not Given","Type_Of_Drig_Test":88,"Type_Of_Drig_Test_Text_Format":"Not Applicable","Ejection_Status":null,"Ejection_Status_Text_Format":null,"Restraint_System":null,"Restraint_System_Text_Format":null,"Helmet_Use":null,"Helmet_Use_Text_Format":null,"Air_Bag_Status":null,"Air_Bag_Status_Text_Format":null,"Speeding_Related":null,"Speeding_Related_Text_Format":null,"Driver_Actions_1":null,"Driver_Actions_1_Text_Format":null,"Driver_Actions_2":null,"Driver_Actions_2_Text_Format":null,"Driver_Actions_3":null,"Driver_Actions_3_Text_Format":null,"Driver_Actions_4":null,"Driver_Actions_4_Text_Format":null,"Driver_Distracted_By":null,"Driver_Distracted_By_Text_Format":null,"Roadway_On_Which_Nonmotorist_Was_Traveling_Located":"DAGGETT ST","Direction_nonmotorist_was_traveling":null,"Direction_Unknown":1,"Striking_Motor_Vehicle_ID":1,"Bicycle_ID":null,"Non_Motorist_Not_In_Roadway":0,"Actions_or_Circumstances_Prior_to_Crash":99,"Actions_or_Circumstances_Prior_to_Crash_Text_Format":"Unknown","To_or_From_School":1,"To_or_From_School_Text_Format":"No","Actions_or_Circumstances_At_Time_Of_Crash":99,"Actions_or_Circumstances_At_Time_Of_Crash_Text_Format":"Unknown","Actions_or_Circumstances_At_Time_Of_Crash2":88,"Actions_or_Circumstances_At_Time_Of_Crash2_Text_Format":"Not Applicable","Location_At_Time_Of_Crash":2,"Location_At_Time_Of_Crash_Text_Format":"Intersection-Unmarked Crosswalk","Safety_Equipment":0,"Safety_Equipment_Text_Format":"None","Safety_Equipment2":88,"Safety_Equipment2_Text_Format":"Not Applicable","Non_motorist_Distracted_By":99,"Non_motorist_Distracted_By_Text_Format":"Unknown if Distracted","Seating_Position":null,"Seating_Position_Text_Format":null,"Seating_Position_for_Bus":null,"City":"New Haven","Country":"UnitedStates","Driver_License_Jurisdiction":null,"Driver_License_Jurisdiction_Text_Format":null,"Drivers_License_Issued_By":"CT","Drivers_License_Class":null,"Commercial_License_Class":null,"Commercial_License_Class_Text_Format":null,"Transported_to_First_Medical_Facility_By":3,"Transported_to_First_Medical_Facility_By_Text_Format":"EMS Ground","Name_of_the_EMS_agency":"AMER MED RESPONSE","Name_of_the_Intended_Receiving_Facility":"YALE-NH HOSP","OBJECTID_1":10}},{"type":"Feature","id":11,"geometry":{"type":"Point","coordinates":[945530.57813946903,674536.31494872272]},"properties":{"OBJECTID":11,"CrashId":888508,"Person_Type":3,"Person_Type_Text_Format":"Pedestrian","Injury_Status_Text_Format":"Fatal Injury (K)","Fatal_Case_Status":1,"Fatal_Case_Status_Text_Format":"Complete","CrashId_1":888508,"CrashId_12":888508,"Latitude":41.312184999999999,"Longitude":-72.948273,"DOT_Case_Number":921227,"Town_Name":"New Haven","Town_Number":93,"Town_Number_1":93,"Town_Number_Text_Format":"New Haven","Date_Of_Crash":"2021-09-06","Year":2021,"Month":9,"Month_Text_Format":"September","Day":6,"Day_of_the_Week":2,"Day_of_the_Week_Text_Format":"Monday","Time_of_Crash":"21:53:00","Hour_of_the_Day":21,"Case_Identifier":21032567,"Crash_Severity":"K","Crash_Severity_Text_Format":"Fatal (Kill)","Most_Severe_Injury":"K","Most_Severe_Injury_Text_Format":"Fatal Injury (K)","Number_Of_Motor_Vehicles":1,"Number_Of_Non_Motorist":1,"Number_Of_Witnesses":3,"Route_Class":4,"Route_Class_Text_Format":"Local","Milemarker":3.02,"Road_Number":97,"Road_Description":"CHAPEL ST","Roadway_Name":"CHAPEL ST","Intersecting_Roadway_Name":null,"Landmark_Description":"NORTON ST","Distance_From_Nearest_Landmark":60,"Unit_Of_Measure_From_Nearest_Landmark":"Feet","Direction_From_Nearest_Landmark":"E","Latitude_1":41.312184999999999,"Longitude_1":-72.948273,"First_Harmful_Event":9,"First_Harmful_Event_Text_Format":"Pedestrian","Manner_of_Crash___Collision_Impact":88,"Manner_of_Crash___Collision_Impact_Text_Format":"Not Applicable","Location_of_First_Harmful_Event":1,"Location_of_First_Harmful_Event_Text_Format":"On Roadway","Weather_Condition":1,"Weather_Condition_Text_Format":"Clear","Weather_2":88,"Weather_2_Text_Format":"Not Applicable","Light_Condition":4,"Light_Condition_Text_Format":"Dark-Lighted","Road_Surface_Condition":1,"Road_Surface_Condition_Text_Format":"Dry","Contributing_Circumstances__Environment":0,"Contributing_Circumstances__Environment_Text_Format":"None","Environment_2":88,"Environment_2_Text_Format":"Not Applicable","Environment_3":88,"Environment_3_Text_Format":"Not Applicable","Contributing_Circumstances__Road":0,"Contributing_Circumstances__Road_Text_Format":"None","Road_2":88,"Road_2_Text_Format":"Not Applicable","Road_3":88,"Road_3_Text_Format":"Not Applicable","Crash_Specific_Location":1,"Crash_Specific_Location_Text_Format":"Non-Junction","Type_of_Intersection":1,"Type_of_Intersection_Text_Format":"Not at Intersection","School_Bus_Related":1,"School_Bus_Related_Text_Format":"No","Work_Zone_Related":1,"Work_Zone_Related_Text_Format":"No","Location_Of_Crash_Relative_To_Work_Zone":88,"Location_Of_Crash_Relative_To_Work_Zone_Text_Format":"Not Applicable","Type_of_Work_Zone":88,"Type_of_Work_Zone_Text_Format":"Not Applicable","Worker_Presence":88,"Worker_Presence_Text_Format":"Not Applicable","Law_Enforcement_Presence":88,"Law_Enforcement_Presence_Text_Format":"Not Applicable","Were_Vehicles_Moved_Prior_To_Police_Arrival":"FALSE","Trafficway_Ownership":1,"Trafficway_Ownership_Text_Format":"Public Road","Trafficway_Class":1,"Trafficway_Class_Text_Format":"Trafficway, On Road","Police_Agency":"CT0009300","Police_Agency_Text_Format":"New Haven PD","Badge_Number":40951,"Approval_Date":"05:39.0","Police_Case_Status":"O","Police_Case_Status_Text_Format":"Open","Crash_Report_Submission_Date":"13:28.0","Related_Case_Identifiers":null,"No__of_Through_Lanes__Log_Dir__":2,"Average_Daily_Traffic":7700,"Functional_Classification":5,"Functional_Classification_Text_Format":"MAJOR COLLECTOR - NEW HPMS","Rural_or_Urban":2,"Rural_or_Urban_Text_Format":"Urban","CrashSeverityClass":2,"SevereCrashIndicator":1,"CrashId_12_13":null,"VehicleId":null,"PersonId":2,"Age":49,"Gender":1,"Gender_Text_Format":"Male","State":"CT","Postal_Code":6511,"Injury_Status":"K","Condition_at_Time_of_Crash":1,"Condition_at_Time_of_Crash_Text_Format":"Apparently Normal","Condition_at_Time_of_Crash2":1,"Condition_at_Time_of_Crash2_Text_Format":"Apparently Normal","Action_Taken_by_Officer":0,"Action_Taken_by_Officer_Text_Format":"None taken","Alcohol_Test_Status":1,"Alcohol_Test_Status_Text_Format":"Test Not Given","Type_Of_Alcohol_Test":88,"Type_Of_Alcohol_Test_Text_Format":"Not Applicable","Drug_Test_Status":1,"Drug_Test_Status_Text_Format":"Test Not Given","Type_Of_Drig_Test":88,"Type_Of_Drig_Test_Text_Format":"Not Applicable","Ejection_Status":null,"Ejection_Status_Text_Format":null,"Restraint_System":null,"Restraint_System_Text_Format":null,"Helmet_Use":null,"Helmet_Use_Text_Format":null,"Air_Bag_Status":null,"Air_Bag_Status_Text_Format":null,"Speeding_Related":null,"Speeding_Related_Text_Format":null,"Driver_Actions_1":null,"Driver_Actions_1_Text_Format":null,"Driver_Actions_2":null,"Driver_Actions_2_Text_Format":null,"Driver_Actions_3":null,"Driver_Actions_3_Text_Format":null,"Driver_Actions_4":null,"Driver_Actions_4_Text_Format":null,"Driver_Distracted_By":null,"Driver_Distracted_By_Text_Format":null,"Roadway_On_Which_Nonmotorist_Was_Traveling_Located":"CHAPEL ST","Direction_nonmotorist_was_traveling":"N","Direction_Unknown":0,"Striking_Motor_Vehicle_ID":1,"Bicycle_ID":null,"Non_Motorist_Not_In_Roadway":0,"Actions_or_Circumstances_Prior_to_Crash":1,"Actions_or_Circumstances_Prior_to_Crash_Text_Format":"Crossing Roadway","To_or_From_School":1,"To_or_From_School_Text_Format":"No","Actions_or_Circumstances_At_Time_Of_Crash":3,"Actions_or_Circumstances_At_Time_Of_Crash_Text_Format":"Failure to Yield Right-Of-Way","Actions_or_Circumstances_At_Time_Of_Crash2":88,"Actions_or_Circumstances_At_Time_Of_Crash2_Text_Format":"Not Applicable","Location_At_Time_Of_Crash":5,"Location_At_Time_Of_Crash_Text_Format":"Travel Lane-Other Location","Safety_Equipment":0,"Safety_Equipment_Text_Format":"None","Safety_Equipment2":88,"Safety_Equipment2_Text_Format":"Not Applicable","Non_motorist_Distracted_By":1,"Non_motorist_Distracted_By_Text_Format":"Not Distracted","Seating_Position":null,"Seating_Position_Text_Format":null,"Seating_Position_for_Bus":null,"City":"New Haven","Country":"UnitedStates","Driver_License_Jurisdiction":2,"Driver_License_Jurisdiction_Text_Format":"State","Drivers_License_Issued_By":"NY","Drivers_License_Class":null,"Commercial_License_Class":null,"Commercial_License_Class_Text_Format":null,"Transported_to_First_Medical_Facility_By":1,"Transported_to_First_Medical_Facility_By_Text_Format":"Not Transported","Name_of_the_EMS_agency":null,"Name_of_the_Intended_Receiving_Facility":null,"OBJECTID_1":11}},{"type":"Feature","id":12,"geometry":{"type":"Point","coordinates":[945544.3825737983,674834.06960256398]},"properties":{"OBJECTID":12,"CrashId":889186,"Person_Type":3,"Person_Type_Text_Format":"Pedestrian","Injury_Status_Text_Format":"Fatal Injury (K)","Fatal_Case_Status":1,"Fatal_Case_Status_Text_Format":"Complete","CrashId_1":889186,"CrashId_12":889186,"Latitude":41.313007550000002,"Longitude":-72.948222349999995,"DOT_Case_Number":921242,"Town_Name":"New Haven","Town_Number":93,"Town_Number_1":93,"Town_Number_Text_Format":"New Haven","Date_Of_Crash":"2021-10-08","Year":2021,"Month":10,"Month_Text_Format":"October","Day":8,"Day_of_the_Week":6,"Day_of_the_Week_Text_Format":"Friday","Time_of_Crash":"19:47:00","Hour_of_the_Day":19,"Case_Identifier":21036376,"Crash_Severity":"K","Crash_Severity_Text_Format":"Fatal (Kill)","Most_Severe_Injury":"K","Most_Severe_Injury_Text_Format":"Fatal Injury (K)","Number_Of_Motor_Vehicles":1,"Number_Of_Non_Motorist":1,"Number_Of_Witnesses":1,"Route_Class":4,"Route_Class_Text_Format":"Local","Milemarker":0.17999999999999999,"Road_Number":439,"Road_Description":"NORTON ST","Roadway_Name":"NORTON ST","Intersecting_Roadway_Name":"STANLEY ST","Landmark_Description":null,"Distance_From_Nearest_Landmark":null,"Unit_Of_Measure_From_Nearest_Landmark":null,"Direction_From_Nearest_Landmark":null,"Latitude_1":41.313007550000002,"Longitude_1":-72.948222349999995,"First_Harmful_Event":9,"First_Harmful_Event_Text_Format":"Pedestrian","Manner_of_Crash___Collision_Impact":88,"Manner_of_Crash___Collision_Impact_Text_Format":"Not Applicable","Location_of_First_Harmful_Event":1,"Location_of_First_Harmful_Event_Text_Format":"On Roadway","Weather_Condition":1,"Weather_Condition_Text_Format":"Clear","Weather_2":88,"Weather_2_Text_Format":"Not Applicable","Light_Condition":4,"Light_Condition_Text_Format":"Dark-Lighted","Road_Surface_Condition":1,"Road_Surface_Condition_Text_Format":"Dry","Contributing_Circumstances__Environment":0,"Contributing_Circumstances__Environment_Text_Format":"None","Environment_2":88,"Environment_2_Text_Format":"Not Applicable","Environment_3":88,"Environment_3_Text_Format":"Not Applicable","Contributing_Circumstances__Road":0,"Contributing_Circumstances__Road_Text_Format":"None","Road_2":88,"Road_2_Text_Format":"Not Applicable","Road_3":88,"Road_3_Text_Format":"Not Applicable","Crash_Specific_Location":2,"Crash_Specific_Location_Text_Format":"Intersection","Type_of_Intersection":3,"Type_of_Intersection_Text_Format":"T-Intersection","School_Bus_Related":1,"School_Bus_Related_Text_Format":"No","Work_Zone_Related":1,"Work_Zone_Related_Text_Format":"No","Location_Of_Crash_Relative_To_Work_Zone":88,"Location_Of_Crash_Relative_To_Work_Zone_Text_Format":"Not Applicable","Type_of_Work_Zone":88,"Type_of_Work_Zone_Text_Format":"Not Applicable","Worker_Presence":88,"Worker_Presence_Text_Format":"Not Applicable","Law_Enforcement_Presence":88,"Law_Enforcement_Presence_Text_Format":"Not Applicable","Were_Vehicles_Moved_Prior_To_Police_Arrival":"FALSE","Trafficway_Ownership":1,"Trafficway_Ownership_Text_Format":"Public Road","Trafficway_Class":1,"Trafficway_Class_Text_Format":"Trafficway, On Road","Police_Agency":"CT0009300","Police_Agency_Text_Format":"New Haven PD","Badge_Number":40951,"Approval_Date":"36:51.0","Police_Case_Status":"O","Police_Case_Status_Text_Format":"Open","Crash_Report_Submission_Date":"17:48.0","Related_Case_Identifiers":null,"No__of_Through_Lanes__Log_Dir__":2,"Average_Daily_Traffic":3846,"Functional_Classification":7,"Functional_Classification_Text_Format":"LOCAL - NEW HPMS","Rural_or_Urban":2,"Rural_or_Urban_Text_Format":"Urban","CrashSeverityClass":2,"SevereCrashIndicator":1,"CrashId_12_13":null,"VehicleId":null,"PersonId":1,"Age":66,"Gender":1,"Gender_Text_Format":"Male","State":"CT","Postal_Code":6511,"Injury_Status":"K","Condition_at_Time_of_Crash":1,"Condition_at_Time_of_Crash_Text_Format":"Apparently Normal","Condition_at_Time_of_Crash2":1,"Condition_at_Time_of_Crash2_Text_Format":"Apparently Normal","Action_Taken_by_Officer":0,"Action_Taken_by_Officer_Text_Format":"None taken","Alcohol_Test_Status":1,"Alcohol_Test_Status_Text_Format":"Test Not Given","Type_Of_Alcohol_Test":88,"Type_Of_Alcohol_Test_Text_Format":"Not Applicable","Drug_Test_Status":1,"Drug_Test_Status_Text_Format":"Test Not Given","Type_Of_Drig_Test":88,"Type_Of_Drig_Test_Text_Format":"Not Applicable","Ejection_Status":null,"Ejection_Status_Text_Format":null,"Restraint_System":null,"Restraint_System_Text_Format":null,"Helmet_Use":null,"Helmet_Use_Text_Format":null,"Air_Bag_Status":null,"Air_Bag_Status_Text_Format":null,"Speeding_Related":null,"Speeding_Related_Text_Format":null,"Driver_Actions_1":null,"Driver_Actions_1_Text_Format":null,"Driver_Actions_2":null,"Driver_Actions_2_Text_Format":null,"Driver_Actions_3":null,"Driver_Actions_3_Text_Format":null,"Driver_Actions_4":null,"Driver_Actions_4_Text_Format":null,"Driver_Distracted_By":null,"Driver_Distracted_By_Text_Format":null,"Roadway_On_Which_Nonmotorist_Was_Traveling_Located":"NORTON STREET","Direction_nonmotorist_was_traveling":"E","Direction_Unknown":0,"Striking_Motor_Vehicle_ID":1,"Bicycle_ID":null,"Non_Motorist_Not_In_Roadway":0,"Actions_or_Circumstances_Prior_to_Crash":1,"Actions_or_Circumstances_Prior_to_Crash_Text_Format":"Crossing Roadway","To_or_From_School":1,"To_or_From_School_Text_Format":"No","Actions_or_Circumstances_At_Time_Of_Crash":8,"Actions_or_Circumstances_At_Time_Of_Crash_Text_Format":"Inattentive (Talking, Eating, etc.)","Actions_or_Circumstances_At_Time_Of_Crash2":88,"Actions_or_Circumstances_At_Time_Of_Crash2_Text_Format":"Not Applicable","Location_At_Time_Of_Crash":3,"Location_At_Time_Of_Crash_Text_Format":"Intersection – Other","Safety_Equipment":0,"Safety_Equipment_Text_Format":"None","Safety_Equipment2":88,"Safety_Equipment2_Text_Format":"Not Applicable","Non_motorist_Distracted_By":99,"Non_motorist_Distracted_By_Text_Format":"Unknown if Distracted","Seating_Position":null,"Seating_Position_Text_Format":null,"Seating_Position_for_Bus":null,"City":"New Haven","Country":"UnitedStates","Driver_License_Jurisdiction":null,"Driver_License_Jurisdiction_Text_Format":null,"Drivers_License_Issued_By":null,"Drivers_License_Class":null,"Commercial_License_Class":null,"Commercial_License_Class_Text_Format":null,"Transported_to_First_Medical_Facility_By":3,"Transported_to_First_Medical_Facility_By_Text_Format":"EMS Ground","Name_of_the_EMS_agency":"AMER MED RESPONSE","Name_of_the_Intended_Receiving_Facility":"YALE-NH HOSP","OBJECTID_1":12}},{"type":"Feature","id":13,"geometry":{"type":"Point","coordinates":[952031.03101781011,672104.78569105268]},"properties":{"OBJECTID":13,"CrashId":889415,"Person_Type":3,"Person_Type_Text_Format":"Pedestrian","Injury_Status_Text_Format":"Fatal Injury (K)","Fatal_Case_Status":1,"Fatal_Case_Status_Text_Format":"Complete","CrashId_1":889415,"CrashId_12":889415,"Latitude":41.305523999999998,"Longitude":-72.924615000000003,"DOT_Case_Number":921252,"Town_Name":"New Haven","Town_Number":93,"Town_Number_1":93,"Town_Number_Text_Format":"New Haven","Date_Of_Crash":"2021-10-21","Year":2021,"Month":10,"Month_Text_Format":"October","Day":21,"Day_of_the_Week":5,"Day_of_the_Week_Text_Format":"Thursday","Time_of_Crash":"18:43:00","Hour_of_the_Day":18,"Case_Identifier":21038135,"Crash_Severity":"K","Crash_Severity_Text_Format":"Fatal (Kill)","Most_Severe_Injury":"K","Most_Severe_Injury_Text_Format":"Fatal Injury (K)","Number_Of_Motor_Vehicles":1,"Number_Of_Non_Motorist":1,"Number_Of_Witnesses":1,"Route_Class":4,"Route_Class_Text_Format":"Local","Milemarker":1.7,"Road_Number":97,"Road_Description":"CHAPEL ST","Roadway_Name":"CHAPEL ST","Intersecting_Roadway_Name":null,"Landmark_Description":"ORANGE ST","Distance_From_Nearest_Landmark":75,"Unit_Of_Measure_From_Nearest_Landmark":"Feet","Direction_From_Nearest_Landmark":"W","Latitude_1":41.305523999999998,"Longitude_1":-72.924615000000003,"First_Harmful_Event":9,"First_Harmful_Event_Text_Format":"Pedestrian","Manner_of_Crash___Collision_Impact":88,"Manner_of_Crash___Collision_Impact_Text_Format":"Not Applicable","Location_of_First_Harmful_Event":1,"Location_of_First_Harmful_Event_Text_Format":"On Roadway","Weather_Condition":1,"Weather_Condition_Text_Format":"Clear","Weather_2":88,"Weather_2_Text_Format":"Not Applicable","Light_Condition":4,"Light_Condition_Text_Format":"Dark-Lighted","Road_Surface_Condition":1,"Road_Surface_Condition_Text_Format":"Dry","Contributing_Circumstances__Environment":0,"Contributing_Circumstances__Environment_Text_Format":"None","Environment_2":88,"Environment_2_Text_Format":"Not Applicable","Environment_3":88,"Environment_3_Text_Format":"Not Applicable","Contributing_Circumstances__Road":0,"Contributing_Circumstances__Road_Text_Format":"None","Road_2":88,"Road_2_Text_Format":"Not Applicable","Road_3":88,"Road_3_Text_Format":"Not Applicable","Crash_Specific_Location":1,"Crash_Specific_Location_Text_Format":"Non-Junction","Type_of_Intersection":1,"Type_of_Intersection_Text_Format":"Not at Intersection","School_Bus_Related":1,"School_Bus_Related_Text_Format":"No","Work_Zone_Related":1,"Work_Zone_Related_Text_Format":"No","Location_Of_Crash_Relative_To_Work_Zone":88,"Location_Of_Crash_Relative_To_Work_Zone_Text_Format":"Not Applicable","Type_of_Work_Zone":88,"Type_of_Work_Zone_Text_Format":"Not Applicable","Worker_Presence":88,"Worker_Presence_Text_Format":"Not Applicable","Law_Enforcement_Presence":88,"Law_Enforcement_Presence_Text_Format":"Not Applicable","Were_Vehicles_Moved_Prior_To_Police_Arrival":"FALSE","Trafficway_Ownership":1,"Trafficway_Ownership_Text_Format":"Public Road","Trafficway_Class":1,"Trafficway_Class_Text_Format":"Trafficway, On Road","Police_Agency":"CT0009300","Police_Agency_Text_Format":"New Haven PD","Badge_Number":40809,"Approval_Date":"35:17.0","Police_Case_Status":"O","Police_Case_Status_Text_Format":"Open","Crash_Report_Submission_Date":"19:25.0","Related_Case_Identifiers":null,"No__of_Through_Lanes__Log_Dir__":3,"Average_Daily_Traffic":7700,"Functional_Classification":4,"Functional_Classification_Text_Format":"MINOR ARTERIAL - NEW HPMS","Rural_or_Urban":2,"Rural_or_Urban_Text_Format":"Urban","CrashSeverityClass":2,"SevereCrashIndicator":1,"CrashId_12_13":null,"VehicleId":null,"PersonId":3,"Age":40,"Gender":2,"Gender_Text_Format":"Female","State":"CT","Postal_Code":6513,"Injury_Status":"K","Condition_at_Time_of_Crash":99,"Condition_at_Time_of_Crash_Text_Format":"Unknown","Condition_at_Time_of_Crash2":99,"Condition_at_Time_of_Crash2_Text_Format":"Unknown","Action_Taken_by_Officer":0,"Action_Taken_by_Officer_Text_Format":"None taken","Alcohol_Test_Status":1,"Alcohol_Test_Status_Text_Format":"Test Not Given","Type_Of_Alcohol_Test":88,"Type_Of_Alcohol_Test_Text_Format":"Not Applicable","Drug_Test_Status":1,"Drug_Test_Status_Text_Format":"Test Not Given","Type_Of_Drig_Test":88,"Type_Of_Drig_Test_Text_Format":"Not Applicable","Ejection_Status":null,"Ejection_Status_Text_Format":null,"Restraint_System":null,"Restraint_System_Text_Format":null,"Helmet_Use":null,"Helmet_Use_Text_Format":null,"Air_Bag_Status":null,"Air_Bag_Status_Text_Format":null,"Speeding_Related":null,"Speeding_Related_Text_Format":null,"Driver_Actions_1":null,"Driver_Actions_1_Text_Format":null,"Driver_Actions_2":null,"Driver_Actions_2_Text_Format":null,"Driver_Actions_3":null,"Driver_Actions_3_Text_Format":null,"Driver_Actions_4":null,"Driver_Actions_4_Text_Format":null,"Driver_Distracted_By":null,"Driver_Distracted_By_Text_Format":null,"Roadway_On_Which_Nonmotorist_Was_Traveling_Located":"CHAPEL ST","Direction_nonmotorist_was_traveling":"E","Direction_Unknown":0,"Striking_Motor_Vehicle_ID":1,"Bicycle_ID":null,"Non_Motorist_Not_In_Roadway":0,"Actions_or_Circumstances_Prior_to_Crash":99,"Actions_or_Circumstances_Prior_to_Crash_Text_Format":"Unknown","To_or_From_School":99,"To_or_From_School_Text_Format":"Unknown","Actions_or_Circumstances_At_Time_Of_Crash":99,"Actions_or_Circumstances_At_Time_Of_Crash_Text_Format":"Unknown","Actions_or_Circumstances_At_Time_Of_Crash2":88,"Actions_or_Circumstances_At_Time_Of_Crash2_Text_Format":"Not Applicable","Location_At_Time_Of_Crash":5,"Location_At_Time_Of_Crash_Text_Format":"Travel Lane-Other Location","Safety_Equipment":0,"Safety_Equipment_Text_Format":"None","Safety_Equipment2":88,"Safety_Equipment2_Text_Format":"Not Applicable","Non_motorist_Distracted_By":99,"Non_motorist_Distracted_By_Text_Format":"Unknown if Distracted","Seating_Position":null,"Seating_Position_Text_Format":null,"Seating_Position_for_Bus":null,"City":"New Haven","Country":"UnitedStates","Driver_License_Jurisdiction":null,"Driver_License_Jurisdiction_Text_Format":null,"Drivers_License_Issued_By":"CT","Drivers_License_Class":null,"Commercial_License_Class":null,"Commercial_License_Class_Text_Format":null,"Transported_to_First_Medical_Facility_By":1,"Transported_to_First_Medical_Facility_By_Text_Format":"Not Transported","Name_of_the_EMS_agency":null,"Name_of_the_Intended_Receiving_Facility":null,"OBJECTID_1":13}},{"type":"Feature","id":14,"geometry":{"type":"Point","coordinates":[948619.07229055464,680186.55135163665]},"properties":{"OBJECTID":14,"CrashId":890217,"Person_Type":1,"Person_Type_Text_Format":"Driver","Injury_Status_Text_Format":"Fatal Injury (K)","Fatal_Case_Status":1,"Fatal_Case_Status_Text_Format":"Complete","CrashId_1":890217,"CrashId_12":890217,"Latitude":41.327717,"Longitude":-72.937072999999998,"DOT_Case_Number":921294,"Town_Name":"New Haven","Town_Number":93,"Town_Number_1":93,"Town_Number_Text_Format":"New Haven","Date_Of_Crash":"2021-11-30","Year":2021,"Month":11,"Month_Text_Format":"November","Day":30,"Day_of_the_Week":3,"Day_of_the_Week_Text_Format":"Tuesday","Time_of_Crash":"20:14:00","Hour_of_the_Day":20,"Case_Identifier":21043183,"Crash_Severity":"K","Crash_Severity_Text_Format":"Fatal (Kill)","Most_Severe_Injury":"K","Most_Severe_Injury_Text_Format":"Fatal Injury (K)","Number_Of_Motor_Vehicles":1,"Number_Of_Non_Motorist":0,"Number_Of_Witnesses":2,"Route_Class":4,"Route_Class_Text_Format":"Local","Milemarker":0.58999999999999997,"Road_Number":557,"Road_Description":"SHERMAN PKWY","Roadway_Name":"SHERMAN PKWY","Intersecting_Roadway_Name":null,"Landmark_Description":"HARDING PL","Distance_From_Nearest_Landmark":30,"Unit_Of_Measure_From_Nearest_Landmark":"Feet","Direction_From_Nearest_Landmark":"N","Latitude_1":41.327717,"Longitude_1":-72.937072999999998,"First_Harmful_Event":32,"First_Harmful_Event_Text_Format":"Tree (standing)","Manner_of_Crash___Collision_Impact":88,"Manner_of_Crash___Collision_Impact_Text_Format":"Not Applicable","Location_of_First_Harmful_Event":4,"Location_of_First_Harmful_Event_Text_Format":"Roadside","Weather_Condition":1,"Weather_Condition_Text_Format":"Clear","Weather_2":88,"Weather_2_Text_Format":"Not Applicable","Light_Condition":4,"Light_Condition_Text_Format":"Dark-Lighted","Road_Surface_Condition":1,"Road_Surface_Condition_Text_Format":"Dry","Contributing_Circumstances__Environment":0,"Contributing_Circumstances__Environment_Text_Format":"None","Environment_2":88,"Environment_2_Text_Format":"Not Applicable","Environment_3":88,"Environment_3_Text_Format":"Not Applicable","Contributing_Circumstances__Road":0,"Contributing_Circumstances__Road_Text_Format":"None","Road_2":88,"Road_2_Text_Format":"Not Applicable","Road_3":88,"Road_3_Text_Format":"Not Applicable","Crash_Specific_Location":1,"Crash_Specific_Location_Text_Format":"Non-Junction","Type_of_Intersection":1,"Type_of_Intersection_Text_Format":"Not at Intersection","School_Bus_Related":1,"School_Bus_Related_Text_Format":"No","Work_Zone_Related":1,"Work_Zone_Related_Text_Format":"No","Location_Of_Crash_Relative_To_Work_Zone":88,"Location_Of_Crash_Relative_To_Work_Zone_Text_Format":"Not Applicable","Type_of_Work_Zone":88,"Type_of_Work_Zone_Text_Format":"Not Applicable","Worker_Presence":88,"Worker_Presence_Text_Format":"Not Applicable","Law_Enforcement_Presence":88,"Law_Enforcement_Presence_Text_Format":"Not Applicable","Were_Vehicles_Moved_Prior_To_Police_Arrival":"FALSE","Trafficway_Ownership":1,"Trafficway_Ownership_Text_Format":"Public Road","Trafficway_Class":1,"Trafficway_Class_Text_Format":"Trafficway, On Road","Police_Agency":"CT0009300","Police_Agency_Text_Format":"New Haven PD","Badge_Number":991,"Approval_Date":"39:07.0","Police_Case_Status":"O","Police_Case_Status_Text_Format":"Open","Crash_Report_Submission_Date":"26:39.0","Related_Case_Identifiers":null,"No__of_Through_Lanes__Log_Dir__":4,"Average_Daily_Traffic":6300,"Functional_Classification":4,"Functional_Classification_Text_Format":"MINOR ARTERIAL - NEW HPMS","Rural_or_Urban":2,"Rural_or_Urban_Text_Format":"Urban","CrashSeverityClass":2,"SevereCrashIndicator":1,"CrashId_12_13":null,"VehicleId":1,"PersonId":1,"Age":17,"Gender":2,"Gender_Text_Format":"Female","State":"CT","Postal_Code":6511,"Injury_Status":"K","Condition_at_Time_of_Crash":99,"Condition_at_Time_of_Crash_Text_Format":"Unknown","Condition_at_Time_of_Crash2":6,"Condition_at_Time_of_Crash2_Text_Format":"Under the Influence of Medications/Drugs/Alcohol","Action_Taken_by_Officer":0,"Action_Taken_by_Officer_Text_Format":"None taken","Alcohol_Test_Status":1,"Alcohol_Test_Status_Text_Format":"Test Not Given","Type_Of_Alcohol_Test":88,"Type_Of_Alcohol_Test_Text_Format":"Not Applicable","Drug_Test_Status":1,"Drug_Test_Status_Text_Format":"Test Not Given","Type_Of_Drig_Test":88,"Type_Of_Drig_Test_Text_Format":"Not Applicable","Ejection_Status":1,"Ejection_Status_Text_Format":"Not Ejected","Restraint_System":99,"Restraint_System_Text_Format":"Unknown","Helmet_Use":88,"Helmet_Use_Text_Format":"Not Applicable","Air_Bag_Status":2,"Air_Bag_Status_Text_Format":"Deployed-Front","Speeding_Related":99,"Speeding_Related_Text_Format":"Unknown","Driver_Actions_1":13,"Driver_Actions_1_Text_Format":"Failed to Keep in Proper Lane","Driver_Actions_2":88,"Driver_Actions_2_Text_Format":"Not Applicable","Driver_Actions_3":88,"Driver_Actions_3_Text_Format":"Not Applicable","Driver_Actions_4":88,"Driver_Actions_4_Text_Format":"Not Applicable","Driver_Distracted_By":99,"Driver_Distracted_By_Text_Format":"Unknown if Distracted","Roadway_On_Which_Nonmotorist_Was_Traveling_Located":null,"Direction_nonmotorist_was_traveling":null,"Direction_Unknown":null,"Striking_Motor_Vehicle_ID":null,"Bicycle_ID":null,"Non_Motorist_Not_In_Roadway":null,"Actions_or_Circumstances_Prior_to_Crash":null,"Actions_or_Circumstances_Prior_to_Crash_Text_Format":null,"To_or_From_School":null,"To_or_From_School_Text_Format":null,"Actions_or_Circumstances_At_Time_Of_Crash":null,"Actions_or_Circumstances_At_Time_Of_Crash_Text_Format":null,"Actions_or_Circumstances_At_Time_Of_Crash2":null,"Actions_or_Circumstances_At_Time_Of_Crash2_Text_Format":null,"Location_At_Time_Of_Crash":null,"Location_At_Time_Of_Crash_Text_Format":null,"Safety_Equipment":null,"Safety_Equipment_Text_Format":null,"Safety_Equipment2":null,"Safety_Equipment2_Text_Format":null,"Non_motorist_Distracted_By":null,"Non_motorist_Distracted_By_Text_Format":null,"Seating_Position":11,"Seating_Position_Text_Format":"First Row, Left\u00A0Seat","Seating_Position_for_Bus":null,"City":"New Haven","Country":"UnitedStates","Driver_License_Jurisdiction":1,"Driver_License_Jurisdiction_Text_Format":"Not Licensed","Drivers_License_Issued_By":"CT","Drivers_License_Class":0,"Commercial_License_Class":1,"Commercial_License_Class_Text_Format":"No","Transported_to_First_Medical_Facility_By":3,"Transported_to_First_Medical_Facility_By_Text_Format":"EMS Ground","Name_of_the_EMS_agency":"AMER MED RESPONSE","Name_of_the_Intended_Receiving_Facility":"YALE-NH HOSP","OBJECTID_1":14}},{"type":"Feature","id":15,"geometry":{"type":"Point","coordinates":[938170.54233463109,681965.21544522047]},"properties":{"OBJECTID":15,"CrashId":891213,"Person_Type":1,"Person_Type_Text_Format":"Driver","Injury_Status_Text_Format":"Fatal Injury (K)","Fatal_Case_Status":1,"Fatal_Case_Status_Text_Format":"Complete","CrashId_1":891213,"CrashId_12":891213,"Latitude":41.332523000000002,"Longitude":-72.975139999999996,"DOT_Case_Number":921062,"Town_Name":"New Haven","Town_Number":93,"Town_Number_1":93,"Town_Number_Text_Format":"New Haven","Date_Of_Crash":"2021-04-16","Year":2021,"Month":4,"Month_Text_Format":"April","Day":16,"Day_of_the_Week":6,"Day_of_the_Week_Text_Format":"Friday","Time_of_Crash":"21:35:00","Hour_of_the_Day":21,"Case_Identifier":21014029,"Crash_Severity":"K","Crash_Severity_Text_Format":"Fatal (Kill)","Most_Severe_Injury":"K","Most_Severe_Injury_Text_Format":"Fatal Injury (K)","Number_Of_Motor_Vehicles":2,"Number_Of_Non_Motorist":0,"Number_Of_Witnesses":0,"Route_Class":3,"Route_Class_Text_Format":"State","Milemarker":1.1200000000000001,"Road_Number":63,"Road_Description":"63-N","Roadway_Name":"63-N","Intersecting_Roadway_Name":"EAST RAMSDELL ST","Landmark_Description":null,"Distance_From_Nearest_Landmark":null,"Unit_Of_Measure_From_Nearest_Landmark":null,"Direction_From_Nearest_Landmark":null,"Latitude_1":41.332523000000002,"Longitude_1":-72.975139999999996,"First_Harmful_Event":14,"First_Harmful_Event_Text_Format":"Motor Vehicle in Operation","Manner_of_Crash___Collision_Impact":97,"Manner_of_Crash___Collision_Impact_Text_Format":"Other","Location_of_First_Harmful_Event":1,"Location_of_First_Harmful_Event_Text_Format":"On Roadway","Weather_Condition":1,"Weather_Condition_Text_Format":"Clear","Weather_2":88,"Weather_2_Text_Format":"Not Applicable","Light_Condition":4,"Light_Condition_Text_Format":"Dark-Lighted","Road_Surface_Condition":1,"Road_Surface_Condition_Text_Format":"Dry","Contributing_Circumstances__Environment":0,"Contributing_Circumstances__Environment_Text_Format":"None","Environment_2":88,"Environment_2_Text_Format":"Not Applicable","Environment_3":88,"Environment_3_Text_Format":"Not Applicable","Contributing_Circumstances__Road":0,"Contributing_Circumstances__Road_Text_Format":"None","Road_2":88,"Road_2_Text_Format":"Not Applicable","Road_3":88,"Road_3_Text_Format":"Not Applicable","Crash_Specific_Location":2,"Crash_Specific_Location_Text_Format":"Intersection","Type_of_Intersection":2,"Type_of_Intersection_Text_Format":"Four-Way Intersection","School_Bus_Related":1,"School_Bus_Related_Text_Format":"No","Work_Zone_Related":1,"Work_Zone_Related_Text_Format":"No","Location_Of_Crash_Relative_To_Work_Zone":88,"Location_Of_Crash_Relative_To_Work_Zone_Text_Format":"Not Applicable","Type_of_Work_Zone":88,"Type_of_Work_Zone_Text_Format":"Not Applicable","Worker_Presence":88,"Worker_Presence_Text_Format":"Not Applicable","Law_Enforcement_Presence":88,"Law_Enforcement_Presence_Text_Format":"Not Applicable","Were_Vehicles_Moved_Prior_To_Police_Arrival":"FALSE","Trafficway_Ownership":1,"Trafficway_Ownership_Text_Format":"Public Road","Trafficway_Class":1,"Trafficway_Class_Text_Format":"Trafficway, On Road","Police_Agency":"CT0009300","Police_Agency_Text_Format":"New Haven PD","Badge_Number":751,"Approval_Date":"29:57.0","Police_Case_Status":"O","Police_Case_Status_Text_Format":"Open","Crash_Report_Submission_Date":"17:11.0","Related_Case_Identifiers":null,"No__of_Through_Lanes__Log_Dir__":4,"Average_Daily_Traffic":22900,"Functional_Classification":3,"Functional_Classification_Text_Format":"PRINCIPAL ARTERIAL - OTHER - NEW HPMS","Rural_or_Urban":2,"Rural_or_Urban_Text_Format":"Urban","CrashSeverityClass":2,"SevereCrashIndicator":1,"CrashId_12_13":null,"VehicleId":1,"PersonId":1,"Age":42,"Gender":1,"Gender_Text_Format":"Male","State":"CT","Postal_Code":null,"Injury_Status":"K","Condition_at_Time_of_Crash":99,"Condition_at_Time_of_Crash_Text_Format":"Unknown","Condition_at_Time_of_Crash2":99,"Condition_at_Time_of_Crash2_Text_Format":"Unknown","Action_Taken_by_Officer":0,"Action_Taken_by_Officer_Text_Format":"None taken","Alcohol_Test_Status":1,"Alcohol_Test_Status_Text_Format":"Test Not Given","Type_Of_Alcohol_Test":88,"Type_Of_Alcohol_Test_Text_Format":"Not Applicable","Drug_Test_Status":1,"Drug_Test_Status_Text_Format":"Test Not Given","Type_Of_Drig_Test":88,"Type_Of_Drig_Test_Text_Format":"Not Applicable","Ejection_Status":88,"Ejection_Status_Text_Format":"Not Applicable","Restraint_System":88,"Restraint_System_Text_Format":"Not Applicable","Helmet_Use":99,"Helmet_Use_Text_Format":"Unknown","Air_Bag_Status":2,"Air_Bag_Status_Text_Format":"Deployed-Front","Speeding_Related":99,"Speeding_Related_Text_Format":"Unknown","Driver_Actions_1":99,"Driver_Actions_1_Text_Format":"Unknown","Driver_Actions_2":88,"Driver_Actions_2_Text_Format":"Not Applicable","Driver_Actions_3":88,"Driver_Actions_3_Text_Format":"Not Applicable","Driver_Actions_4":88,"Driver_Actions_4_Text_Format":"Not Applicable","Driver_Distracted_By":99,"Driver_Distracted_By_Text_Format":"Unknown if Distracted","Roadway_On_Which_Nonmotorist_Was_Traveling_Located":null,"Direction_nonmotorist_was_traveling":null,"Direction_Unknown":null,"Striking_Motor_Vehicle_ID":null,"Bicycle_ID":null,"Non_Motorist_Not_In_Roadway":null,"Actions_or_Circumstances_Prior_to_Crash":null,"Actions_or_Circumstances_Prior_to_Crash_Text_Format":null,"To_or_From_School":null,"To_or_From_School_Text_Format":null,"Actions_or_Circumstances_At_Time_Of_Crash":null,"Actions_or_Circumstances_At_Time_Of_Crash_Text_Format":null,"Actions_or_Circumstances_At_Time_Of_Crash2":null,"Actions_or_Circumstances_At_Time_Of_Crash2_Text_Format":null,"Location_At_Time_Of_Crash":null,"Location_At_Time_Of_Crash_Text_Format":null,"Safety_Equipment":null,"Safety_Equipment_Text_Format":null,"Safety_Equipment2":null,"Safety_Equipment2_Text_Format":null,"Non_motorist_Distracted_By":null,"Non_motorist_Distracted_By_Text_Format":null,"Seating_Position":11,"Seating_Position_Text_Format":"First Row, Left\u00A0Seat","Seating_Position_for_Bus":null,"City":"New Haven","Country":"UnitedStates","Driver_License_Jurisdiction":2,"Driver_License_Jurisdiction_Text_Format":"State","Drivers_License_Issued_By":"CT","Drivers_License_Class":4,"Commercial_License_Class":1,"Commercial_License_Class_Text_Format":"No","Transported_to_First_Medical_Facility_By":3,"Transported_to_First_Medical_Facility_By_Text_Format":"EMS Ground","Name_of_the_EMS_agency":"AMER MED RESPONSE","Name_of_the_Intended_Receiving_Facility":"YALE-NH HOSP","OBJECTID_1":15}},{"type":"Feature","id":16,"geometry":{"type":"Point","coordinates":[960924.13331030309,669897.0679936409]},"properties":{"OBJECTID":16,"CrashId":891529,"Person_Type":3,"Person_Type_Text_Format":"Pedestrian","Injury_Status_Text_Format":"Fatal Injury (K)","Fatal_Case_Status":1,"Fatal_Case_Status_Text_Format":"Complete","CrashId_1":891529,"CrashId_12":891529,"Latitude":41.299539799999998,"Longitude":-72.892191600000004,"DOT_Case_Number":921315,"Town_Name":"New Haven","Town_Number":93,"Town_Number_1":93,"Town_Number_Text_Format":"New Haven","Date_Of_Crash":"2021-12-26","Year":2021,"Month":12,"Month_Text_Format":"December","Day":26,"Day_of_the_Week":1,"Day_of_the_Week_Text_Format":"Sunday","Time_of_Crash":"18:18:00","Hour_of_the_Day":18,"Case_Identifier":21046042,"Crash_Severity":"K","Crash_Severity_Text_Format":"Fatal (Kill)","Most_Severe_Injury":"K","Most_Severe_Injury_Text_Format":"Fatal Injury (K)","Number_Of_Motor_Vehicles":1,"Number_Of_Non_Motorist":1,"Number_Of_Witnesses":1,"Route_Class":4,"Route_Class_Text_Format":"Local","Milemarker":0.34999999999999998,"Road_Number":210,"Road_Description":"FARREN AV","Roadway_Name":"FARREN AV","Intersecting_Roadway_Name":null,"Landmark_Description":"LANCRAFT ST","Distance_From_Nearest_Landmark":400,"Unit_Of_Measure_From_Nearest_Landmark":"Feet","Direction_From_Nearest_Landmark":"N","Latitude_1":41.299539799999998,"Longitude_1":-72.892191600000004,"First_Harmful_Event":9,"First_Harmful_Event_Text_Format":"Pedestrian","Manner_of_Crash___Collision_Impact":88,"Manner_of_Crash___Collision_Impact_Text_Format":"Not Applicable","Location_of_First_Harmful_Event":1,"Location_of_First_Harmful_Event_Text_Format":"On Roadway","Weather_Condition":1,"Weather_Condition_Text_Format":"Clear","Weather_2":88,"Weather_2_Text_Format":"Not Applicable","Light_Condition":4,"Light_Condition_Text_Format":"Dark-Lighted","Road_Surface_Condition":1,"Road_Surface_Condition_Text_Format":"Dry","Contributing_Circumstances__Environment":0,"Contributing_Circumstances__Environment_Text_Format":"None","Environment_2":88,"Environment_2_Text_Format":"Not Applicable","Environment_3":88,"Environment_3_Text_Format":"Not Applicable","Contributing_Circumstances__Road":0,"Contributing_Circumstances__Road_Text_Format":"None","Road_2":88,"Road_2_Text_Format":"Not Applicable","Road_3":88,"Road_3_Text_Format":"Not Applicable","Crash_Specific_Location":1,"Crash_Specific_Location_Text_Format":"Non-Junction","Type_of_Intersection":1,"Type_of_Intersection_Text_Format":"Not at Intersection","School_Bus_Related":1,"School_Bus_Related_Text_Format":"No","Work_Zone_Related":1,"Work_Zone_Related_Text_Format":"No","Location_Of_Crash_Relative_To_Work_Zone":88,"Location_Of_Crash_Relative_To_Work_Zone_Text_Format":"Not Applicable","Type_of_Work_Zone":88,"Type_of_Work_Zone_Text_Format":"Not Applicable","Worker_Presence":88,"Worker_Presence_Text_Format":"Not Applicable","Law_Enforcement_Presence":88,"Law_Enforcement_Presence_Text_Format":"Not Applicable","Were_Vehicles_Moved_Prior_To_Police_Arrival":"TRUE","Trafficway_Ownership":1,"Trafficway_Ownership_Text_Format":"Public Road","Trafficway_Class":1,"Trafficway_Class_Text_Format":"Trafficway, On Road","Police_Agency":"CT0009300","Police_Agency_Text_Format":"New Haven PD","Badge_Number":42055,"Approval_Date":"13:25.0","Police_Case_Status":"O","Police_Case_Status_Text_Format":"Open","Crash_Report_Submission_Date":"18:55.0","Related_Case_Identifiers":null,"No__of_Through_Lanes__Log_Dir__":2,"Average_Daily_Traffic":11400,"Functional_Classification":4,"Functional_Classification_Text_Format":"MINOR ARTERIAL - NEW HPMS","Rural_or_Urban":2,"Rural_or_Urban_Text_Format":"Urban","CrashSeverityClass":2,"SevereCrashIndicator":1,"CrashId_12_13":null,"VehicleId":null,"PersonId":3,"Age":42,"Gender":1,"Gender_Text_Format":"Male","State":"CT","Postal_Code":6513,"Injury_Status":"K","Condition_at_Time_of_Crash":99,"Condition_at_Time_of_Crash_Text_Format":"Unknown","Condition_at_Time_of_Crash2":null,"Condition_at_Time_of_Crash2_Text_Format":null,"Action_Taken_by_Officer":0,"Action_Taken_by_Officer_Text_Format":"None taken","Alcohol_Test_Status":1,"Alcohol_Test_Status_Text_Format":"Test Not Given","Type_Of_Alcohol_Test":88,"Type_Of_Alcohol_Test_Text_Format":"Not Applicable","Drug_Test_Status":1,"Drug_Test_Status_Text_Format":"Test Not Given","Type_Of_Drig_Test":88,"Type_Of_Drig_Test_Text_Format":"Not Applicable","Ejection_Status":null,"Ejection_Status_Text_Format":null,"Restraint_System":null,"Restraint_System_Text_Format":null,"Helmet_Use":null,"Helmet_Use_Text_Format":null,"Air_Bag_Status":null,"Air_Bag_Status_Text_Format":null,"Speeding_Related":null,"Speeding_Related_Text_Format":null,"Driver_Actions_1":null,"Driver_Actions_1_Text_Format":null,"Driver_Actions_2":null,"Driver_Actions_2_Text_Format":null,"Driver_Actions_3":null,"Driver_Actions_3_Text_Format":null,"Driver_Actions_4":null,"Driver_Actions_4_Text_Format":null,"Driver_Distracted_By":null,"Driver_Distracted_By_Text_Format":null,"Roadway_On_Which_Nonmotorist_Was_Traveling_Located":"FARREN AVE","Direction_nonmotorist_was_traveling":"S","Direction_Unknown":0,"Striking_Motor_Vehicle_ID":1,"Bicycle_ID":null,"Non_Motorist_Not_In_Roadway":0,"Actions_or_Circumstances_Prior_to_Crash":99,"Actions_or_Circumstances_Prior_to_Crash_Text_Format":"Unknown","To_or_From_School":1,"To_or_From_School_Text_Format":"No","Actions_or_Circumstances_At_Time_Of_Crash":1,"Actions_or_Circumstances_At_Time_Of_Crash_Text_Format":"No Improper Action","Actions_or_Circumstances_At_Time_Of_Crash2":88,"Actions_or_Circumstances_At_Time_Of_Crash2_Text_Format":"Not Applicable","Location_At_Time_Of_Crash":7,"Location_At_Time_Of_Crash_Text_Format":"Shoulder/Roadside","Safety_Equipment":0,"Safety_Equipment_Text_Format":"None","Safety_Equipment2":88,"Safety_Equipment2_Text_Format":"Not Applicable","Non_motorist_Distracted_By":99,"Non_motorist_Distracted_By_Text_Format":"Unknown if Distracted","Seating_Position":null,"Seating_Position_Text_Format":null,"Seating_Position_for_Bus":null,"City":"New Haven","Country":"UnitedStates","Driver_License_Jurisdiction":2,"Driver_License_Jurisdiction_Text_Format":"State","Drivers_License_Issued_By":"CT","Drivers_License_Class":null,"Commercial_License_Class":null,"Commercial_License_Class_Text_Format":null,"Transported_to_First_Medical_Facility_By":3,"Transported_to_First_Medical_Facility_By_Text_Format":"EMS Ground","Name_of_the_EMS_agency":"AMER MED RESPONSE","Name_of_the_Intended_Receiving_Facility":"YALE-NH HOSP","OBJECTID_1":16}},{"type":"Feature","id":17,"geometry":{"type":"Point","coordinates":[941328.9192199707,675777.75373880565]},"properties":{"OBJECTID":17,"CrashId":907673,"Person_Type":1,"Person_Type_Text_Format":"Driver","Injury_Status_Text_Format":"Fatal Injury (K)","Fatal_Case_Status":1,"Fatal_Case_Status_Text_Format":"Complete","CrashId_1":907673,"CrashId_12":907673,"Latitude":41.315595999999999,"Longitude":-72.963566,"DOT_Case_Number":922028,"Town_Name":"New Haven","Town_Number":93,"Town_Number_1":93,"Town_Number_Text_Format":"New Haven","Date_Of_Crash":"2022-02-07","Year":2022,"Month":2,"Month_Text_Format":"February","Day":7,"Day_of_the_Week":2,"Day_of_the_Week_Text_Format":"Monday","Time_of_Crash":"12:14:00","Hour_of_the_Day":12,"Case_Identifier":22003832,"Crash_Severity":"K","Crash_Severity_Text_Format":"Fatal (Kill)","Most_Severe_Injury":"K","Most_Severe_Injury_Text_Format":"Fatal Injury (K)","Number_Of_Motor_Vehicles":2,"Number_Of_Non_Motorist":0,"Number_Of_Witnesses":2,"Route_Class":4,"Route_Class_Text_Format":"Local","Milemarker":3.8500000000000001,"Road_Number":97,"Road_Description":"CHAPEL ST","Roadway_Name":"CHAPEL ST","Intersecting_Roadway_Name":"CENTRAL AV","Landmark_Description":null,"Distance_From_Nearest_Landmark":null,"Unit_Of_Measure_From_Nearest_Landmark":null,"Direction_From_Nearest_Landmark":null,"Latitude_1":41.315595999999999,"Longitude_1":-72.963566,"First_Harmful_Event":14,"First_Harmful_Event_Text_Format":"Motor Vehicle in Operation","Manner_of_Crash___Collision_Impact":3,"Manner_of_Crash___Collision_Impact_Text_Format":"Angle","Location_of_First_Harmful_Event":1,"Location_of_First_Harmful_Event_Text_Format":"On Roadway","Weather_Condition":4,"Weather_Condition_Text_Format":"Rain","Weather_2":88,"Weather_2_Text_Format":"Not Applicable","Light_Condition":1,"Light_Condition_Text_Format":"Daylight","Road_Surface_Condition":2,"Road_Surface_Condition_Text_Format":"Wet","Contributing_Circumstances__Environment":0,"Contributing_Circumstances__Environment_Text_Format":"None","Environment_2":88,"Environment_2_Text_Format":"Not Applicable","Environment_3":88,"Environment_3_Text_Format":"Not Applicable","Contributing_Circumstances__Road":0,"Contributing_Circumstances__Road_Text_Format":"None","Road_2":88,"Road_2_Text_Format":"Not Applicable","Road_3":88,"Road_3_Text_Format":"Not Applicable","Crash_Specific_Location":2,"Crash_Specific_Location_Text_Format":"Intersection","Type_of_Intersection":2,"Type_of_Intersection_Text_Format":"Four-Way Intersection","School_Bus_Related":1,"School_Bus_Related_Text_Format":"No","Work_Zone_Related":1,"Work_Zone_Related_Text_Format":"No","Location_Of_Crash_Relative_To_Work_Zone":88,"Location_Of_Crash_Relative_To_Work_Zone_Text_Format":"Not Applicable","Type_of_Work_Zone":88,"Type_of_Work_Zone_Text_Format":"Not Applicable","Worker_Presence":88,"Worker_Presence_Text_Format":"Not Applicable","Law_Enforcement_Presence":88,"Law_Enforcement_Presence_Text_Format":"Not Applicable","Were_Vehicles_Moved_Prior_To_Police_Arrival":"FALSE","Trafficway_Ownership":1,"Trafficway_Ownership_Text_Format":"Public Road","Trafficway_Class":1,"Trafficway_Class_Text_Format":"Trafficway, On Road","Police_Agency":"CT0009300","Police_Agency_Text_Format":"New Haven PD","Badge_Number":62,"Approval_Date":"50:16.0","Police_Case_Status":"O","Police_Case_Status_Text_Format":"Open","Crash_Report_Submission_Date":"00:16.0","Related_Case_Identifiers":null,"No__of_Through_Lanes__Log_Dir__":2,"Average_Daily_Traffic":4100,"Functional_Classification":5,"Functional_Classification_Text_Format":"MAJOR COLLECTOR - NEW HPMS","Rural_or_Urban":2,"Rural_or_Urban_Text_Format":"Urban","CrashSeverityClass":2,"SevereCrashIndicator":1,"CrashId_12_13":null,"VehicleId":2,"PersonId":2,"Age":73,"Gender":1,"Gender_Text_Format":"Male","State":"CT","Postal_Code":6516,"Injury_Status":"K","Condition_at_Time_of_Crash":2,"Condition_at_Time_of_Crash_Text_Format":"Physically Impaired","Condition_at_Time_of_Crash2":88,"Condition_at_Time_of_Crash2_Text_Format":"Not Applicable","Action_Taken_by_Officer":0,"Action_Taken_by_Officer_Text_Format":"None taken","Alcohol_Test_Status":1,"Alcohol_Test_Status_Text_Format":"Test Not Given","Type_Of_Alcohol_Test":88,"Type_Of_Alcohol_Test_Text_Format":"Not Applicable","Drug_Test_Status":1,"Drug_Test_Status_Text_Format":"Test Not Given","Type_Of_Drig_Test":88,"Type_Of_Drig_Test_Text_Format":"Not Applicable","Ejection_Status":1,"Ejection_Status_Text_Format":"Not Ejected","Restraint_System":99,"Restraint_System_Text_Format":"Unknown","Helmet_Use":88,"Helmet_Use_Text_Format":"Not Applicable","Air_Bag_Status":6,"Air_Bag_Status_Text_Format":"Deployed-Combination","Speeding_Related":1,"Speeding_Related_Text_Format":"No","Driver_Actions_1":1,"Driver_Actions_1_Text_Format":"No Contributing Action","Driver_Actions_2":88,"Driver_Actions_2_Text_Format":"Not Applicable","Driver_Actions_3":88,"Driver_Actions_3_Text_Format":"Not Applicable","Driver_Actions_4":88,"Driver_Actions_4_Text_Format":"Not Applicable","Driver_Distracted_By":1,"Driver_Distracted_By_Text_Format":"Not Distracted","Roadway_On_Which_Nonmotorist_Was_Traveling_Located":null,"Direction_nonmotorist_was_traveling":null,"Direction_Unknown":null,"Striking_Motor_Vehicle_ID":null,"Bicycle_ID":null,"Non_Motorist_Not_In_Roadway":null,"Actions_or_Circumstances_Prior_to_Crash":null,"Actions_or_Circumstances_Prior_to_Crash_Text_Format":null,"To_or_From_School":null,"To_or_From_School_Text_Format":null,"Actions_or_Circumstances_At_Time_Of_Crash":null,"Actions_or_Circumstances_At_Time_Of_Crash_Text_Format":null,"Actions_or_Circumstances_At_Time_Of_Crash2":null,"Actions_or_Circumstances_At_Time_Of_Crash2_Text_Format":null,"Location_At_Time_Of_Crash":null,"Location_At_Time_Of_Crash_Text_Format":null,"Safety_Equipment":null,"Safety_Equipment_Text_Format":null,"Safety_Equipment2":null,"Safety_Equipment2_Text_Format":null,"Non_motorist_Distracted_By":null,"Non_motorist_Distracted_By_Text_Format":null,"Seating_Position":11,"Seating_Position_Text_Format":"First Row, Left\u00A0Seat","Seating_Position_for_Bus":null,"City":"New Haven","Country":"UnitedStates","Driver_License_Jurisdiction":2,"Driver_License_Jurisdiction_Text_Format":"State","Drivers_License_Issued_By":"CT","Drivers_License_Class":4,"Commercial_License_Class":1,"Commercial_License_Class_Text_Format":"No","Transported_to_First_Medical_Facility_By":3,"Transported_to_First_Medical_Facility_By_Text_Format":"EMS Ground","Name_of_the_EMS_agency":"AMER MED RESPONSE","Name_of_the_Intended_Receiving_Facility":"YALE-NH HOSP","OBJECTID_1":17}},{"type":"Feature","id":18,"geometry":{"type":"Point","coordinates":[964762.45437380672,680245.88587863743]},"properties":{"OBJECTID":18,"CrashId":916634,"Person_Type":1,"Person_Type_Text_Format":"Driver","Injury_Status_Text_Format":"Fatal Injury (K)","Fatal_Case_Status":1,"Fatal_Case_Status_Text_Format":"Complete","CrashId_1":916634,"CrashId_12":916634,"Latitude":41.327964999999999,"Longitude":-72.878247000000002,"DOT_Case_Number":922056,"Town_Name":"New Haven","Town_Number":93,"Town_Number_1":93,"Town_Number_Text_Format":"New Haven","Date_Of_Crash":"2022-03-11","Year":2022,"Month":3,"Month_Text_Format":"March","Day":11,"Day_of_the_Week":6,"Day_of_the_Week_Text_Format":"Friday","Time_of_Crash":"1:00:00","Hour_of_the_Day":1,"Case_Identifier":22007504,"Crash_Severity":"K","Crash_Severity_Text_Format":"Fatal (Kill)","Most_Severe_Injury":"K","Most_Severe_Injury_Text_Format":"Fatal Injury (K)","Number_Of_Motor_Vehicles":2,"Number_Of_Non_Motorist":0,"Number_Of_Witnesses":0,"Route_Class":3,"Route_Class_Text_Format":"State","Milemarker":0.55000000000000004,"Road_Number":17,"Road_Description":"17-N","Roadway_Name":"17-N","Intersecting_Roadway_Name":"FLINT ST","Landmark_Description":null,"Distance_From_Nearest_Landmark":null,"Unit_Of_Measure_From_Nearest_Landmark":null,"Direction_From_Nearest_Landmark":null,"Latitude_1":41.327964999999999,"Longitude_1":-72.878247000000002,"First_Harmful_Event":14,"First_Harmful_Event_Text_Format":"Motor Vehicle in Operation","Manner_of_Crash___Collision_Impact":3,"Manner_of_Crash___Collision_Impact_Text_Format":"Angle","Location_of_First_Harmful_Event":1,"Location_of_First_Harmful_Event_Text_Format":"On Roadway","Weather_Condition":1,"Weather_Condition_Text_Format":"Clear","Weather_2":88,"Weather_2_Text_Format":"Not Applicable","Light_Condition":4,"Light_Condition_Text_Format":"Dark-Lighted","Road_Surface_Condition":1,"Road_Surface_Condition_Text_Format":"Dry","Contributing_Circumstances__Environment":0,"Contributing_Circumstances__Environment_Text_Format":"None","Environment_2":88,"Environment_2_Text_Format":"Not Applicable","Environment_3":88,"Environment_3_Text_Format":"Not Applicable","Contributing_Circumstances__Road":0,"Contributing_Circumstances__Road_Text_Format":"None","Road_2":88,"Road_2_Text_Format":"Not Applicable","Road_3":88,"Road_3_Text_Format":"Not Applicable","Crash_Specific_Location":2,"Crash_Specific_Location_Text_Format":"Intersection","Type_of_Intersection":3,"Type_of_Intersection_Text_Format":"T-Intersection","School_Bus_Related":1,"School_Bus_Related_Text_Format":"No","Work_Zone_Related":1,"Work_Zone_Related_Text_Format":"No","Location_Of_Crash_Relative_To_Work_Zone":88,"Location_Of_Crash_Relative_To_Work_Zone_Text_Format":"Not Applicable","Type_of_Work_Zone":88,"Type_of_Work_Zone_Text_Format":"Not Applicable","Worker_Presence":88,"Worker_Presence_Text_Format":"Not Applicable","Law_Enforcement_Presence":88,"Law_Enforcement_Presence_Text_Format":"Not Applicable","Were_Vehicles_Moved_Prior_To_Police_Arrival":"FALSE","Trafficway_Ownership":1,"Trafficway_Ownership_Text_Format":"Public Road","Trafficway_Class":1,"Trafficway_Class_Text_Format":"Trafficway, On Road","Police_Agency":"CT0009300","Police_Agency_Text_Format":"New Haven PD","Badge_Number":40807,"Approval_Date":"49:00.0","Police_Case_Status":"O","Police_Case_Status_Text_Format":"Open","Crash_Report_Submission_Date":"01:37.0","Related_Case_Identifiers":null,"No__of_Through_Lanes__Log_Dir__":1,"Average_Daily_Traffic":14300,"Functional_Classification":3,"Functional_Classification_Text_Format":"PRINCIPAL ARTERIAL - OTHER - NEW HPMS","Rural_or_Urban":1,"Rural_or_Urban_Text_Format":"Rural","CrashSeverityClass":2,"SevereCrashIndicator":1,"CrashId_12_13":null,"VehicleId":2,"PersonId":2,"Age":28,"Gender":1,"Gender_Text_Format":"Male","State":"CT","Postal_Code":6516,"Injury_Status":"K","Condition_at_Time_of_Crash":99,"Condition_at_Time_of_Crash_Text_Format":"Unknown","Condition_at_Time_of_Crash2":null,"Condition_at_Time_of_Crash2_Text_Format":null,"Action_Taken_by_Officer":0,"Action_Taken_by_Officer_Text_Format":"None taken","Alcohol_Test_Status":1,"Alcohol_Test_Status_Text_Format":"Test Not Given","Type_Of_Alcohol_Test":88,"Type_Of_Alcohol_Test_Text_Format":"Not Applicable","Drug_Test_Status":1,"Drug_Test_Status_Text_Format":"Test Not Given","Type_Of_Drig_Test":88,"Type_Of_Drig_Test_Text_Format":"Not Applicable","Ejection_Status":3,"Ejection_Status_Text_Format":"Ejected, Totally","Restraint_System":99,"Restraint_System_Text_Format":"Unknown","Helmet_Use":88,"Helmet_Use_Text_Format":"Not Applicable","Air_Bag_Status":6,"Air_Bag_Status_Text_Format":"Deployed-Combination","Speeding_Related":99,"Speeding_Related_Text_Format":"Unknown","Driver_Actions_1":99,"Driver_Actions_1_Text_Format":"Unknown","Driver_Actions_2":88,"Driver_Actions_2_Text_Format":"Not Applicable","Driver_Actions_3":88,"Driver_Actions_3_Text_Format":"Not Applicable","Driver_Actions_4":88,"Driver_Actions_4_Text_Format":"Not Applicable","Driver_Distracted_By":99,"Driver_Distracted_By_Text_Format":"Unknown if Distracted","Roadway_On_Which_Nonmotorist_Was_Traveling_Located":null,"Direction_nonmotorist_was_traveling":null,"Direction_Unknown":null,"Striking_Motor_Vehicle_ID":null,"Bicycle_ID":null,"Non_Motorist_Not_In_Roadway":null,"Actions_or_Circumstances_Prior_to_Crash":null,"Actions_or_Circumstances_Prior_to_Crash_Text_Format":null,"To_or_From_School":null,"To_or_From_School_Text_Format":null,"Actions_or_Circumstances_At_Time_Of_Crash":null,"Actions_or_Circumstances_At_Time_Of_Crash_Text_Format":null,"Actions_or_Circumstances_At_Time_Of_Crash2":null,"Actions_or_Circumstances_At_Time_Of_Crash2_Text_Format":null,"Location_At_Time_Of_Crash":null,"Location_At_Time_Of_Crash_Text_Format":null,"Safety_Equipment":null,"Safety_Equipment_Text_Format":null,"Safety_Equipment2":null,"Safety_Equipment2_Text_Format":null,"Non_motorist_Distracted_By":null,"Non_motorist_Distracted_By_Text_Format":null,"Seating_Position":11,"Seating_Position_Text_Format":"First Row, Left\u00A0Seat","Seating_Position_for_Bus":null,"City":"West Haven","Country":"UnitedStates","Driver_License_Jurisdiction":1,"Driver_License_Jurisdiction_Text_Format":"Not Licensed","Drivers_License_Issued_By":"CT","Drivers_License_Class":0,"Commercial_License_Class":1,"Commercial_License_Class_Text_Format":"No","Transported_to_First_Medical_Facility_By":3,"Transported_to_First_Medical_Facility_By_Text_Format":"EMS Ground","Name_of_the_EMS_agency":"AMER MED RESPONSE","Name_of_the_Intended_Receiving_Facility":"YALE-NH HOSP","OBJECTID_1":18}},{"type":"Feature","id":19,"geometry":{"type":"Point","coordinates":[951803.04295672476,674334.51023422182]},"properties":{"OBJECTID":19,"CrashId":923255,"Person_Type":5,"Person_Type_Text_Format":"Bicyclist","Injury_Status_Text_Format":"Fatal Injury (K)","Fatal_Case_Status":1,"Fatal_Case_Status_Text_Format":"Complete","CrashId_1":923255,"CrashId_12":923255,"Latitude":41.31166683,"Longitude":-72.925439179999998,"DOT_Case_Number":921285,"Town_Name":"New Haven","Town_Number":93,"Town_Number_1":93,"Town_Number_Text_Format":"New Haven","Date_Of_Crash":"2021-11-07","Year":2021,"Month":11,"Month_Text_Format":"November","Day":7,"Day_of_the_Week":1,"Day_of_the_Week_Text_Format":"Sunday","Time_of_Crash":"17:41:00","Hour_of_the_Day":17,"Case_Identifier":21040304,"Crash_Severity":"K","Crash_Severity_Text_Format":"Fatal (Kill)","Most_Severe_Injury":"K","Most_Severe_Injury_Text_Format":"Fatal Injury (K)","Number_Of_Motor_Vehicles":1,"Number_Of_Non_Motorist":1,"Number_Of_Witnesses":0,"Route_Class":4,"Route_Class_Text_Format":"Local","Milemarker":0,"Road_Number":117,"Road_Description":"COLLEGE ST","Roadway_Name":"COLLEGE ST","Intersecting_Roadway_Name":"GROVE ST","Landmark_Description":null,"Distance_From_Nearest_Landmark":null,"Unit_Of_Measure_From_Nearest_Landmark":null,"Direction_From_Nearest_Landmark":null,"Latitude_1":41.31166683,"Longitude_1":-72.925439179999998,"First_Harmful_Event":10,"First_Harmful_Event_Text_Format":"Pedalcycle/Pedalcyclist","Manner_of_Crash___Collision_Impact":88,"Manner_of_Crash___Collision_Impact_Text_Format":"Not Applicable","Location_of_First_Harmful_Event":1,"Location_of_First_Harmful_Event_Text_Format":"On Roadway","Weather_Condition":1,"Weather_Condition_Text_Format":"Clear","Weather_2":null,"Weather_2_Text_Format":null,"Light_Condition":4,"Light_Condition_Text_Format":"Dark-Lighted","Road_Surface_Condition":1,"Road_Surface_Condition_Text_Format":"Dry","Contributing_Circumstances__Environment":0,"Contributing_Circumstances__Environment_Text_Format":"None","Environment_2":null,"Environment_2_Text_Format":null,"Environment_3":null,"Environment_3_Text_Format":null,"Contributing_Circumstances__Road":0,"Contributing_Circumstances__Road_Text_Format":"None","Road_2":null,"Road_2_Text_Format":null,"Road_3":null,"Road_3_Text_Format":null,"Crash_Specific_Location":3,"Crash_Specific_Location_Text_Format":"Intersection-Related","Type_of_Intersection":2,"Type_of_Intersection_Text_Format":"Four-Way Intersection","School_Bus_Related":1,"School_Bus_Related_Text_Format":"No","Work_Zone_Related":1,"Work_Zone_Related_Text_Format":"No","Location_Of_Crash_Relative_To_Work_Zone":88,"Location_Of_Crash_Relative_To_Work_Zone_Text_Format":"Not Applicable","Type_of_Work_Zone":88,"Type_of_Work_Zone_Text_Format":"Not Applicable","Worker_Presence":88,"Worker_Presence_Text_Format":"Not Applicable","Law_Enforcement_Presence":88,"Law_Enforcement_Presence_Text_Format":"Not Applicable","Were_Vehicles_Moved_Prior_To_Police_Arrival":null,"Trafficway_Ownership":1,"Trafficway_Ownership_Text_Format":"Public Road","Trafficway_Class":1,"Trafficway_Class_Text_Format":"Trafficway, On Road","Police_Agency":"CT0009300","Police_Agency_Text_Format":"New Haven PD","Badge_Number":221,"Approval_Date":"11:00.0","Police_Case_Status":"O","Police_Case_Status_Text_Format":"Open","Crash_Report_Submission_Date":"48:00.0","Related_Case_Identifiers":null,"No__of_Through_Lanes__Log_Dir__":null,"Average_Daily_Traffic":null,"Functional_Classification":null,"Functional_Classification_Text_Format":null,"Rural_or_Urban":null,"Rural_or_Urban_Text_Format":null,"CrashSeverityClass":2,"SevereCrashIndicator":1,"CrashId_12_13":null,"VehicleId":null,"PersonId":2,"Age":79,"Gender":1,"Gender_Text_Format":"Male","State":null,"Postal_Code":null,"Injury_Status":"K","Condition_at_Time_of_Crash":99,"Condition_at_Time_of_Crash_Text_Format":"Unknown","Condition_at_Time_of_Crash2":null,"Condition_at_Time_of_Crash2_Text_Format":null,"Action_Taken_by_Officer":0,"Action_Taken_by_Officer_Text_Format":"None taken","Alcohol_Test_Status":1,"Alcohol_Test_Status_Text_Format":"Test Not Given","Type_Of_Alcohol_Test":88,"Type_Of_Alcohol_Test_Text_Format":"Not Applicable","Drug_Test_Status":1,"Drug_Test_Status_Text_Format":"Test Not Given","Type_Of_Drig_Test":88,"Type_Of_Drig_Test_Text_Format":"Not Applicable","Ejection_Status":null,"Ejection_Status_Text_Format":null,"Restraint_System":null,"Restraint_System_Text_Format":null,"Helmet_Use":null,"Helmet_Use_Text_Format":null,"Air_Bag_Status":null,"Air_Bag_Status_Text_Format":null,"Speeding_Related":null,"Speeding_Related_Text_Format":null,"Driver_Actions_1":null,"Driver_Actions_1_Text_Format":null,"Driver_Actions_2":null,"Driver_Actions_2_Text_Format":null,"Driver_Actions_3":null,"Driver_Actions_3_Text_Format":null,"Driver_Actions_4":null,"Driver_Actions_4_Text_Format":null,"Driver_Distracted_By":null,"Driver_Distracted_By_Text_Format":null,"Roadway_On_Which_Nonmotorist_Was_Traveling_Located":"College St","Direction_nonmotorist_was_traveling":"S","Direction_Unknown":null,"Striking_Motor_Vehicle_ID":null,"Bicycle_ID":"2","Non_Motorist_Not_In_Roadway":null,"Actions_or_Circumstances_Prior_to_Crash":3,"Actions_or_Circumstances_Prior_to_Crash_Text_Format":"Walking/Cycling along Roadway Along Traffic (In or Adjacent to Travel Lane)","To_or_From_School":1,"To_or_From_School_Text_Format":"No","Actions_or_Circumstances_At_Time_Of_Crash":1,"Actions_or_Circumstances_At_Time_Of_Crash_Text_Format":"No Improper Action","Actions_or_Circumstances_At_Time_Of_Crash2":null,"Actions_or_Circumstances_At_Time_Of_Crash2_Text_Format":null,"Location_At_Time_Of_Crash":6,"Location_At_Time_Of_Crash_Text_Format":"Bicycle Lane","Safety_Equipment":0,"Safety_Equipment_Text_Format":"None","Safety_Equipment2":null,"Safety_Equipment2_Text_Format":null,"Non_motorist_Distracted_By":99,"Non_motorist_Distracted_By_Text_Format":"Unknown if Distracted","Seating_Position":null,"Seating_Position_Text_Format":null,"Seating_Position_for_Bus":null,"City":null,"Country":null,"Driver_License_Jurisdiction":88,"Driver_License_Jurisdiction_Text_Format":"Not applicable","Drivers_License_Issued_By":null,"Drivers_License_Class":null,"Commercial_License_Class":null,"Commercial_License_Class_Text_Format":null,"Transported_to_First_Medical_Facility_By":3,"Transported_to_First_Medical_Facility_By_Text_Format":"EMS Ground","Name_of_the_EMS_agency":"AMR","Name_of_the_Intended_Receiving_Facility":"Yale NH","OBJECTID_1":19}},{"type":"Feature","id":20,"geometry":{"type":"Point","coordinates":[949886.22887697816,670886.06732797623]},"properties":{"OBJECTID":20,"CrashId":924129,"Person_Type":1,"Person_Type_Text_Format":"Driver","Injury_Status_Text_Format":"Fatal Injury (K)","Fatal_Case_Status":1,"Fatal_Case_Status_Text_Format":"Complete","CrashId_1":924129,"CrashId_12":924129,"Latitude":41.302301730000003,"Longitude":-72.932412990000003,"DOT_Case_Number":922086,"Town_Name":"New Haven","Town_Number":93,"Town_Number_1":93,"Town_Number_Text_Format":"New Haven","Date_Of_Crash":"2022-04-09","Year":2022,"Month":4,"Month_Text_Format":"April","Day":9,"Day_of_the_Week":7,"Day_of_the_Week_Text_Format":"Saturday","Time_of_Crash":"3:32:00","Hour_of_the_Day":3,"Case_Identifier":22011249,"Crash_Severity":"K","Crash_Severity_Text_Format":"Fatal (Kill)","Most_Severe_Injury":"K","Most_Severe_Injury_Text_Format":"Fatal Injury (K)","Number_Of_Motor_Vehicles":1,"Number_Of_Non_Motorist":0,"Number_Of_Witnesses":1,"Route_Class":4,"Route_Class_Text_Format":"Local","Milemarker":0.75,"Road_Number":117,"Road_Description":"COLLEGE ST","Roadway_Name":"COLLEGE ST","Intersecting_Roadway_Name":"CONGRESS AV","Landmark_Description":null,"Distance_From_Nearest_Landmark":null,"Unit_Of_Measure_From_Nearest_Landmark":null,"Direction_From_Nearest_Landmark":null,"Latitude_1":41.302301730000003,"Longitude_1":-72.932412990000003,"First_Harmful_Event":18,"First_Harmful_Event_Text_Format":"Other Non-Fixed Object","Manner_of_Crash___Collision_Impact":88,"Manner_of_Crash___Collision_Impact_Text_Format":"Not Applicable","Location_of_First_Harmful_Event":4,"Location_of_First_Harmful_Event_Text_Format":"Roadside","Weather_Condition":1,"Weather_Condition_Text_Format":"Clear","Weather_2":88,"Weather_2_Text_Format":"Not Applicable","Light_Condition":4,"Light_Condition_Text_Format":"Dark-Lighted","Road_Surface_Condition":1,"Road_Surface_Condition_Text_Format":"Dry","Contributing_Circumstances__Environment":99,"Contributing_Circumstances__Environment_Text_Format":"Unknown","Environment_2":88,"Environment_2_Text_Format":"Not Applicable","Environment_3":88,"Environment_3_Text_Format":"Not Applicable","Contributing_Circumstances__Road":0,"Contributing_Circumstances__Road_Text_Format":"None","Road_2":88,"Road_2_Text_Format":"Not Applicable","Road_3":88,"Road_3_Text_Format":"Not Applicable","Crash_Specific_Location":3,"Crash_Specific_Location_Text_Format":"Intersection-Related","Type_of_Intersection":4,"Type_of_Intersection_Text_Format":"Y-Intersection","School_Bus_Related":1,"School_Bus_Related_Text_Format":"No","Work_Zone_Related":1,"Work_Zone_Related_Text_Format":"No","Location_Of_Crash_Relative_To_Work_Zone":88,"Location_Of_Crash_Relative_To_Work_Zone_Text_Format":"Not Applicable","Type_of_Work_Zone":88,"Type_of_Work_Zone_Text_Format":"Not Applicable","Worker_Presence":88,"Worker_Presence_Text_Format":"Not Applicable","Law_Enforcement_Presence":88,"Law_Enforcement_Presence_Text_Format":"Not Applicable","Were_Vehicles_Moved_Prior_To_Police_Arrival":"FALSE","Trafficway_Ownership":1,"Trafficway_Ownership_Text_Format":"Public Road","Trafficway_Class":1,"Trafficway_Class_Text_Format":"Trafficway, On Road","Police_Agency":"CT0009300","Police_Agency_Text_Format":"New Haven PD","Badge_Number":40952,"Approval_Date":"23:33.0","Police_Case_Status":"O","Police_Case_Status_Text_Format":"Open","Crash_Report_Submission_Date":"00:38.0","Related_Case_Identifiers":null,"No__of_Through_Lanes__Log_Dir__":2,"Average_Daily_Traffic":5400,"Functional_Classification":3,"Functional_Classification_Text_Format":"PRINCIPAL ARTERIAL - OTHER - NEW HPMS","Rural_or_Urban":2,"Rural_or_Urban_Text_Format":"Urban","CrashSeverityClass":2,"SevereCrashIndicator":1,"CrashId_12_13":924129,"VehicleId":1,"PersonId":1,"Age":26,"Gender":1,"Gender_Text_Format":"Male","State":"CT","Postal_Code":6516,"Injury_Status":"K","Condition_at_Time_of_Crash":97,"Condition_at_Time_of_Crash_Text_Format":"Other","Condition_at_Time_of_Crash2":97,"Condition_at_Time_of_Crash2_Text_Format":"Other","Action_Taken_by_Officer":0,"Action_Taken_by_Officer_Text_Format":"None taken","Alcohol_Test_Status":1,"Alcohol_Test_Status_Text_Format":"Test Not Given","Type_Of_Alcohol_Test":88,"Type_Of_Alcohol_Test_Text_Format":"Not Applicable","Drug_Test_Status":1,"Drug_Test_Status_Text_Format":"Test Not Given","Type_Of_Drig_Test":88,"Type_Of_Drig_Test_Text_Format":"Not Applicable","Ejection_Status":1,"Ejection_Status_Text_Format":"Not Ejected","Restraint_System":99,"Restraint_System_Text_Format":"Unknown","Helmet_Use":88,"Helmet_Use_Text_Format":"Not Applicable","Air_Bag_Status":1,"Air_Bag_Status_Text_Format":"Not Deployed","Speeding_Related":99,"Speeding_Related_Text_Format":"Unknown","Driver_Actions_1":2,"Driver_Actions_1_Text_Format":"Ran Off Roadway","Driver_Actions_2":88,"Driver_Actions_2_Text_Format":"Not Applicable","Driver_Actions_3":88,"Driver_Actions_3_Text_Format":"Not Applicable","Driver_Actions_4":88,"Driver_Actions_4_Text_Format":"Not Applicable","Driver_Distracted_By":99,"Driver_Distracted_By_Text_Format":"Unknown if Distracted","Roadway_On_Which_Nonmotorist_Was_Traveling_Located":null,"Direction_nonmotorist_was_traveling":null,"Direction_Unknown":null,"Striking_Motor_Vehicle_ID":null,"Bicycle_ID":null,"Non_Motorist_Not_In_Roadway":null,"Actions_or_Circumstances_Prior_to_Crash":null,"Actions_or_Circumstances_Prior_to_Crash_Text_Format":null,"To_or_From_School":null,"To_or_From_School_Text_Format":null,"Actions_or_Circumstances_At_Time_Of_Crash":null,"Actions_or_Circumstances_At_Time_Of_Crash_Text_Format":null,"Actions_or_Circumstances_At_Time_Of_Crash2":null,"Actions_or_Circumstances_At_Time_Of_Crash2_Text_Format":null,"Location_At_Time_Of_Crash":null,"Location_At_Time_Of_Crash_Text_Format":null,"Safety_Equipment":null,"Safety_Equipment_Text_Format":null,"Safety_Equipment2":null,"Safety_Equipment2_Text_Format":null,"Non_motorist_Distracted_By":null,"Non_motorist_Distracted_By_Text_Format":null,"Seating_Position":11,"Seating_Position_Text_Format":"First Row, Left\u00A0Seat","Seating_Position_for_Bus":null,"City":"West Haven","Country":"UnitedStates","Driver_License_Jurisdiction":2,"Driver_License_Jurisdiction_Text_Format":"State","Drivers_License_Issued_By":"CT","Drivers_License_Class":4,"Commercial_License_Class":1,"Commercial_License_Class_Text_Format":"No","Transported_to_First_Medical_Facility_By":3,"Transported_to_First_Medical_Facility_By_Text_Format":"EMS Ground","Name_of_the_EMS_agency":"AMER MED RESPONSE","Name_of_the_Intended_Receiving_Facility":"YALE-NH HOSP","OBJECTID_1":20}},{"type":"Feature","id":21,"geometry":{"type":"Point","coordinates":[937636.68185380101,682830.61561730504]},"properties":{"OBJECTID":21,"CrashId":941746,"Person_Type":1,"Person_Type_Text_Format":"Driver","Injury_Status_Text_Format":"Fatal Injury (K)","Fatal_Case_Status":1,"Fatal_Case_Status_Text_Format":"Complete","CrashId_1":941746,"CrashId_12":941746,"Latitude":41.334899999999998,"Longitude":-72.977209999999999,"DOT_Case_Number":922163,"Town_Name":"New Haven","Town_Number":93,"Town_Number_1":93,"Town_Number_Text_Format":"New Haven","Date_Of_Crash":"2022-06-09","Year":2022,"Month":6,"Month_Text_Format":"June","Day":9,"Day_of_the_Week":5,"Day_of_the_Week_Text_Format":"Thursday","Time_of_Crash":"1:40:00","Hour_of_the_Day":1,"Case_Identifier":22019165,"Crash_Severity":"K","Crash_Severity_Text_Format":"Fatal (Kill)","Most_Severe_Injury":"K","Most_Severe_Injury_Text_Format":"Fatal Injury (K)","Number_Of_Motor_Vehicles":2,"Number_Of_Non_Motorist":0,"Number_Of_Witnesses":0,"Route_Class":3,"Route_Class_Text_Format":"State","Milemarker":1.3100000000000001,"Road_Number":63,"Road_Description":"63-N","Roadway_Name":"63-N","Intersecting_Roadway_Name":"WRIGHT ST","Landmark_Description":null,"Distance_From_Nearest_Landmark":null,"Unit_Of_Measure_From_Nearest_Landmark":null,"Direction_From_Nearest_Landmark":null,"Latitude_1":41.334899999999998,"Longitude_1":-72.977209999999999,"First_Harmful_Event":25,"First_Harmful_Event_Text_Format":"Curb","Manner_of_Crash___Collision_Impact":97,"Manner_of_Crash___Collision_Impact_Text_Format":"Other","Location_of_First_Harmful_Event":4,"Location_of_First_Harmful_Event_Text_Format":"Roadside","Weather_Condition":2,"Weather_Condition_Text_Format":"Cloudy","Weather_2":88,"Weather_2_Text_Format":"Not Applicable","Light_Condition":4,"Light_Condition_Text_Format":"Dark-Lighted","Road_Surface_Condition":1,"Road_Surface_Condition_Text_Format":"Dry","Contributing_Circumstances__Environment":99,"Contributing_Circumstances__Environment_Text_Format":"Unknown","Environment_2":88,"Environment_2_Text_Format":"Not Applicable","Environment_3":88,"Environment_3_Text_Format":"Not Applicable","Contributing_Circumstances__Road":99,"Contributing_Circumstances__Road_Text_Format":"Unknown","Road_2":88,"Road_2_Text_Format":"Not Applicable","Road_3":88,"Road_3_Text_Format":"Not Applicable","Crash_Specific_Location":3,"Crash_Specific_Location_Text_Format":"Intersection-Related","Type_of_Intersection":3,"Type_of_Intersection_Text_Format":"T-Intersection","School_Bus_Related":1,"School_Bus_Related_Text_Format":"No","Work_Zone_Related":1,"Work_Zone_Related_Text_Format":"No","Location_Of_Crash_Relative_To_Work_Zone":88,"Location_Of_Crash_Relative_To_Work_Zone_Text_Format":"Not Applicable","Type_of_Work_Zone":88,"Type_of_Work_Zone_Text_Format":"Not Applicable","Worker_Presence":88,"Worker_Presence_Text_Format":"Not Applicable","Law_Enforcement_Presence":88,"Law_Enforcement_Presence_Text_Format":"Not Applicable","Were_Vehicles_Moved_Prior_To_Police_Arrival":"FALSE","Trafficway_Ownership":1,"Trafficway_Ownership_Text_Format":"Public Road","Trafficway_Class":1,"Trafficway_Class_Text_Format":"Trafficway, On Road","Police_Agency":"CT0009300","Police_Agency_Text_Format":"New Haven PD","Badge_Number":42042,"Approval_Date":"19:19.0","Police_Case_Status":"O","Police_Case_Status_Text_Format":"Open","Crash_Report_Submission_Date":"01:59.0","Related_Case_Identifiers":null,"No__of_Through_Lanes__Log_Dir__":1,"Average_Daily_Traffic":17200,"Functional_Classification":3,"Functional_Classification_Text_Format":"PRINCIPAL ARTERIAL - OTHER - NEW HPMS","Rural_or_Urban":1,"Rural_or_Urban_Text_Format":"Rural","CrashSeverityClass":2,"SevereCrashIndicator":1,"CrashId_12_13":null,"VehicleId":1,"PersonId":1,"Age":26,"Gender":1,"Gender_Text_Format":"Male","State":"CT","Postal_Code":null,"Injury_Status":"K","Condition_at_Time_of_Crash":2,"Condition_at_Time_of_Crash_Text_Format":"Physically Impaired","Condition_at_Time_of_Crash2":97,"Condition_at_Time_of_Crash2_Text_Format":"Other","Action_Taken_by_Officer":0,"Action_Taken_by_Officer_Text_Format":"None taken","Alcohol_Test_Status":1,"Alcohol_Test_Status_Text_Format":"Test Not Given","Type_Of_Alcohol_Test":88,"Type_Of_Alcohol_Test_Text_Format":"Not Applicable","Drug_Test_Status":1,"Drug_Test_Status_Text_Format":"Test Not Given","Type_Of_Drig_Test":88,"Type_Of_Drig_Test_Text_Format":"Not Applicable","Ejection_Status":2,"Ejection_Status_Text_Format":"Ejected, Partially","Restraint_System":99,"Restraint_System_Text_Format":"Unknown","Helmet_Use":88,"Helmet_Use_Text_Format":"Not Applicable","Air_Bag_Status":99,"Air_Bag_Status_Text_Format":"Unknown","Speeding_Related":99,"Speeding_Related_Text_Format":"Unknown","Driver_Actions_1":2,"Driver_Actions_1_Text_Format":"Ran Off Roadway","Driver_Actions_2":88,"Driver_Actions_2_Text_Format":"Not Applicable","Driver_Actions_3":88,"Driver_Actions_3_Text_Format":"Not Applicable","Driver_Actions_4":88,"Driver_Actions_4_Text_Format":"Not Applicable","Driver_Distracted_By":99,"Driver_Distracted_By_Text_Format":"Unknown if Distracted","Roadway_On_Which_Nonmotorist_Was_Traveling_Located":null,"Direction_nonmotorist_was_traveling":null,"Direction_Unknown":null,"Striking_Motor_Vehicle_ID":null,"Bicycle_ID":null,"Non_Motorist_Not_In_Roadway":null,"Actions_or_Circumstances_Prior_to_Crash":null,"Actions_or_Circumstances_Prior_to_Crash_Text_Format":null,"To_or_From_School":null,"To_or_From_School_Text_Format":null,"Actions_or_Circumstances_At_Time_Of_Crash":null,"Actions_or_Circumstances_At_Time_Of_Crash_Text_Format":null,"Actions_or_Circumstances_At_Time_Of_Crash2":null,"Actions_or_Circumstances_At_Time_Of_Crash2_Text_Format":null,"Location_At_Time_Of_Crash":null,"Location_At_Time_Of_Crash_Text_Format":null,"Safety_Equipment":null,"Safety_Equipment_Text_Format":null,"Safety_Equipment2":null,"Safety_Equipment2_Text_Format":null,"Non_motorist_Distracted_By":null,"Non_motorist_Distracted_By_Text_Format":null,"Seating_Position":11,"Seating_Position_Text_Format":"First Row, Left\u00A0Seat","Seating_Position_for_Bus":null,"City":"Bridgeport","Country":"UnitedStates","Driver_License_Jurisdiction":1,"Driver_License_Jurisdiction_Text_Format":"Not Licensed","Drivers_License_Issued_By":"CT","Drivers_License_Class":88,"Commercial_License_Class":1,"Commercial_License_Class_Text_Format":"No","Transported_to_First_Medical_Facility_By":3,"Transported_to_First_Medical_Facility_By_Text_Format":"EMS Ground","Name_of_the_EMS_agency":"AMER MED RESPONSE","Name_of_the_Intended_Receiving_Facility":"YALE-NH HOSP","OBJECTID_1":21}},{"type":"Feature","id":22,"geometry":{"type":"Point","coordinates":[959485.6906491369,667630.22475831211]},"properties":{"OBJECTID":22,"CrashId":943244,"Person_Type":1,"Person_Type_Text_Format":"Driver","Injury_Status_Text_Format":"Fatal Injury (K)","Fatal_Case_Status":1,"Fatal_Case_Status_Text_Format":"Complete","CrashId_1":943244,"CrashId_12":943244,"Latitude":41.293314000000002,"Longitude":-72.897430999999997,"DOT_Case_Number":922140,"Town_Name":"New Haven","Town_Number":93,"Town_Number_1":93,"Town_Number_Text_Format":"New Haven","Date_Of_Crash":"2022-06-14","Year":2022,"Month":6,"Month_Text_Format":"June","Day":14,"Day_of_the_Week":3,"Day_of_the_Week_Text_Format":"Tuesday","Time_of_Crash":"18:12:00","Hour_of_the_Day":18,"Case_Identifier":22019934,"Crash_Severity":"K","Crash_Severity_Text_Format":"Fatal (Kill)","Most_Severe_Injury":"K","Most_Severe_Injury_Text_Format":"Fatal Injury (K)","Number_Of_Motor_Vehicles":1,"Number_Of_Non_Motorist":0,"Number_Of_Witnesses":1,"Route_Class":2,"Route_Class_Text_Format":"USRoute","Milemarker":49.840000000000003,"Road_Number":1,"Road_Description":"1-N","Roadway_Name":"1-N","Intersecting_Roadway_Name":null,"Landmark_Description":"Fulton Terrace","Distance_From_Nearest_Landmark":105,"Unit_Of_Measure_From_Nearest_Landmark":"Feet","Direction_From_Nearest_Landmark":"N","Latitude_1":41.293314000000002,"Longitude_1":-72.897430999999997,"First_Harmful_Event":25,"First_Harmful_Event_Text_Format":"Curb","Manner_of_Crash___Collision_Impact":88,"Manner_of_Crash___Collision_Impact_Text_Format":"Not Applicable","Location_of_First_Harmful_Event":1,"Location_of_First_Harmful_Event_Text_Format":"On Roadway","Weather_Condition":1,"Weather_Condition_Text_Format":"Clear","Weather_2":88,"Weather_2_Text_Format":"Not Applicable","Light_Condition":1,"Light_Condition_Text_Format":"Daylight","Road_Surface_Condition":1,"Road_Surface_Condition_Text_Format":"Dry","Contributing_Circumstances__Environment":0,"Contributing_Circumstances__Environment_Text_Format":"None","Environment_2":88,"Environment_2_Text_Format":"Not Applicable","Environment_3":88,"Environment_3_Text_Format":"Not Applicable","Contributing_Circumstances__Road":0,"Contributing_Circumstances__Road_Text_Format":"None","Road_2":88,"Road_2_Text_Format":"Not Applicable","Road_3":88,"Road_3_Text_Format":"Not Applicable","Crash_Specific_Location":1,"Crash_Specific_Location_Text_Format":"Non-Junction","Type_of_Intersection":1,"Type_of_Intersection_Text_Format":"Not at Intersection","School_Bus_Related":1,"School_Bus_Related_Text_Format":"No","Work_Zone_Related":1,"Work_Zone_Related_Text_Format":"No","Location_Of_Crash_Relative_To_Work_Zone":88,"Location_Of_Crash_Relative_To_Work_Zone_Text_Format":"Not Applicable","Type_of_Work_Zone":88,"Type_of_Work_Zone_Text_Format":"Not Applicable","Worker_Presence":88,"Worker_Presence_Text_Format":"Not Applicable","Law_Enforcement_Presence":88,"Law_Enforcement_Presence_Text_Format":"Not Applicable","Were_Vehicles_Moved_Prior_To_Police_Arrival":"FALSE","Trafficway_Ownership":1,"Trafficway_Ownership_Text_Format":"Public Road","Trafficway_Class":1,"Trafficway_Class_Text_Format":"Trafficway, On Road","Police_Agency":"CT0009300","Police_Agency_Text_Format":"New Haven PD","Badge_Number":156,"Approval_Date":"11:03.0","Police_Case_Status":"O","Police_Case_Status_Text_Format":"Open","Crash_Report_Submission_Date":"00:18.0","Related_Case_Identifiers":null,"No__of_Through_Lanes__Log_Dir__":4,"Average_Daily_Traffic":9400,"Functional_Classification":3,"Functional_Classification_Text_Format":"PRINCIPAL ARTERIAL - OTHER - NEW HPMS","Rural_or_Urban":2,"Rural_or_Urban_Text_Format":"Urban","CrashSeverityClass":2,"SevereCrashIndicator":1,"CrashId_12_13":null,"VehicleId":1,"PersonId":1,"Age":22,"Gender":1,"Gender_Text_Format":"Male","State":"CT","Postal_Code":6605,"Injury_Status":"K","Condition_at_Time_of_Crash":99,"Condition_at_Time_of_Crash_Text_Format":"Unknown","Condition_at_Time_of_Crash2":6,"Condition_at_Time_of_Crash2_Text_Format":"Under the Influence of Medications/Drugs/Alcohol","Action_Taken_by_Officer":0,"Action_Taken_by_Officer_Text_Format":"None taken","Alcohol_Test_Status":1,"Alcohol_Test_Status_Text_Format":"Test Not Given","Type_Of_Alcohol_Test":88,"Type_Of_Alcohol_Test_Text_Format":"Not Applicable","Drug_Test_Status":1,"Drug_Test_Status_Text_Format":"Test Not Given","Type_Of_Drig_Test":88,"Type_Of_Drig_Test_Text_Format":"Not Applicable","Ejection_Status":1,"Ejection_Status_Text_Format":"Not Ejected","Restraint_System":99,"Restraint_System_Text_Format":"Unknown","Helmet_Use":88,"Helmet_Use_Text_Format":"Not Applicable","Air_Bag_Status":2,"Air_Bag_Status_Text_Format":"Deployed-Front","Speeding_Related":3,"Speeding_Related_Text_Format":"Exceeded Speed Limit","Driver_Actions_1":2,"Driver_Actions_1_Text_Format":"Ran Off Roadway","Driver_Actions_2":7,"Driver_Actions_2_Text_Format":"Disregarded Other Road Markings","Driver_Actions_3":15,"Driver_Actions_3_Text_Format":"Operated Motor Vehicle in Inattentive, Careless, Negligent, or Erratic Manner","Driver_Actions_4":16,"Driver_Actions_4_Text_Format":"Swerved or Avoided Due to Wind, Slippery Surface, Motor Vehicle, Object, Non-Motorist in Roadway, etc.","Driver_Distracted_By":99,"Driver_Distracted_By_Text_Format":"Unknown if Distracted","Roadway_On_Which_Nonmotorist_Was_Traveling_Located":null,"Direction_nonmotorist_was_traveling":null,"Direction_Unknown":null,"Striking_Motor_Vehicle_ID":null,"Bicycle_ID":null,"Non_Motorist_Not_In_Roadway":null,"Actions_or_Circumstances_Prior_to_Crash":null,"Actions_or_Circumstances_Prior_to_Crash_Text_Format":null,"To_or_From_School":null,"To_or_From_School_Text_Format":null,"Actions_or_Circumstances_At_Time_Of_Crash":null,"Actions_or_Circumstances_At_Time_Of_Crash_Text_Format":null,"Actions_or_Circumstances_At_Time_Of_Crash2":null,"Actions_or_Circumstances_At_Time_Of_Crash2_Text_Format":null,"Location_At_Time_Of_Crash":null,"Location_At_Time_Of_Crash_Text_Format":null,"Safety_Equipment":null,"Safety_Equipment_Text_Format":null,"Safety_Equipment2":null,"Safety_Equipment2_Text_Format":null,"Non_motorist_Distracted_By":null,"Non_motorist_Distracted_By_Text_Format":null,"Seating_Position":11,"Seating_Position_Text_Format":"First Row, Left\u00A0Seat","Seating_Position_for_Bus":null,"City":"New Haven","Country":"UnitedStates","Driver_License_Jurisdiction":2,"Driver_License_Jurisdiction_Text_Format":"State","Drivers_License_Issued_By":"CT","Drivers_License_Class":0,"Commercial_License_Class":1,"Commercial_License_Class_Text_Format":"No","Transported_to_First_Medical_Facility_By":3,"Transported_to_First_Medical_Facility_By_Text_Format":"EMS Ground","Name_of_the_EMS_agency":"AMER MED RESPONSE","Name_of_the_Intended_Receiving_Facility":"YALE-NH HOSP","OBJECTID_1":22}},{"type":"Feature","id":23,"geometry":{"type":"Point","coordinates":[946600.53269247711,667698.99200922251]},"properties":{"OBJECTID":23,"CrashId":943431,"Person_Type":3,"Person_Type_Text_Format":"Pedestrian","Injury_Status_Text_Format":"Fatal Injury (K)","Fatal_Case_Status":1,"Fatal_Case_Status_Text_Format":"Complete","CrashId_1":943431,"CrashId_12":943431,"Latitude":41.293402,"Longitude":-72.944367,"DOT_Case_Number":921077,"Town_Name":"New Haven","Town_Number":93,"Town_Number_1":93,"Town_Number_Text_Format":"New Haven","Date_Of_Crash":"2021-04-21","Year":2021,"Month":4,"Month_Text_Format":"April","Day":21,"Day_of_the_Week":4,"Day_of_the_Week_Text_Format":"Wednesday","Time_of_Crash":"22:34:00","Hour_of_the_Day":22,"Case_Identifier":21014724,"Crash_Severity":"K","Crash_Severity_Text_Format":"Fatal (Kill)","Most_Severe_Injury":"K","Most_Severe_Injury_Text_Format":"Fatal Injury (K)","Number_Of_Motor_Vehicles":1,"Number_Of_Non_Motorist":1,"Number_Of_Witnesses":0,"Route_Class":3,"Route_Class_Text_Format":"State","Milemarker":1.1000000000000001,"Road_Number":10,"Road_Description":"10-N","Roadway_Name":"10-N","Intersecting_Roadway_Name":null,"Landmark_Description":"ADELINE ST","Distance_From_Nearest_Landmark":150,"Unit_Of_Measure_From_Nearest_Landmark":"Feet","Direction_From_Nearest_Landmark":"N","Latitude_1":41.293402,"Longitude_1":-72.944367,"First_Harmful_Event":9,"First_Harmful_Event_Text_Format":"Pedestrian","Manner_of_Crash___Collision_Impact":88,"Manner_of_Crash___Collision_Impact_Text_Format":"Not Applicable","Location_of_First_Harmful_Event":1,"Location_of_First_Harmful_Event_Text_Format":"On Roadway","Weather_Condition":2,"Weather_Condition_Text_Format":"Cloudy","Weather_2":null,"Weather_2_Text_Format":null,"Light_Condition":4,"Light_Condition_Text_Format":"Dark-Lighted","Road_Surface_Condition":1,"Road_Surface_Condition_Text_Format":"Dry","Contributing_Circumstances__Environment":0,"Contributing_Circumstances__Environment_Text_Format":"None","Environment_2":null,"Environment_2_Text_Format":null,"Environment_3":null,"Environment_3_Text_Format":null,"Contributing_Circumstances__Road":0,"Contributing_Circumstances__Road_Text_Format":"None","Road_2":null,"Road_2_Text_Format":null,"Road_3":null,"Road_3_Text_Format":null,"Crash_Specific_Location":1,"Crash_Specific_Location_Text_Format":"Non-Junction","Type_of_Intersection":1,"Type_of_Intersection_Text_Format":"Not at Intersection","School_Bus_Related":1,"School_Bus_Related_Text_Format":"No","Work_Zone_Related":1,"Work_Zone_Related_Text_Format":"No","Location_Of_Crash_Relative_To_Work_Zone":88,"Location_Of_Crash_Relative_To_Work_Zone_Text_Format":"Not Applicable","Type_of_Work_Zone":88,"Type_of_Work_Zone_Text_Format":"Not Applicable","Worker_Presence":88,"Worker_Presence_Text_Format":"Not Applicable","Law_Enforcement_Presence":88,"Law_Enforcement_Presence_Text_Format":"Not Applicable","Were_Vehicles_Moved_Prior_To_Police_Arrival":null,"Trafficway_Ownership":1,"Trafficway_Ownership_Text_Format":"Public Road","Trafficway_Class":1,"Trafficway_Class_Text_Format":"Trafficway, On Road","Police_Agency":"CT0009300","Police_Agency_Text_Format":"New Haven PD","Badge_Number":362,"Approval_Date":"42:00.0","Police_Case_Status":"O","Police_Case_Status_Text_Format":"Open","Crash_Report_Submission_Date":"12:00.0","Related_Case_Identifiers":null,"No__of_Through_Lanes__Log_Dir__":4,"Average_Daily_Traffic":20200,"Functional_Classification":3,"Functional_Classification_Text_Format":"PRINCIPAL ARTERIAL - OTHER - NEW HPMS","Rural_or_Urban":2,"Rural_or_Urban_Text_Format":"Urban","CrashSeverityClass":2,"SevereCrashIndicator":1,"CrashId_12_13":null,"VehicleId":null,"PersonId":1,"Age":71,"Gender":1,"Gender_Text_Format":"Male","State":"CT","Postal_Code":6511,"Injury_Status":"K","Condition_at_Time_of_Crash":99,"Condition_at_Time_of_Crash_Text_Format":"Unknown","Condition_at_Time_of_Crash2":null,"Condition_at_Time_of_Crash2_Text_Format":null,"Action_Taken_by_Officer":0,"Action_Taken_by_Officer_Text_Format":"None taken","Alcohol_Test_Status":1,"Alcohol_Test_Status_Text_Format":"Test Not Given","Type_Of_Alcohol_Test":88,"Type_Of_Alcohol_Test_Text_Format":"Not Applicable","Drug_Test_Status":1,"Drug_Test_Status_Text_Format":"Test Not Given","Type_Of_Drig_Test":88,"Type_Of_Drig_Test_Text_Format":"Not Applicable","Ejection_Status":null,"Ejection_Status_Text_Format":null,"Restraint_System":null,"Restraint_System_Text_Format":null,"Helmet_Use":null,"Helmet_Use_Text_Format":null,"Air_Bag_Status":null,"Air_Bag_Status_Text_Format":null,"Speeding_Related":null,"Speeding_Related_Text_Format":null,"Driver_Actions_1":null,"Driver_Actions_1_Text_Format":null,"Driver_Actions_2":null,"Driver_Actions_2_Text_Format":null,"Driver_Actions_3":null,"Driver_Actions_3_Text_Format":null,"Driver_Actions_4":null,"Driver_Actions_4_Text_Format":null,"Driver_Distracted_By":null,"Driver_Distracted_By_Text_Format":null,"Roadway_On_Which_Nonmotorist_Was_Traveling_Located":"ELLA GRASSO BLVD","Direction_nonmotorist_was_traveling":"S","Direction_Unknown":null,"Striking_Motor_Vehicle_ID":1,"Bicycle_ID":null,"Non_Motorist_Not_In_Roadway":null,"Actions_or_Circumstances_Prior_to_Crash":99,"Actions_or_Circumstances_Prior_to_Crash_Text_Format":"Unknown","To_or_From_School":1,"To_or_From_School_Text_Format":"No","Actions_or_Circumstances_At_Time_Of_Crash":99,"Actions_or_Circumstances_At_Time_Of_Crash_Text_Format":"Unknown","Actions_or_Circumstances_At_Time_Of_Crash2":null,"Actions_or_Circumstances_At_Time_Of_Crash2_Text_Format":null,"Location_At_Time_Of_Crash":5,"Location_At_Time_Of_Crash_Text_Format":"Travel Lane-Other Location","Safety_Equipment":0,"Safety_Equipment_Text_Format":"None","Safety_Equipment2":null,"Safety_Equipment2_Text_Format":null,"Non_motorist_Distracted_By":99,"Non_motorist_Distracted_By_Text_Format":"Unknown if Distracted","Seating_Position":null,"Seating_Position_Text_Format":null,"Seating_Position_for_Bus":null,"City":"NEW HAVEN","Country":null,"Driver_License_Jurisdiction":88,"Driver_License_Jurisdiction_Text_Format":"Not applicable","Drivers_License_Issued_By":null,"Drivers_License_Class":null,"Commercial_License_Class":null,"Commercial_License_Class_Text_Format":null,"Transported_to_First_Medical_Facility_By":3,"Transported_to_First_Medical_Facility_By_Text_Format":"EMS Ground","Name_of_the_EMS_agency":"NEW HAVEN FIRE","Name_of_the_Intended_Receiving_Facility":"YALE N-H HOSP","OBJECTID_1":23}},{"type":"Feature","id":24,"geometry":{"type":"Point","coordinates":[946529.26118147373,667781.39145073295]},"properties":{"OBJECTID":24,"CrashId":958470,"Person_Type":1,"Person_Type_Text_Format":"Driver","Injury_Status_Text_Format":"Fatal Injury (K)","Fatal_Case_Status":1,"Fatal_Case_Status_Text_Format":"Complete","CrashId_1":958470,"CrashId_12":958470,"Latitude":41.293630999999998,"Longitude":-72.944621999999995,"DOT_Case_Number":922190,"Town_Name":"New Haven","Town_Number":93,"Town_Number_1":93,"Town_Number_Text_Format":"New Haven","Date_Of_Crash":"2022-07-31","Year":2022,"Month":7,"Month_Text_Format":"July","Day":31,"Day_of_the_Week":1,"Day_of_the_Week_Text_Format":"Sunday","Time_of_Crash":"5:41:00","Hour_of_the_Day":5,"Case_Identifier":22025485,"Crash_Severity":"K","Crash_Severity_Text_Format":"Fatal (Kill)","Most_Severe_Injury":"K","Most_Severe_Injury_Text_Format":"Fatal Injury (K)","Number_Of_Motor_Vehicles":2,"Number_Of_Non_Motorist":0,"Number_Of_Witnesses":0,"Route_Class":3,"Route_Class_Text_Format":"State","Milemarker":1.1200000000000001,"Road_Number":10,"Road_Description":"10-N","Roadway_Name":"10-N","Intersecting_Roadway_Name":null,"Landmark_Description":"ADELINE ST","Distance_From_Nearest_Landmark":250,"Unit_Of_Measure_From_Nearest_Landmark":"Feet","Direction_From_Nearest_Landmark":"N","Latitude_1":41.293630999999998,"Longitude_1":-72.944621999999995,"First_Harmful_Event":14,"First_Harmful_Event_Text_Format":"Motor Vehicle in Operation","Manner_of_Crash___Collision_Impact":99,"Manner_of_Crash___Collision_Impact_Text_Format":"Unknown","Location_of_First_Harmful_Event":1,"Location_of_First_Harmful_Event_Text_Format":"On Roadway","Weather_Condition":1,"Weather_Condition_Text_Format":"Clear","Weather_2":88,"Weather_2_Text_Format":"Not Applicable","Light_Condition":1,"Light_Condition_Text_Format":"Daylight","Road_Surface_Condition":1,"Road_Surface_Condition_Text_Format":"Dry","Contributing_Circumstances__Environment":99,"Contributing_Circumstances__Environment_Text_Format":"Unknown","Environment_2":88,"Environment_2_Text_Format":"Not Applicable","Environment_3":88,"Environment_3_Text_Format":"Not Applicable","Contributing_Circumstances__Road":0,"Contributing_Circumstances__Road_Text_Format":"None","Road_2":88,"Road_2_Text_Format":"Not Applicable","Road_3":88,"Road_3_Text_Format":"Not Applicable","Crash_Specific_Location":1,"Crash_Specific_Location_Text_Format":"Non-Junction","Type_of_Intersection":1,"Type_of_Intersection_Text_Format":"Not at Intersection","School_Bus_Related":1,"School_Bus_Related_Text_Format":"No","Work_Zone_Related":1,"Work_Zone_Related_Text_Format":"No","Location_Of_Crash_Relative_To_Work_Zone":88,"Location_Of_Crash_Relative_To_Work_Zone_Text_Format":"Not Applicable","Type_of_Work_Zone":88,"Type_of_Work_Zone_Text_Format":"Not Applicable","Worker_Presence":88,"Worker_Presence_Text_Format":"Not Applicable","Law_Enforcement_Presence":88,"Law_Enforcement_Presence_Text_Format":"Not Applicable","Were_Vehicles_Moved_Prior_To_Police_Arrival":"FALSE","Trafficway_Ownership":1,"Trafficway_Ownership_Text_Format":"Public Road","Trafficway_Class":1,"Trafficway_Class_Text_Format":"Trafficway, On Road","Police_Agency":"CT0009300","Police_Agency_Text_Format":"New Haven PD","Badge_Number":42043,"Approval_Date":"35:44.0","Police_Case_Status":"O","Police_Case_Status_Text_Format":"Open","Crash_Report_Submission_Date":"48:21.0","Related_Case_Identifiers":null,"No__of_Through_Lanes__Log_Dir__":2,"Average_Daily_Traffic":20300,"Functional_Classification":3,"Functional_Classification_Text_Format":"PRINCIPAL ARTERIAL - OTHER - NEW HPMS","Rural_or_Urban":2,"Rural_or_Urban_Text_Format":"Urban","CrashSeverityClass":2,"SevereCrashIndicator":1,"CrashId_12_13":null,"VehicleId":2,"PersonId":3,"Age":36,"Gender":1,"Gender_Text_Format":"Male","State":"CT","Postal_Code":6519,"Injury_Status":"K","Condition_at_Time_of_Crash":99,"Condition_at_Time_of_Crash_Text_Format":"Unknown","Condition_at_Time_of_Crash2":99,"Condition_at_Time_of_Crash2_Text_Format":"Unknown","Action_Taken_by_Officer":0,"Action_Taken_by_Officer_Text_Format":"None taken","Alcohol_Test_Status":1,"Alcohol_Test_Status_Text_Format":"Test Not Given","Type_Of_Alcohol_Test":88,"Type_Of_Alcohol_Test_Text_Format":"Not Applicable","Drug_Test_Status":1,"Drug_Test_Status_Text_Format":"Test Not Given","Type_Of_Drig_Test":88,"Type_Of_Drig_Test_Text_Format":"Not Applicable","Ejection_Status":88,"Ejection_Status_Text_Format":"Not Applicable","Restraint_System":88,"Restraint_System_Text_Format":"Not Applicable","Helmet_Use":4,"Helmet_Use_Text_Format":"Helmet, Unknown If DOT-Compliant","Air_Bag_Status":88,"Air_Bag_Status_Text_Format":"Not applicable","Speeding_Related":99,"Speeding_Related_Text_Format":"Unknown","Driver_Actions_1":99,"Driver_Actions_1_Text_Format":"Unknown","Driver_Actions_2":88,"Driver_Actions_2_Text_Format":"Not Applicable","Driver_Actions_3":88,"Driver_Actions_3_Text_Format":"Not Applicable","Driver_Actions_4":88,"Driver_Actions_4_Text_Format":"Not Applicable","Driver_Distracted_By":99,"Driver_Distracted_By_Text_Format":"Unknown if Distracted","Roadway_On_Which_Nonmotorist_Was_Traveling_Located":null,"Direction_nonmotorist_was_traveling":null,"Direction_Unknown":null,"Striking_Motor_Vehicle_ID":null,"Bicycle_ID":null,"Non_Motorist_Not_In_Roadway":null,"Actions_or_Circumstances_Prior_to_Crash":null,"Actions_or_Circumstances_Prior_to_Crash_Text_Format":null,"To_or_From_School":null,"To_or_From_School_Text_Format":null,"Actions_or_Circumstances_At_Time_Of_Crash":null,"Actions_or_Circumstances_At_Time_Of_Crash_Text_Format":null,"Actions_or_Circumstances_At_Time_Of_Crash2":null,"Actions_or_Circumstances_At_Time_Of_Crash2_Text_Format":null,"Location_At_Time_Of_Crash":null,"Location_At_Time_Of_Crash_Text_Format":null,"Safety_Equipment":null,"Safety_Equipment_Text_Format":null,"Safety_Equipment2":null,"Safety_Equipment2_Text_Format":null,"Non_motorist_Distracted_By":null,"Non_motorist_Distracted_By_Text_Format":null,"Seating_Position":11,"Seating_Position_Text_Format":"First Row, Left\u00A0Seat","Seating_Position_for_Bus":null,"City":"New Haven","Country":"UnitedStates","Driver_License_Jurisdiction":1,"Driver_License_Jurisdiction_Text_Format":"Not Licensed","Drivers_License_Issued_By":"CT","Drivers_License_Class":88,"Commercial_License_Class":1,"Commercial_License_Class_Text_Format":"No","Transported_to_First_Medical_Facility_By":3,"Transported_to_First_Medical_Facility_By_Text_Format":"EMS Ground","Name_of_the_EMS_agency":"AMER MED RESPONSE","Name_of_the_Intended_Receiving_Facility":"YALE-NH HOSP","OBJECTID_1":24}},{"type":"Feature","id":25,"geometry":{"type":"Point","coordinates":[949002.33202272654,678060.79904147983]},"properties":{"OBJECTID":25,"CrashId":958962,"Person_Type":1,"Person_Type_Text_Format":"Driver","Injury_Status_Text_Format":"Fatal Injury (K)","Fatal_Case_Status":1,"Fatal_Case_Status_Text_Format":"Complete","CrashId_1":958962,"CrashId_12":958962,"Latitude":41.321868000000002,"Longitude":-72.935588999999993,"DOT_Case_Number":922202,"Town_Name":"New Haven","Town_Number":93,"Town_Number_1":93,"Town_Number_Text_Format":"New Haven","Date_Of_Crash":"2022-07-31","Year":2022,"Month":7,"Month_Text_Format":"July","Day":31,"Day_of_the_Week":1,"Day_of_the_Week_Text_Format":"Sunday","Time_of_Crash":"23:47:00","Hour_of_the_Day":23,"Case_Identifier":22025564,"Crash_Severity":"K","Crash_Severity_Text_Format":"Fatal (Kill)","Most_Severe_Injury":"K","Most_Severe_Injury_Text_Format":"Fatal Injury (K)","Number_Of_Motor_Vehicles":1,"Number_Of_Non_Motorist":0,"Number_Of_Witnesses":0,"Route_Class":4,"Route_Class_Text_Format":"Local","Milemarker":1.48,"Road_Number":453,"Road_Description":"ORCHARD ST","Roadway_Name":"ORCHARD ST","Intersecting_Roadway_Name":null,"Landmark_Description":"MUNSON ST","Distance_From_Nearest_Landmark":350,"Unit_Of_Measure_From_Nearest_Landmark":"Feet","Direction_From_Nearest_Landmark":"S","Latitude_1":41.321868000000002,"Longitude_1":-72.935588999999993,"First_Harmful_Event":39,"First_Harmful_Event_Text_Format":"Other Fixed Object (wall, building, tunnel, etc.)","Manner_of_Crash___Collision_Impact":88,"Manner_of_Crash___Collision_Impact_Text_Format":"Not Applicable","Location_of_First_Harmful_Event":4,"Location_of_First_Harmful_Event_Text_Format":"Roadside","Weather_Condition":2,"Weather_Condition_Text_Format":"Cloudy","Weather_2":88,"Weather_2_Text_Format":"Not Applicable","Light_Condition":4,"Light_Condition_Text_Format":"Dark-Lighted","Road_Surface_Condition":1,"Road_Surface_Condition_Text_Format":"Dry","Contributing_Circumstances__Environment":99,"Contributing_Circumstances__Environment_Text_Format":"Unknown","Environment_2":88,"Environment_2_Text_Format":"Not Applicable","Environment_3":88,"Environment_3_Text_Format":"Not Applicable","Contributing_Circumstances__Road":99,"Contributing_Circumstances__Road_Text_Format":"Unknown","Road_2":88,"Road_2_Text_Format":"Not Applicable","Road_3":88,"Road_3_Text_Format":"Not Applicable","Crash_Specific_Location":1,"Crash_Specific_Location_Text_Format":"Non-Junction","Type_of_Intersection":1,"Type_of_Intersection_Text_Format":"Not at Intersection","School_Bus_Related":1,"School_Bus_Related_Text_Format":"No","Work_Zone_Related":1,"Work_Zone_Related_Text_Format":"No","Location_Of_Crash_Relative_To_Work_Zone":88,"Location_Of_Crash_Relative_To_Work_Zone_Text_Format":"Not Applicable","Type_of_Work_Zone":88,"Type_of_Work_Zone_Text_Format":"Not Applicable","Worker_Presence":88,"Worker_Presence_Text_Format":"Not Applicable","Law_Enforcement_Presence":88,"Law_Enforcement_Presence_Text_Format":"Not Applicable","Were_Vehicles_Moved_Prior_To_Police_Arrival":"FALSE","Trafficway_Ownership":1,"Trafficway_Ownership_Text_Format":"Public Road","Trafficway_Class":1,"Trafficway_Class_Text_Format":"Trafficway, On Road","Police_Agency":"CT0009300","Police_Agency_Text_Format":"New Haven PD","Badge_Number":432,"Approval_Date":"47:50.0","Police_Case_Status":"O","Police_Case_Status_Text_Format":"Open","Crash_Report_Submission_Date":"00:26.0","Related_Case_Identifiers":null,"No__of_Through_Lanes__Log_Dir__":2,"Average_Daily_Traffic":4200,"Functional_Classification":4,"Functional_Classification_Text_Format":"MINOR ARTERIAL - NEW HPMS","Rural_or_Urban":2,"Rural_or_Urban_Text_Format":"Urban","CrashSeverityClass":2,"SevereCrashIndicator":1,"CrashId_12_13":null,"VehicleId":1,"PersonId":1,"Age":18,"Gender":1,"Gender_Text_Format":"Male","State":"CT","Postal_Code":6518,"Injury_Status":"K","Condition_at_Time_of_Crash":99,"Condition_at_Time_of_Crash_Text_Format":"Unknown","Condition_at_Time_of_Crash2":99,"Condition_at_Time_of_Crash2_Text_Format":"Unknown","Action_Taken_by_Officer":0,"Action_Taken_by_Officer_Text_Format":"None taken","Alcohol_Test_Status":1,"Alcohol_Test_Status_Text_Format":"Test Not Given","Type_Of_Alcohol_Test":88,"Type_Of_Alcohol_Test_Text_Format":"Not Applicable","Drug_Test_Status":1,"Drug_Test_Status_Text_Format":"Test Not Given","Type_Of_Drig_Test":88,"Type_Of_Drig_Test_Text_Format":"Not Applicable","Ejection_Status":1,"Ejection_Status_Text_Format":"Not Ejected","Restraint_System":99,"Restraint_System_Text_Format":"Unknown","Helmet_Use":99,"Helmet_Use_Text_Format":"Unknown","Air_Bag_Status":2,"Air_Bag_Status_Text_Format":"Deployed-Front","Speeding_Related":99,"Speeding_Related_Text_Format":"Unknown","Driver_Actions_1":2,"Driver_Actions_1_Text_Format":"Ran Off Roadway","Driver_Actions_2":88,"Driver_Actions_2_Text_Format":"Not Applicable","Driver_Actions_3":88,"Driver_Actions_3_Text_Format":"Not Applicable","Driver_Actions_4":88,"Driver_Actions_4_Text_Format":"Not Applicable","Driver_Distracted_By":99,"Driver_Distracted_By_Text_Format":"Unknown if Distracted","Roadway_On_Which_Nonmotorist_Was_Traveling_Located":null,"Direction_nonmotorist_was_traveling":null,"Direction_Unknown":null,"Striking_Motor_Vehicle_ID":null,"Bicycle_ID":null,"Non_Motorist_Not_In_Roadway":null,"Actions_or_Circumstances_Prior_to_Crash":null,"Actions_or_Circumstances_Prior_to_Crash_Text_Format":null,"To_or_From_School":null,"To_or_From_School_Text_Format":null,"Actions_or_Circumstances_At_Time_Of_Crash":null,"Actions_or_Circumstances_At_Time_Of_Crash_Text_Format":null,"Actions_or_Circumstances_At_Time_Of_Crash2":null,"Actions_or_Circumstances_At_Time_Of_Crash2_Text_Format":null,"Location_At_Time_Of_Crash":null,"Location_At_Time_Of_Crash_Text_Format":null,"Safety_Equipment":null,"Safety_Equipment_Text_Format":null,"Safety_Equipment2":null,"Safety_Equipment2_Text_Format":null,"Non_motorist_Distracted_By":null,"Non_motorist_Distracted_By_Text_Format":null,"Seating_Position":11,"Seating_Position_Text_Format":"First Row, Left\u00A0Seat","Seating_Position_for_Bus":null,"City":"Hamden","Country":"UnitedStates","Driver_License_Jurisdiction":2,"Driver_License_Jurisdiction_Text_Format":"State","Drivers_License_Issued_By":"CT","Drivers_License_Class":4,"Commercial_License_Class":1,"Commercial_License_Class_Text_Format":"No","Transported_to_First_Medical_Facility_By":3,"Transported_to_First_Medical_Facility_By_Text_Format":"EMS Ground","Name_of_the_EMS_agency":"AMER MED RESPONSE","Name_of_the_Intended_Receiving_Facility":"YALE-NH HOSP","OBJECTID_1":25}},{"type":"Feature","id":26,"geometry":{"type":"Point","coordinates":[961518.61046780646,677750.47617131472]},"properties":{"OBJECTID":26,"CrashId":959391,"Person_Type":1,"Person_Type_Text_Format":"Driver","Injury_Status_Text_Format":"Fatal Injury (K)","Fatal_Case_Status":1,"Fatal_Case_Status_Text_Format":"Complete","CrashId_1":959391,"CrashId_12":959391,"Latitude":41.321069999999999,"Longitude":-72.890072000000004,"DOT_Case_Number":922203,"Town_Name":"New Haven","Town_Number":93,"Town_Number_1":93,"Town_Number_Text_Format":"New Haven","Date_Of_Crash":"2022-08-06","Year":2022,"Month":8,"Month_Text_Format":"August","Day":6,"Day_of_the_Week":7,"Day_of_the_Week_Text_Format":"Saturday","Time_of_Crash":"22:35:00","Hour_of_the_Day":22,"Case_Identifier":22026425,"Crash_Severity":"K","Crash_Severity_Text_Format":"Fatal (Kill)","Most_Severe_Injury":"K","Most_Severe_Injury_Text_Format":"Fatal Injury (K)","Number_Of_Motor_Vehicles":2,"Number_Of_Non_Motorist":0,"Number_Of_Witnesses":0,"Route_Class":4,"Route_Class_Text_Format":"Local","Milemarker":0.32000000000000001,"Road_Number":411,"Road_Description":"MIDDLETOWN AV","Roadway_Name":"MIDDLETOWN AV","Intersecting_Roadway_Name":null,"Landmark_Description":"FRONT ST","Distance_From_Nearest_Landmark":300,"Unit_Of_Measure_From_Nearest_Landmark":"Feet","Direction_From_Nearest_Landmark":"N","Latitude_1":41.321069999999999,"Longitude_1":-72.890072000000004,"First_Harmful_Event":14,"First_Harmful_Event_Text_Format":"Motor Vehicle in Operation","Manner_of_Crash___Collision_Impact":2,"Manner_of_Crash___Collision_Impact_Text_Format":"Front to front","Location_of_First_Harmful_Event":1,"Location_of_First_Harmful_Event_Text_Format":"On Roadway","Weather_Condition":1,"Weather_Condition_Text_Format":"Clear","Weather_2":88,"Weather_2_Text_Format":"Not Applicable","Light_Condition":5,"Light_Condition_Text_Format":"Dark-Not Lighted","Road_Surface_Condition":1,"Road_Surface_Condition_Text_Format":"Dry","Contributing_Circumstances__Environment":99,"Contributing_Circumstances__Environment_Text_Format":"Unknown","Environment_2":88,"Environment_2_Text_Format":"Not Applicable","Environment_3":88,"Environment_3_Text_Format":"Not Applicable","Contributing_Circumstances__Road":99,"Contributing_Circumstances__Road_Text_Format":"Unknown","Road_2":88,"Road_2_Text_Format":"Not Applicable","Road_3":88,"Road_3_Text_Format":"Not Applicable","Crash_Specific_Location":13,"Crash_Specific_Location_Text_Format":"On a Bridge","Type_of_Intersection":1,"Type_of_Intersection_Text_Format":"Not at Intersection","School_Bus_Related":1,"School_Bus_Related_Text_Format":"No","Work_Zone_Related":1,"Work_Zone_Related_Text_Format":"No","Location_Of_Crash_Relative_To_Work_Zone":88,"Location_Of_Crash_Relative_To_Work_Zone_Text_Format":"Not Applicable","Type_of_Work_Zone":88,"Type_of_Work_Zone_Text_Format":"Not Applicable","Worker_Presence":88,"Worker_Presence_Text_Format":"Not Applicable","Law_Enforcement_Presence":88,"Law_Enforcement_Presence_Text_Format":"Not Applicable","Were_Vehicles_Moved_Prior_To_Police_Arrival":"FALSE","Trafficway_Ownership":1,"Trafficway_Ownership_Text_Format":"Public Road","Trafficway_Class":1,"Trafficway_Class_Text_Format":"Trafficway, On Road","Police_Agency":"CT0009300","Police_Agency_Text_Format":"New Haven PD","Badge_Number":42365,"Approval_Date":"47:38.0","Police_Case_Status":"O","Police_Case_Status_Text_Format":"Open","Crash_Report_Submission_Date":"01:42.0","Related_Case_Identifiers":null,"No__of_Through_Lanes__Log_Dir__":null,"Average_Daily_Traffic":null,"Functional_Classification":null,"Functional_Classification_Text_Format":null,"Rural_or_Urban":null,"Rural_or_Urban_Text_Format":null,"CrashSeverityClass":2,"SevereCrashIndicator":1,"CrashId_12_13":null,"VehicleId":2,"PersonId":2,"Age":22,"Gender":1,"Gender_Text_Format":"Male","State":"CT","Postal_Code":6471,"Injury_Status":"K","Condition_at_Time_of_Crash":97,"Condition_at_Time_of_Crash_Text_Format":"Other","Condition_at_Time_of_Crash2":6,"Condition_at_Time_of_Crash2_Text_Format":"Under the Influence of Medications/Drugs/Alcohol","Action_Taken_by_Officer":0,"Action_Taken_by_Officer_Text_Format":"None taken","Alcohol_Test_Status":1,"Alcohol_Test_Status_Text_Format":"Test Not Given","Type_Of_Alcohol_Test":88,"Type_Of_Alcohol_Test_Text_Format":"Not Applicable","Drug_Test_Status":1,"Drug_Test_Status_Text_Format":"Test Not Given","Type_Of_Drig_Test":88,"Type_Of_Drig_Test_Text_Format":"Not Applicable","Ejection_Status":88,"Ejection_Status_Text_Format":"Not Applicable","Restraint_System":88,"Restraint_System_Text_Format":"Not Applicable","Helmet_Use":1,"Helmet_Use_Text_Format":"No Helmet","Air_Bag_Status":88,"Air_Bag_Status_Text_Format":"Not applicable","Speeding_Related":99,"Speeding_Related_Text_Format":"Unknown","Driver_Actions_1":99,"Driver_Actions_1_Text_Format":"Unknown","Driver_Actions_2":88,"Driver_Actions_2_Text_Format":"Not Applicable","Driver_Actions_3":88,"Driver_Actions_3_Text_Format":"Not Applicable","Driver_Actions_4":88,"Driver_Actions_4_Text_Format":"Not Applicable","Driver_Distracted_By":99,"Driver_Distracted_By_Text_Format":"Unknown if Distracted","Roadway_On_Which_Nonmotorist_Was_Traveling_Located":null,"Direction_nonmotorist_was_traveling":null,"Direction_Unknown":null,"Striking_Motor_Vehicle_ID":null,"Bicycle_ID":null,"Non_Motorist_Not_In_Roadway":null,"Actions_or_Circumstances_Prior_to_Crash":null,"Actions_or_Circumstances_Prior_to_Crash_Text_Format":null,"To_or_From_School":null,"To_or_From_School_Text_Format":null,"Actions_or_Circumstances_At_Time_Of_Crash":null,"Actions_or_Circumstances_At_Time_Of_Crash_Text_Format":null,"Actions_or_Circumstances_At_Time_Of_Crash2":null,"Actions_or_Circumstances_At_Time_Of_Crash2_Text_Format":null,"Location_At_Time_Of_Crash":null,"Location_At_Time_Of_Crash_Text_Format":null,"Safety_Equipment":null,"Safety_Equipment_Text_Format":null,"Safety_Equipment2":null,"Safety_Equipment2_Text_Format":null,"Non_motorist_Distracted_By":null,"Non_motorist_Distracted_By_Text_Format":null,"Seating_Position":11,"Seating_Position_Text_Format":"First Row, Left\u00A0Seat","Seating_Position_for_Bus":null,"City":"North Branford","Country":"UnitedStates","Driver_License_Jurisdiction":2,"Driver_License_Jurisdiction_Text_Format":"State","Drivers_License_Issued_By":"CT","Drivers_License_Class":4,"Commercial_License_Class":1,"Commercial_License_Class_Text_Format":"No","Transported_to_First_Medical_Facility_By":1,"Transported_to_First_Medical_Facility_By_Text_Format":"Not Transported","Name_of_the_EMS_agency":null,"Name_of_the_Intended_Receiving_Facility":null,"OBJECTID_1":26}},{"type":"Feature","id":27,"geometry":{"type":"Point","coordinates":[948760.67469763756,665198.60035647452]},"properties":{"OBJECTID":27,"CrashId":986434,"Person_Type":3,"Person_Type_Text_Format":"Pedestrian","Injury_Status_Text_Format":"Fatal Injury (K)","Fatal_Case_Status":1,"Fatal_Case_Status_Text_Format":"Complete","CrashId_1":986434,"CrashId_12":986434,"Latitude":41.286552,"Longitude":-72.936487999999997,"DOT_Case_Number":922276,"Town_Name":"New Haven","Town_Number":93,"Town_Number_1":93,"Town_Number_Text_Format":"New Haven","Date_Of_Crash":"2022-10-29","Year":2022,"Month":10,"Month_Text_Format":"October","Day":29,"Day_of_the_Week":7,"Day_of_the_Week_Text_Format":"Saturday","Time_of_Crash":"21:56:00","Hour_of_the_Day":21,"Case_Identifier":22036649,"Crash_Severity":"K","Crash_Severity_Text_Format":"Fatal (Kill)","Most_Severe_Injury":"K","Most_Severe_Injury_Text_Format":"Fatal Injury (K)","Number_Of_Motor_Vehicles":1,"Number_Of_Non_Motorist":1,"Number_Of_Witnesses":2,"Route_Class":3,"Route_Class_Text_Format":"State","Milemarker":0.47999999999999998,"Road_Number":10,"Road_Description":"10-N","Roadway_Name":"10-N","Intersecting_Roadway_Name":null,"Landmark_Description":"KIMBERLY AVE.","Distance_From_Nearest_Landmark":100,"Unit_Of_Measure_From_Nearest_Landmark":"Feet","Direction_From_Nearest_Landmark":"N","Latitude_1":41.286552,"Longitude_1":-72.936487999999997,"First_Harmful_Event":9,"First_Harmful_Event_Text_Format":"Pedestrian","Manner_of_Crash___Collision_Impact":88,"Manner_of_Crash___Collision_Impact_Text_Format":"Not Applicable","Location_of_First_Harmful_Event":1,"Location_of_First_Harmful_Event_Text_Format":"On Roadway","Weather_Condition":1,"Weather_Condition_Text_Format":"Clear","Weather_2":88,"Weather_2_Text_Format":"Not Applicable","Light_Condition":4,"Light_Condition_Text_Format":"Dark-Lighted","Road_Surface_Condition":1,"Road_Surface_Condition_Text_Format":"Dry","Contributing_Circumstances__Environment":0,"Contributing_Circumstances__Environment_Text_Format":"None","Environment_2":88,"Environment_2_Text_Format":"Not Applicable","Environment_3":88,"Environment_3_Text_Format":"Not Applicable","Contributing_Circumstances__Road":0,"Contributing_Circumstances__Road_Text_Format":"None","Road_2":88,"Road_2_Text_Format":"Not Applicable","Road_3":88,"Road_3_Text_Format":"Not Applicable","Crash_Specific_Location":1,"Crash_Specific_Location_Text_Format":"Non-Junction","Type_of_Intersection":1,"Type_of_Intersection_Text_Format":"Not at Intersection","School_Bus_Related":1,"School_Bus_Related_Text_Format":"No","Work_Zone_Related":1,"Work_Zone_Related_Text_Format":"No","Location_Of_Crash_Relative_To_Work_Zone":88,"Location_Of_Crash_Relative_To_Work_Zone_Text_Format":"Not Applicable","Type_of_Work_Zone":88,"Type_of_Work_Zone_Text_Format":"Not Applicable","Worker_Presence":88,"Worker_Presence_Text_Format":"Not Applicable","Law_Enforcement_Presence":88,"Law_Enforcement_Presence_Text_Format":"Not Applicable","Were_Vehicles_Moved_Prior_To_Police_Arrival":"FALSE","Trafficway_Ownership":1,"Trafficway_Ownership_Text_Format":"Public Road","Trafficway_Class":1,"Trafficway_Class_Text_Format":"Trafficway, On Road","Police_Agency":"CT0009300","Police_Agency_Text_Format":"New Haven PD","Badge_Number":44050,"Approval_Date":"19:25.0","Police_Case_Status":"O","Police_Case_Status_Text_Format":"Open","Crash_Report_Submission_Date":"02:10.0","Related_Case_Identifiers":null,"No__of_Through_Lanes__Log_Dir__":4,"Average_Daily_Traffic":17900,"Functional_Classification":3,"Functional_Classification_Text_Format":"PRINCIPAL ARTERIAL - OTHER - NEW HPMS","Rural_or_Urban":2,"Rural_or_Urban_Text_Format":"Urban","CrashSeverityClass":2,"SevereCrashIndicator":1,"CrashId_12_13":null,"VehicleId":null,"PersonId":2,"Age":68,"Gender":1,"Gender_Text_Format":"Male","State":"CT","Postal_Code":6519,"Injury_Status":"K","Condition_at_Time_of_Crash":99,"Condition_at_Time_of_Crash_Text_Format":"Unknown","Condition_at_Time_of_Crash2":null,"Condition_at_Time_of_Crash2_Text_Format":null,"Action_Taken_by_Officer":0,"Action_Taken_by_Officer_Text_Format":"None taken","Alcohol_Test_Status":1,"Alcohol_Test_Status_Text_Format":"Test Not Given","Type_Of_Alcohol_Test":88,"Type_Of_Alcohol_Test_Text_Format":"Not Applicable","Drug_Test_Status":1,"Drug_Test_Status_Text_Format":"Test Not Given","Type_Of_Drig_Test":88,"Type_Of_Drig_Test_Text_Format":"Not Applicable","Ejection_Status":null,"Ejection_Status_Text_Format":null,"Restraint_System":null,"Restraint_System_Text_Format":null,"Helmet_Use":null,"Helmet_Use_Text_Format":null,"Air_Bag_Status":null,"Air_Bag_Status_Text_Format":null,"Speeding_Related":null,"Speeding_Related_Text_Format":null,"Driver_Actions_1":null,"Driver_Actions_1_Text_Format":null,"Driver_Actions_2":null,"Driver_Actions_2_Text_Format":null,"Driver_Actions_3":null,"Driver_Actions_3_Text_Format":null,"Driver_Actions_4":null,"Driver_Actions_4_Text_Format":null,"Driver_Distracted_By":null,"Driver_Distracted_By_Text_Format":null,"Roadway_On_Which_Nonmotorist_Was_Traveling_Located":"ELLA T GRASSO BLVD","Direction_nonmotorist_was_traveling":"W","Direction_Unknown":0,"Striking_Motor_Vehicle_ID":1,"Bicycle_ID":null,"Non_Motorist_Not_In_Roadway":0,"Actions_or_Circumstances_Prior_to_Crash":1,"Actions_or_Circumstances_Prior_to_Crash_Text_Format":"Crossing Roadway","To_or_From_School":1,"To_or_From_School_Text_Format":"No","Actions_or_Circumstances_At_Time_Of_Crash":99,"Actions_or_Circumstances_At_Time_Of_Crash_Text_Format":"Unknown","Actions_or_Circumstances_At_Time_Of_Crash2":88,"Actions_or_Circumstances_At_Time_Of_Crash2_Text_Format":"Not Applicable","Location_At_Time_Of_Crash":5,"Location_At_Time_Of_Crash_Text_Format":"Travel Lane-Other Location","Safety_Equipment":99,"Safety_Equipment_Text_Format":"Unknown","Safety_Equipment2":88,"Safety_Equipment2_Text_Format":"Not Applicable","Non_motorist_Distracted_By":99,"Non_motorist_Distracted_By_Text_Format":"Unknown if Distracted","Seating_Position":null,"Seating_Position_Text_Format":null,"Seating_Position_for_Bus":null,"City":"New Haven","Country":"UnitedStates","Driver_License_Jurisdiction":99,"Driver_License_Jurisdiction_Text_Format":"Unknown","Drivers_License_Issued_By":null,"Drivers_License_Class":null,"Commercial_License_Class":null,"Commercial_License_Class_Text_Format":null,"Transported_to_First_Medical_Facility_By":1,"Transported_to_First_Medical_Facility_By_Text_Format":"Not Transported","Name_of_the_EMS_agency":null,"Name_of_the_Intended_Receiving_Facility":null,"OBJECTID_1":27}},{"type":"Feature","id":28,"geometry":{"type":"Point","coordinates":[953271.9875253886,667797.75723163784]},"properties":{"OBJECTID":28,"CrashId":986435,"Person_Type":1,"Person_Type_Text_Format":"Driver","Injury_Status_Text_Format":"Fatal Injury (K)","Fatal_Case_Status":1,"Fatal_Case_Status_Text_Format":"Complete","CrashId_1":986435,"CrashId_12":986435,"Latitude":41.293731000000001,"Longitude":-72.920021000000006,"DOT_Case_Number":922277,"Town_Name":"New Haven","Town_Number":93,"Town_Number_1":93,"Town_Number_Text_Format":"New Haven","Date_Of_Crash":"2022-10-30","Year":2022,"Month":10,"Month_Text_Format":"October","Day":30,"Day_of_the_Week":1,"Day_of_the_Week_Text_Format":"Sunday","Time_of_Crash":"2:18:00","Hour_of_the_Day":2,"Case_Identifier":22036672,"Crash_Severity":"K","Crash_Severity_Text_Format":"Fatal (Kill)","Most_Severe_Injury":"K","Most_Severe_Injury_Text_Format":"Fatal Injury (K)","Number_Of_Motor_Vehicles":5,"Number_Of_Non_Motorist":0,"Number_Of_Witnesses":0,"Route_Class":4,"Route_Class_Text_Format":"Local","Milemarker":0.77000000000000002,"Road_Number":359,"Road_Description":"SARGENT DR","Roadway_Name":"SARGENT DR","Intersecting_Roadway_Name":null,"Landmark_Description":"FOOD TERMINAL LANE PVT","Distance_From_Nearest_Landmark":100,"Unit_Of_Measure_From_Nearest_Landmark":"Feet","Direction_From_Nearest_Landmark":"N","Latitude_1":41.293731000000001,"Longitude_1":-72.920021000000006,"First_Harmful_Event":14,"First_Harmful_Event_Text_Format":"Motor Vehicle in Operation","Manner_of_Crash___Collision_Impact":4,"Manner_of_Crash___Collision_Impact_Text_Format":"Sideswipe, same direction","Location_of_First_Harmful_Event":1,"Location_of_First_Harmful_Event_Text_Format":"On Roadway","Weather_Condition":1,"Weather_Condition_Text_Format":"Clear","Weather_2":88,"Weather_2_Text_Format":"Not Applicable","Light_Condition":4,"Light_Condition_Text_Format":"Dark-Lighted","Road_Surface_Condition":1,"Road_Surface_Condition_Text_Format":"Dry","Contributing_Circumstances__Environment":0,"Contributing_Circumstances__Environment_Text_Format":"None","Environment_2":88,"Environment_2_Text_Format":"Not Applicable","Environment_3":88,"Environment_3_Text_Format":"Not Applicable","Contributing_Circumstances__Road":0,"Contributing_Circumstances__Road_Text_Format":"None","Road_2":88,"Road_2_Text_Format":"Not Applicable","Road_3":88,"Road_3_Text_Format":"Not Applicable","Crash_Specific_Location":1,"Crash_Specific_Location_Text_Format":"Non-Junction","Type_of_Intersection":1,"Type_of_Intersection_Text_Format":"Not at Intersection","School_Bus_Related":1,"School_Bus_Related_Text_Format":"No","Work_Zone_Related":1,"Work_Zone_Related_Text_Format":"No","Location_Of_Crash_Relative_To_Work_Zone":88,"Location_Of_Crash_Relative_To_Work_Zone_Text_Format":"Not Applicable","Type_of_Work_Zone":88,"Type_of_Work_Zone_Text_Format":"Not Applicable","Worker_Presence":88,"Worker_Presence_Text_Format":"Not Applicable","Law_Enforcement_Presence":88,"Law_Enforcement_Presence_Text_Format":"Not Applicable","Were_Vehicles_Moved_Prior_To_Police_Arrival":"FALSE","Trafficway_Ownership":1,"Trafficway_Ownership_Text_Format":"Public Road","Trafficway_Class":1,"Trafficway_Class_Text_Format":"Trafficway, On Road","Police_Agency":"CT0009300","Police_Agency_Text_Format":"New Haven PD","Badge_Number":40955,"Approval_Date":"36:22.0","Police_Case_Status":"O","Police_Case_Status_Text_Format":"Open","Crash_Report_Submission_Date":"02:12.0","Related_Case_Identifiers":null,"No__of_Through_Lanes__Log_Dir__":null,"Average_Daily_Traffic":null,"Functional_Classification":null,"Functional_Classification_Text_Format":null,"Rural_or_Urban":null,"Rural_or_Urban_Text_Format":null,"CrashSeverityClass":2,"SevereCrashIndicator":1,"CrashId_12_13":null,"VehicleId":3,"PersonId":4,"Age":30,"Gender":1,"Gender_Text_Format":"Male","State":"MA","Postal_Code":2740,"Injury_Status":"K","Condition_at_Time_of_Crash":1,"Condition_at_Time_of_Crash_Text_Format":"Apparently Normal","Condition_at_Time_of_Crash2":1,"Condition_at_Time_of_Crash2_Text_Format":"Apparently Normal","Action_Taken_by_Officer":0,"Action_Taken_by_Officer_Text_Format":"None taken","Alcohol_Test_Status":1,"Alcohol_Test_Status_Text_Format":"Test Not Given","Type_Of_Alcohol_Test":88,"Type_Of_Alcohol_Test_Text_Format":"Not Applicable","Drug_Test_Status":1,"Drug_Test_Status_Text_Format":"Test Not Given","Type_Of_Drig_Test":88,"Type_Of_Drig_Test_Text_Format":"Not Applicable","Ejection_Status":1,"Ejection_Status_Text_Format":"Not Ejected","Restraint_System":99,"Restraint_System_Text_Format":"Unknown","Helmet_Use":88,"Helmet_Use_Text_Format":"Not Applicable","Air_Bag_Status":1,"Air_Bag_Status_Text_Format":"Not Deployed","Speeding_Related":99,"Speeding_Related_Text_Format":"Unknown","Driver_Actions_1":99,"Driver_Actions_1_Text_Format":"Unknown","Driver_Actions_2":88,"Driver_Actions_2_Text_Format":"Not Applicable","Driver_Actions_3":88,"Driver_Actions_3_Text_Format":"Not Applicable","Driver_Actions_4":88,"Driver_Actions_4_Text_Format":"Not Applicable","Driver_Distracted_By":99,"Driver_Distracted_By_Text_Format":"Unknown if Distracted","Roadway_On_Which_Nonmotorist_Was_Traveling_Located":null,"Direction_nonmotorist_was_traveling":null,"Direction_Unknown":null,"Striking_Motor_Vehicle_ID":null,"Bicycle_ID":null,"Non_Motorist_Not_In_Roadway":null,"Actions_or_Circumstances_Prior_to_Crash":null,"Actions_or_Circumstances_Prior_to_Crash_Text_Format":null,"To_or_From_School":null,"To_or_From_School_Text_Format":null,"Actions_or_Circumstances_At_Time_Of_Crash":null,"Actions_or_Circumstances_At_Time_Of_Crash_Text_Format":null,"Actions_or_Circumstances_At_Time_Of_Crash2":null,"Actions_or_Circumstances_At_Time_Of_Crash2_Text_Format":null,"Location_At_Time_Of_Crash":null,"Location_At_Time_Of_Crash_Text_Format":null,"Safety_Equipment":null,"Safety_Equipment_Text_Format":null,"Safety_Equipment2":null,"Safety_Equipment2_Text_Format":null,"Non_motorist_Distracted_By":null,"Non_motorist_Distracted_By_Text_Format":null,"Seating_Position":11,"Seating_Position_Text_Format":"First Row, Left\u00A0Seat","Seating_Position_for_Bus":null,"City":"New Bedford","Country":"UnitedStates","Driver_License_Jurisdiction":99,"Driver_License_Jurisdiction_Text_Format":"Unknown","Drivers_License_Issued_By":null,"Drivers_License_Class":99,"Commercial_License_Class":null,"Commercial_License_Class_Text_Format":null,"Transported_to_First_Medical_Facility_By":1,"Transported_to_First_Medical_Facility_By_Text_Format":"Not Transported","Name_of_the_EMS_agency":null,"Name_of_the_Intended_Receiving_Facility":null,"OBJECTID_1":28}},{"type":"Feature","id":29,"geometry":{"type":"Point","coordinates":[966131.88240921497,675507.12042181194]},"properties":{"OBJECTID":29,"CrashId":989081,"Person_Type":1,"Person_Type_Text_Format":"Driver","Injury_Status_Text_Format":"Fatal Injury (K)","Fatal_Case_Status":1,"Fatal_Case_Status_Text_Format":"Complete","CrashId_1":989081,"CrashId_12":989081,"Latitude":41.314954,"Longitude":-72.873259000000004,"DOT_Case_Number":922285,"Town_Name":"New Haven","Town_Number":93,"Town_Number_1":93,"Town_Number_Text_Format":"New Haven","Date_Of_Crash":"2022-10-30","Year":2022,"Month":10,"Month_Text_Format":"October","Day":30,"Day_of_the_Week":1,"Day_of_the_Week_Text_Format":"Sunday","Time_of_Crash":"11:15:00","Hour_of_the_Day":11,"Case_Identifier":22036689,"Crash_Severity":"K","Crash_Severity_Text_Format":"Fatal (Kill)","Most_Severe_Injury":"K","Most_Severe_Injury_Text_Format":"Fatal Injury (K)","Number_Of_Motor_Vehicles":2,"Number_Of_Non_Motorist":0,"Number_Of_Witnesses":0,"Route_Class":4,"Route_Class_Text_Format":"Local","Milemarker":0.57999999999999996,"Road_Number":167,"Road_Description":"EASTERN ST","Roadway_Name":"EASTERN ST","Intersecting_Roadway_Name":null,"Landmark_Description":"HEMINGWAY ST","Distance_From_Nearest_Landmark":100,"Unit_Of_Measure_From_Nearest_Landmark":"Feet","Direction_From_Nearest_Landmark":"N","Latitude_1":41.314954,"Longitude_1":-72.873259000000004,"First_Harmful_Event":14,"First_Harmful_Event_Text_Format":"Motor Vehicle in Operation","Manner_of_Crash___Collision_Impact":2,"Manner_of_Crash___Collision_Impact_Text_Format":"Front to front","Location_of_First_Harmful_Event":1,"Location_of_First_Harmful_Event_Text_Format":"On Roadway","Weather_Condition":1,"Weather_Condition_Text_Format":"Clear","Weather_2":88,"Weather_2_Text_Format":"Not Applicable","Light_Condition":1,"Light_Condition_Text_Format":"Daylight","Road_Surface_Condition":1,"Road_Surface_Condition_Text_Format":"Dry","Contributing_Circumstances__Environment":0,"Contributing_Circumstances__Environment_Text_Format":"None","Environment_2":88,"Environment_2_Text_Format":"Not Applicable","Environment_3":88,"Environment_3_Text_Format":"Not Applicable","Contributing_Circumstances__Road":0,"Contributing_Circumstances__Road_Text_Format":"None","Road_2":88,"Road_2_Text_Format":"Not Applicable","Road_3":88,"Road_3_Text_Format":"Not Applicable","Crash_Specific_Location":1,"Crash_Specific_Location_Text_Format":"Non-Junction","Type_of_Intersection":1,"Type_of_Intersection_Text_Format":"Not at Intersection","School_Bus_Related":1,"School_Bus_Related_Text_Format":"No","Work_Zone_Related":1,"Work_Zone_Related_Text_Format":"No","Location_Of_Crash_Relative_To_Work_Zone":88,"Location_Of_Crash_Relative_To_Work_Zone_Text_Format":"Not Applicable","Type_of_Work_Zone":88,"Type_of_Work_Zone_Text_Format":"Not Applicable","Worker_Presence":88,"Worker_Presence_Text_Format":"Not Applicable","Law_Enforcement_Presence":88,"Law_Enforcement_Presence_Text_Format":"Not Applicable","Were_Vehicles_Moved_Prior_To_Police_Arrival":"FALSE","Trafficway_Ownership":1,"Trafficway_Ownership_Text_Format":"Public Road","Trafficway_Class":1,"Trafficway_Class_Text_Format":"Trafficway, On Road","Police_Agency":"CT0009300","Police_Agency_Text_Format":"New Haven PD","Badge_Number":19532,"Approval_Date":"07:42.0","Police_Case_Status":"C","Police_Case_Status_Text_Format":"Closed","Crash_Report_Submission_Date":"00:47.0","Related_Case_Identifiers":null,"No__of_Through_Lanes__Log_Dir__":null,"Average_Daily_Traffic":null,"Functional_Classification":null,"Functional_Classification_Text_Format":null,"Rural_or_Urban":null,"Rural_or_Urban_Text_Format":null,"CrashSeverityClass":2,"SevereCrashIndicator":1,"CrashId_12_13":null,"VehicleId":1,"PersonId":1,"Age":62,"Gender":1,"Gender_Text_Format":"Male","State":"CT","Postal_Code":6512,"Injury_Status":"K","Condition_at_Time_of_Crash":97,"Condition_at_Time_of_Crash_Text_Format":"Other","Condition_at_Time_of_Crash2":97,"Condition_at_Time_of_Crash2_Text_Format":"Other","Action_Taken_by_Officer":1,"Action_Taken_by_Officer_Text_Format":"Verbal Warning","Alcohol_Test_Status":1,"Alcohol_Test_Status_Text_Format":"Test Not Given","Type_Of_Alcohol_Test":88,"Type_Of_Alcohol_Test_Text_Format":"Not Applicable","Drug_Test_Status":1,"Drug_Test_Status_Text_Format":"Test Not Given","Type_Of_Drig_Test":88,"Type_Of_Drig_Test_Text_Format":"Not Applicable","Ejection_Status":1,"Ejection_Status_Text_Format":"Not Ejected","Restraint_System":1,"Restraint_System_Text_Format":"Shoulder and Lap Belt Used","Helmet_Use":88,"Helmet_Use_Text_Format":"Not Applicable","Air_Bag_Status":2,"Air_Bag_Status_Text_Format":"Deployed-Front","Speeding_Related":1,"Speeding_Related_Text_Format":"No","Driver_Actions_1":13,"Driver_Actions_1_Text_Format":"Failed to Keep in Proper Lane","Driver_Actions_2":88,"Driver_Actions_2_Text_Format":"Not Applicable","Driver_Actions_3":88,"Driver_Actions_3_Text_Format":"Not Applicable","Driver_Actions_4":88,"Driver_Actions_4_Text_Format":"Not Applicable","Driver_Distracted_By":99,"Driver_Distracted_By_Text_Format":"Unknown if Distracted","Roadway_On_Which_Nonmotorist_Was_Traveling_Located":null,"Direction_nonmotorist_was_traveling":null,"Direction_Unknown":null,"Striking_Motor_Vehicle_ID":null,"Bicycle_ID":null,"Non_Motorist_Not_In_Roadway":null,"Actions_or_Circumstances_Prior_to_Crash":null,"Actions_or_Circumstances_Prior_to_Crash_Text_Format":null,"To_or_From_School":null,"To_or_From_School_Text_Format":null,"Actions_or_Circumstances_At_Time_Of_Crash":null,"Actions_or_Circumstances_At_Time_Of_Crash_Text_Format":null,"Actions_or_Circumstances_At_Time_Of_Crash2":null,"Actions_or_Circumstances_At_Time_Of_Crash2_Text_Format":null,"Location_At_Time_Of_Crash":null,"Location_At_Time_Of_Crash_Text_Format":null,"Safety_Equipment":null,"Safety_Equipment_Text_Format":null,"Safety_Equipment2":null,"Safety_Equipment2_Text_Format":null,"Non_motorist_Distracted_By":null,"Non_motorist_Distracted_By_Text_Format":null,"Seating_Position":11,"Seating_Position_Text_Format":"First Row, Left\u00A0Seat","Seating_Position_for_Bus":null,"City":"East Haven","Country":"UnitedStates","Driver_License_Jurisdiction":2,"Driver_License_Jurisdiction_Text_Format":"State","Drivers_License_Issued_By":"CT","Drivers_License_Class":4,"Commercial_License_Class":1,"Commercial_License_Class_Text_Format":"No","Transported_to_First_Medical_Facility_By":3,"Transported_to_First_Medical_Facility_By_Text_Format":"EMS Ground","Name_of_the_EMS_agency":"AMER MED RESPONSE","Name_of_the_Intended_Receiving_Facility":"YALE-NH HOSP","OBJECTID_1":29}},{"type":"Feature","id":30,"geometry":{"type":"Point","coordinates":[940676.51468488574,680610.78278663754]},"properties":{"OBJECTID":30,"CrashId":990156,"Person_Type":3,"Person_Type_Text_Format":"Pedestrian","Injury_Status_Text_Format":"Fatal Injury (K)","Fatal_Case_Status":1,"Fatal_Case_Status_Text_Format":"Complete","CrashId_1":990156,"CrashId_12":990156,"Latitude":41.328845000000001,"Longitude":-72.965995000000007,"DOT_Case_Number":922292,"Town_Name":"New Haven","Town_Number":93,"Town_Number_1":93,"Town_Number_Text_Format":"New Haven","Date_Of_Crash":"2022-11-04","Year":2022,"Month":11,"Month_Text_Format":"November","Day":4,"Day_of_the_Week":6,"Day_of_the_Week_Text_Format":"Friday","Time_of_Crash":"18:09:00","Hour_of_the_Day":18,"Case_Identifier":22037383,"Crash_Severity":"K","Crash_Severity_Text_Format":"Fatal (Kill)","Most_Severe_Injury":"K","Most_Severe_Injury_Text_Format":"Fatal Injury (K)","Number_Of_Motor_Vehicles":1,"Number_Of_Non_Motorist":1,"Number_Of_Witnesses":4,"Route_Class":3,"Route_Class_Text_Format":"State","Milemarker":0.56999999999999995,"Road_Number":63,"Road_Description":"63-N","Roadway_Name":"63-N","Intersecting_Roadway_Name":null,"Landmark_Description":"EMERSON ST","Distance_From_Nearest_Landmark":250,"Unit_Of_Measure_From_Nearest_Landmark":"Feet","Direction_From_Nearest_Landmark":"N","Latitude_1":41.328845000000001,"Longitude_1":-72.965995000000007,"First_Harmful_Event":9,"First_Harmful_Event_Text_Format":"Pedestrian","Manner_of_Crash___Collision_Impact":88,"Manner_of_Crash___Collision_Impact_Text_Format":"Not Applicable","Location_of_First_Harmful_Event":1,"Location_of_First_Harmful_Event_Text_Format":"On Roadway","Weather_Condition":1,"Weather_Condition_Text_Format":"Clear","Weather_2":88,"Weather_2_Text_Format":"Not Applicable","Light_Condition":6,"Light_Condition_Text_Format":"Dark-Unknown Lighting","Road_Surface_Condition":1,"Road_Surface_Condition_Text_Format":"Dry","Contributing_Circumstances__Environment":0,"Contributing_Circumstances__Environment_Text_Format":"None","Environment_2":88,"Environment_2_Text_Format":"Not Applicable","Environment_3":88,"Environment_3_Text_Format":"Not Applicable","Contributing_Circumstances__Road":0,"Contributing_Circumstances__Road_Text_Format":"None","Road_2":88,"Road_2_Text_Format":"Not Applicable","Road_3":88,"Road_3_Text_Format":"Not Applicable","Crash_Specific_Location":1,"Crash_Specific_Location_Text_Format":"Non-Junction","Type_of_Intersection":1,"Type_of_Intersection_Text_Format":"Not at Intersection","School_Bus_Related":1,"School_Bus_Related_Text_Format":"No","Work_Zone_Related":1,"Work_Zone_Related_Text_Format":"No","Location_Of_Crash_Relative_To_Work_Zone":88,"Location_Of_Crash_Relative_To_Work_Zone_Text_Format":"Not Applicable","Type_of_Work_Zone":88,"Type_of_Work_Zone_Text_Format":"Not Applicable","Worker_Presence":88,"Worker_Presence_Text_Format":"Not Applicable","Law_Enforcement_Presence":88,"Law_Enforcement_Presence_Text_Format":"Not Applicable","Were_Vehicles_Moved_Prior_To_Police_Arrival":"TRUE","Trafficway_Ownership":1,"Trafficway_Ownership_Text_Format":"Public Road","Trafficway_Class":1,"Trafficway_Class_Text_Format":"Trafficway, On Road","Police_Agency":"CT0009300","Police_Agency_Text_Format":"New Haven PD","Badge_Number":40812,"Approval_Date":"21:29.0","Police_Case_Status":"O","Police_Case_Status_Text_Format":"Open","Crash_Report_Submission_Date":"00:33.0","Related_Case_Identifiers":null,"No__of_Through_Lanes__Log_Dir__":3,"Average_Daily_Traffic":20300,"Functional_Classification":3,"Functional_Classification_Text_Format":"PRINCIPAL ARTERIAL - OTHER - NEW HPMS","Rural_or_Urban":2,"Rural_or_Urban_Text_Format":"Urban","CrashSeverityClass":2,"SevereCrashIndicator":1,"CrashId_12_13":null,"VehicleId":null,"PersonId":2,"Age":27,"Gender":2,"Gender_Text_Format":"Female","State":"CT","Postal_Code":6511,"Injury_Status":"K","Condition_at_Time_of_Crash":99,"Condition_at_Time_of_Crash_Text_Format":"Unknown","Condition_at_Time_of_Crash2":null,"Condition_at_Time_of_Crash2_Text_Format":null,"Action_Taken_by_Officer":0,"Action_Taken_by_Officer_Text_Format":"None taken","Alcohol_Test_Status":1,"Alcohol_Test_Status_Text_Format":"Test Not Given","Type_Of_Alcohol_Test":88,"Type_Of_Alcohol_Test_Text_Format":"Not Applicable","Drug_Test_Status":1,"Drug_Test_Status_Text_Format":"Test Not Given","Type_Of_Drig_Test":88,"Type_Of_Drig_Test_Text_Format":"Not Applicable","Ejection_Status":null,"Ejection_Status_Text_Format":null,"Restraint_System":null,"Restraint_System_Text_Format":null,"Helmet_Use":null,"Helmet_Use_Text_Format":null,"Air_Bag_Status":null,"Air_Bag_Status_Text_Format":null,"Speeding_Related":null,"Speeding_Related_Text_Format":null,"Driver_Actions_1":null,"Driver_Actions_1_Text_Format":null,"Driver_Actions_2":null,"Driver_Actions_2_Text_Format":null,"Driver_Actions_3":null,"Driver_Actions_3_Text_Format":null,"Driver_Actions_4":null,"Driver_Actions_4_Text_Format":null,"Driver_Distracted_By":null,"Driver_Distracted_By_Text_Format":null,"Roadway_On_Which_Nonmotorist_Was_Traveling_Located":"WHALLEY AVE","Direction_nonmotorist_was_traveling":"W","Direction_Unknown":0,"Striking_Motor_Vehicle_ID":1,"Bicycle_ID":null,"Non_Motorist_Not_In_Roadway":0,"Actions_or_Circumstances_Prior_to_Crash":1,"Actions_or_Circumstances_Prior_to_Crash_Text_Format":"Crossing Roadway","To_or_From_School":1,"To_or_From_School_Text_Format":"No","Actions_or_Circumstances_At_Time_Of_Crash":9,"Actions_or_Circumstances_At_Time_Of_Crash_Text_Format":"Not Visible (Dark Clothing, No Lighting, etc.)","Actions_or_Circumstances_At_Time_Of_Crash2":2,"Actions_or_Circumstances_At_Time_Of_Crash2_Text_Format":"Dart/Dash","Location_At_Time_Of_Crash":5,"Location_At_Time_Of_Crash_Text_Format":"Travel Lane-Other Location","Safety_Equipment":0,"Safety_Equipment_Text_Format":"None","Safety_Equipment2":88,"Safety_Equipment2_Text_Format":"Not Applicable","Non_motorist_Distracted_By":99,"Non_motorist_Distracted_By_Text_Format":"Unknown if Distracted","Seating_Position":null,"Seating_Position_Text_Format":null,"Seating_Position_for_Bus":null,"City":"New Haven","Country":"UnitedStates","Driver_License_Jurisdiction":null,"Driver_License_Jurisdiction_Text_Format":null,"Drivers_License_Issued_By":null,"Drivers_License_Class":null,"Commercial_License_Class":null,"Commercial_License_Class_Text_Format":null,"Transported_to_First_Medical_Facility_By":3,"Transported_to_First_Medical_Facility_By_Text_Format":"EMS Ground","Name_of_the_EMS_agency":"AMER MED RESPONSE","Name_of_the_Intended_Receiving_Facility":"YALE-NH HOSP","OBJECTID_1":30}},{"type":"Feature","id":31,"geometry":{"type":"Point","coordinates":[948334.07810989022,676680.9041634798]},"properties":{"OBJECTID":31,"CrashId":997829,"Person_Type":3,"Person_Type_Text_Format":"Pedestrian","Injury_Status_Text_Format":"Fatal Injury (K)","Fatal_Case_Status":1,"Fatal_Case_Status_Text_Format":"Complete","CrashId_1":997829,"CrashId_12":997829,"Latitude":41.317993999999999,"Longitude":-72.937970000000007,"DOT_Case_Number":922328,"Town_Name":"New Haven","Town_Number":93,"Town_Number_1":93,"Town_Number_Text_Format":"New Haven","Date_Of_Crash":"2022-11-27","Year":2022,"Month":11,"Month_Text_Format":"November","Day":27,"Day_of_the_Week":1,"Day_of_the_Week_Text_Format":"Sunday","Time_of_Crash":"21:20:00","Hour_of_the_Day":21,"Case_Identifier":22040257,"Crash_Severity":"K","Crash_Severity_Text_Format":"Fatal (Kill)","Most_Severe_Injury":"K","Most_Severe_Injury_Text_Format":"Fatal Injury (K)","Number_Of_Motor_Vehicles":1,"Number_Of_Non_Motorist":1,"Number_Of_Witnesses":0,"Route_Class":4,"Route_Class_Text_Format":"Local","Milemarker":0.25,"Road_Number":257,"Road_Description":"GOFFE ST","Roadway_Name":"GOFFE ST","Intersecting_Roadway_Name":null,"Landmark_Description":"ORCHARD","Distance_From_Nearest_Landmark":50,"Unit_Of_Measure_From_Nearest_Landmark":"Feet","Direction_From_Nearest_Landmark":"N","Latitude_1":41.317993999999999,"Longitude_1":-72.937970000000007,"First_Harmful_Event":9,"First_Harmful_Event_Text_Format":"Pedestrian","Manner_of_Crash___Collision_Impact":88,"Manner_of_Crash___Collision_Impact_Text_Format":"Not Applicable","Location_of_First_Harmful_Event":1,"Location_of_First_Harmful_Event_Text_Format":"On Roadway","Weather_Condition":4,"Weather_Condition_Text_Format":"Rain","Weather_2":88,"Weather_2_Text_Format":"Not Applicable","Light_Condition":4,"Light_Condition_Text_Format":"Dark-Lighted","Road_Surface_Condition":2,"Road_Surface_Condition_Text_Format":"Wet","Contributing_Circumstances__Environment":99,"Contributing_Circumstances__Environment_Text_Format":"Unknown","Environment_2":88,"Environment_2_Text_Format":"Not Applicable","Environment_3":88,"Environment_3_Text_Format":"Not Applicable","Contributing_Circumstances__Road":99,"Contributing_Circumstances__Road_Text_Format":"Unknown","Road_2":88,"Road_2_Text_Format":"Not Applicable","Road_3":88,"Road_3_Text_Format":"Not Applicable","Crash_Specific_Location":1,"Crash_Specific_Location_Text_Format":"Non-Junction","Type_of_Intersection":1,"Type_of_Intersection_Text_Format":"Not at Intersection","School_Bus_Related":99,"School_Bus_Related_Text_Format":"Unknown","Work_Zone_Related":1,"Work_Zone_Related_Text_Format":"No","Location_Of_Crash_Relative_To_Work_Zone":88,"Location_Of_Crash_Relative_To_Work_Zone_Text_Format":"Not Applicable","Type_of_Work_Zone":88,"Type_of_Work_Zone_Text_Format":"Not Applicable","Worker_Presence":88,"Worker_Presence_Text_Format":"Not Applicable","Law_Enforcement_Presence":88,"Law_Enforcement_Presence_Text_Format":"Not Applicable","Were_Vehicles_Moved_Prior_To_Police_Arrival":"FALSE","Trafficway_Ownership":1,"Trafficway_Ownership_Text_Format":"Public Road","Trafficway_Class":1,"Trafficway_Class_Text_Format":"Trafficway, On Road","Police_Agency":"CT0009300","Police_Agency_Text_Format":"New Haven PD","Badge_Number":44175,"Approval_Date":"47:52.0","Police_Case_Status":"C","Police_Case_Status_Text_Format":"Closed","Crash_Report_Submission_Date":"00:11.0","Related_Case_Identifiers":"22040257","No__of_Through_Lanes__Log_Dir__":2,"Average_Daily_Traffic":8300,"Functional_Classification":4,"Functional_Classification_Text_Format":"MINOR ARTERIAL - NEW HPMS","Rural_or_Urban":2,"Rural_or_Urban_Text_Format":"Urban","CrashSeverityClass":2,"SevereCrashIndicator":1,"CrashId_12_13":null,"VehicleId":null,"PersonId":1,"Age":61,"Gender":1,"Gender_Text_Format":"Male","State":"CT","Postal_Code":6514,"Injury_Status":"K","Condition_at_Time_of_Crash":2,"Condition_at_Time_of_Crash_Text_Format":"Physically Impaired","Condition_at_Time_of_Crash2":null,"Condition_at_Time_of_Crash2_Text_Format":null,"Action_Taken_by_Officer":0,"Action_Taken_by_Officer_Text_Format":"None taken","Alcohol_Test_Status":1,"Alcohol_Test_Status_Text_Format":"Test Not Given","Type_Of_Alcohol_Test":88,"Type_Of_Alcohol_Test_Text_Format":"Not Applicable","Drug_Test_Status":1,"Drug_Test_Status_Text_Format":"Test Not Given","Type_Of_Drig_Test":88,"Type_Of_Drig_Test_Text_Format":"Not Applicable","Ejection_Status":null,"Ejection_Status_Text_Format":null,"Restraint_System":null,"Restraint_System_Text_Format":null,"Helmet_Use":null,"Helmet_Use_Text_Format":null,"Air_Bag_Status":null,"Air_Bag_Status_Text_Format":null,"Speeding_Related":null,"Speeding_Related_Text_Format":null,"Driver_Actions_1":null,"Driver_Actions_1_Text_Format":null,"Driver_Actions_2":null,"Driver_Actions_2_Text_Format":null,"Driver_Actions_3":null,"Driver_Actions_3_Text_Format":null,"Driver_Actions_4":null,"Driver_Actions_4_Text_Format":null,"Driver_Distracted_By":null,"Driver_Distracted_By_Text_Format":null,"Roadway_On_Which_Nonmotorist_Was_Traveling_Located":"GOFFE","Direction_nonmotorist_was_traveling":null,"Direction_Unknown":1,"Striking_Motor_Vehicle_ID":1,"Bicycle_ID":null,"Non_Motorist_Not_In_Roadway":0,"Actions_or_Circumstances_Prior_to_Crash":99,"Actions_or_Circumstances_Prior_to_Crash_Text_Format":"Unknown","To_or_From_School":1,"To_or_From_School_Text_Format":"No","Actions_or_Circumstances_At_Time_Of_Crash":99,"Actions_or_Circumstances_At_Time_Of_Crash_Text_Format":"Unknown","Actions_or_Circumstances_At_Time_Of_Crash2":99,"Actions_or_Circumstances_At_Time_Of_Crash2_Text_Format":"Unknown","Location_At_Time_Of_Crash":99,"Location_At_Time_Of_Crash_Text_Format":"Unknown","Safety_Equipment":0,"Safety_Equipment_Text_Format":"None","Safety_Equipment2":0,"Safety_Equipment2_Text_Format":"None","Non_motorist_Distracted_By":99,"Non_motorist_Distracted_By_Text_Format":"Unknown if Distracted","Seating_Position":null,"Seating_Position_Text_Format":null,"Seating_Position_for_Bus":null,"City":"Hamden","Country":"UnitedStates","Driver_License_Jurisdiction":1,"Driver_License_Jurisdiction_Text_Format":"Not Licensed","Drivers_License_Issued_By":"CT","Drivers_License_Class":null,"Commercial_License_Class":null,"Commercial_License_Class_Text_Format":null,"Transported_to_First_Medical_Facility_By":3,"Transported_to_First_Medical_Facility_By_Text_Format":"EMS Ground","Name_of_the_EMS_agency":"AMERICAN MEDICAL RESPONSE","Name_of_the_Intended_Receiving_Facility":"YALE-NH HOSP","OBJECTID_1":31}},{"type":"Feature","id":32,"geometry":{"type":"Point","coordinates":[953504.41389779747,674488.66478155553]},"properties":{"OBJECTID":32,"CrashId":1004779,"Person_Type":2,"Person_Type_Text_Format":"Passenger","Injury_Status_Text_Format":"Fatal Injury (K)","Fatal_Case_Status":1,"Fatal_Case_Status_Text_Format":"Complete","CrashId_1":1004779,"CrashId_12":1004779,"Latitude":41.312110799999999,"Longitude":-72.9192386,"DOT_Case_Number":922333,"Town_Name":"New Haven","Town_Number":93,"Town_Number_1":93,"Town_Number_Text_Format":"New Haven","Date_Of_Crash":"2022-12-16","Year":2022,"Month":12,"Month_Text_Format":"December","Day":16,"Day_of_the_Week":6,"Day_of_the_Week_Text_Format":"Friday","Time_of_Crash":"0:58:00","Hour_of_the_Day":0,"Case_Identifier":22042514,"Crash_Severity":"K","Crash_Severity_Text_Format":"Fatal (Kill)","Most_Severe_Injury":"K","Most_Severe_Injury_Text_Format":"Fatal Injury (K)","Number_Of_Motor_Vehicles":2,"Number_Of_Non_Motorist":0,"Number_Of_Witnesses":0,"Route_Class":1,"Route_Class_Text_Format":"Interstate","Milemarker":0.53000000000000003,"Road_Number":91,"Road_Description":"91-N-134","Roadway_Name":"91-N-134","Intersecting_Roadway_Name":"ORANGE ST NO 1","Landmark_Description":null,"Distance_From_Nearest_Landmark":null,"Unit_Of_Measure_From_Nearest_Landmark":null,"Direction_From_Nearest_Landmark":null,"Latitude_1":41.312110799999999,"Longitude_1":-72.9192386,"First_Harmful_Event":14,"First_Harmful_Event_Text_Format":"Motor Vehicle in Operation","Manner_of_Crash___Collision_Impact":3,"Manner_of_Crash___Collision_Impact_Text_Format":"Angle","Location_of_First_Harmful_Event":1,"Location_of_First_Harmful_Event_Text_Format":"On Roadway","Weather_Condition":4,"Weather_Condition_Text_Format":"Rain","Weather_2":88,"Weather_2_Text_Format":"Not Applicable","Light_Condition":4,"Light_Condition_Text_Format":"Dark-Lighted","Road_Surface_Condition":2,"Road_Surface_Condition_Text_Format":"Wet","Contributing_Circumstances__Environment":99,"Contributing_Circumstances__Environment_Text_Format":"Unknown","Environment_2":88,"Environment_2_Text_Format":"Not Applicable","Environment_3":88,"Environment_3_Text_Format":"Not Applicable","Contributing_Circumstances__Road":99,"Contributing_Circumstances__Road_Text_Format":"Unknown","Road_2":88,"Road_2_Text_Format":"Not Applicable","Road_3":88,"Road_3_Text_Format":"Not Applicable","Crash_Specific_Location":2,"Crash_Specific_Location_Text_Format":"Intersection","Type_of_Intersection":8,"Type_of_Intersection_Text_Format":"Five-Point, or More","School_Bus_Related":1,"School_Bus_Related_Text_Format":"No","Work_Zone_Related":1,"Work_Zone_Related_Text_Format":"No","Location_Of_Crash_Relative_To_Work_Zone":88,"Location_Of_Crash_Relative_To_Work_Zone_Text_Format":"Not Applicable","Type_of_Work_Zone":88,"Type_of_Work_Zone_Text_Format":"Not Applicable","Worker_Presence":88,"Worker_Presence_Text_Format":"Not Applicable","Law_Enforcement_Presence":88,"Law_Enforcement_Presence_Text_Format":"Not Applicable","Were_Vehicles_Moved_Prior_To_Police_Arrival":"FALSE","Trafficway_Ownership":1,"Trafficway_Ownership_Text_Format":"Public Road","Trafficway_Class":1,"Trafficway_Class_Text_Format":"Trafficway, On Road","Police_Agency":"CT0009300","Police_Agency_Text_Format":"New Haven PD","Badge_Number":42048,"Approval_Date":"09:34.0","Police_Case_Status":"O","Police_Case_Status_Text_Format":"Open","Crash_Report_Submission_Date":"00:49.0","Related_Case_Identifiers":null,"No__of_Through_Lanes__Log_Dir__":3,"Average_Daily_Traffic":101400,"Functional_Classification":1,"Functional_Classification_Text_Format":"INTERSTATE - NEW HPMS","Rural_or_Urban":3,"Rural_or_Urban_Text_Format":"Unknown","CrashSeverityClass":2,"SevereCrashIndicator":1,"CrashId_12_13":null,"VehicleId":2,"PersonId":3,"Age":25,"Gender":1,"Gender_Text_Format":"Male","State":"CT","Postal_Code":null,"Injury_Status":"K","Condition_at_Time_of_Crash":null,"Condition_at_Time_of_Crash_Text_Format":null,"Condition_at_Time_of_Crash2":null,"Condition_at_Time_of_Crash2_Text_Format":null,"Action_Taken_by_Officer":null,"Action_Taken_by_Officer_Text_Format":null,"Alcohol_Test_Status":null,"Alcohol_Test_Status_Text_Format":null,"Type_Of_Alcohol_Test":null,"Type_Of_Alcohol_Test_Text_Format":null,"Drug_Test_Status":null,"Drug_Test_Status_Text_Format":null,"Type_Of_Drig_Test":null,"Type_Of_Drig_Test_Text_Format":null,"Ejection_Status":1,"Ejection_Status_Text_Format":"Not Ejected","Restraint_System":1,"Restraint_System_Text_Format":"Shoulder and Lap Belt Used","Helmet_Use":88,"Helmet_Use_Text_Format":"Not Applicable","Air_Bag_Status":2,"Air_Bag_Status_Text_Format":"Deployed-Front","Speeding_Related":null,"Speeding_Related_Text_Format":null,"Driver_Actions_1":null,"Driver_Actions_1_Text_Format":null,"Driver_Actions_2":null,"Driver_Actions_2_Text_Format":null,"Driver_Actions_3":null,"Driver_Actions_3_Text_Format":null,"Driver_Actions_4":null,"Driver_Actions_4_Text_Format":null,"Driver_Distracted_By":null,"Driver_Distracted_By_Text_Format":null,"Roadway_On_Which_Nonmotorist_Was_Traveling_Located":null,"Direction_nonmotorist_was_traveling":null,"Direction_Unknown":null,"Striking_Motor_Vehicle_ID":null,"Bicycle_ID":null,"Non_Motorist_Not_In_Roadway":null,"Actions_or_Circumstances_Prior_to_Crash":null,"Actions_or_Circumstances_Prior_to_Crash_Text_Format":null,"To_or_From_School":null,"To_or_From_School_Text_Format":null,"Actions_or_Circumstances_At_Time_Of_Crash":null,"Actions_or_Circumstances_At_Time_Of_Crash_Text_Format":null,"Actions_or_Circumstances_At_Time_Of_Crash2":null,"Actions_or_Circumstances_At_Time_Of_Crash2_Text_Format":null,"Location_At_Time_Of_Crash":null,"Location_At_Time_Of_Crash_Text_Format":null,"Safety_Equipment":null,"Safety_Equipment_Text_Format":null,"Safety_Equipment2":null,"Safety_Equipment2_Text_Format":null,"Non_motorist_Distracted_By":null,"Non_motorist_Distracted_By_Text_Format":null,"Seating_Position":13,"Seating_Position_Text_Format":"First Row, Right Seat","Seating_Position_for_Bus":null,"City":"Branford","Country":"UnitedStates","Driver_License_Jurisdiction":null,"Driver_License_Jurisdiction_Text_Format":null,"Drivers_License_Issued_By":"CT","Drivers_License_Class":null,"Commercial_License_Class":null,"Commercial_License_Class_Text_Format":null,"Transported_to_First_Medical_Facility_By":1,"Transported_to_First_Medical_Facility_By_Text_Format":"Not Transported","Name_of_the_EMS_agency":null,"Name_of_the_Intended_Receiving_Facility":null,"OBJECTID_1":32}},{"type":"Feature","id":33,"geometry":{"type":"Point","coordinates":[947589.5694283098,675950.90365497768]},"properties":{"OBJECTID":33,"CrashId":1016764,"Person_Type":3,"Person_Type_Text_Format":"Pedestrian","Injury_Status_Text_Format":"Fatal Injury (K)","Fatal_Case_Status":1,"Fatal_Case_Status_Text_Format":"Complete","CrashId_1":1016764,"CrashId_12":1016764,"Latitude":41.316077,"Longitude":-72.940790000000007,"DOT_Case_Number":923018,"Town_Name":"New Haven","Town_Number":93,"Town_Number_1":93,"Town_Number_Text_Format":"New Haven","Date_Of_Crash":"2023-01-23","Year":2023,"Month":1,"Month_Text_Format":"January","Day":23,"Day_of_the_Week":2,"Day_of_the_Week_Text_Format":"Monday","Time_of_Crash":"18:12:00","Hour_of_the_Day":18,"Case_Identifier":23003131,"Crash_Severity":"K","Crash_Severity_Text_Format":"Fatal (Kill)","Most_Severe_Injury":"K","Most_Severe_Injury_Text_Format":"Fatal Injury (K)","Number_Of_Motor_Vehicles":1,"Number_Of_Non_Motorist":1,"Number_Of_Witnesses":1,"Route_Class":4,"Route_Class_Text_Format":"Local","Milemarker":0.46999999999999997,"Road_Number":653,"Road_Description":"WHALLEY AV","Roadway_Name":"WHALLEY AV","Intersecting_Roadway_Name":null,"Landmark_Description":"HUDSON ST","Distance_From_Nearest_Landmark":190,"Unit_Of_Measure_From_Nearest_Landmark":"Feet","Direction_From_Nearest_Landmark":"E","Latitude_1":41.316077,"Longitude_1":-72.940790000000007,"First_Harmful_Event":9,"First_Harmful_Event_Text_Format":"Pedestrian","Manner_of_Crash___Collision_Impact":88,"Manner_of_Crash___Collision_Impact_Text_Format":"Not Applicable","Location_of_First_Harmful_Event":1,"Location_of_First_Harmful_Event_Text_Format":"On Roadway","Weather_Condition":4,"Weather_Condition_Text_Format":"Rain","Weather_2":88,"Weather_2_Text_Format":"Not Applicable","Light_Condition":4,"Light_Condition_Text_Format":"Dark-Lighted","Road_Surface_Condition":2,"Road_Surface_Condition_Text_Format":"Wet","Contributing_Circumstances__Environment":0,"Contributing_Circumstances__Environment_Text_Format":"None","Environment_2":88,"Environment_2_Text_Format":"Not Applicable","Environment_3":88,"Environment_3_Text_Format":"Not Applicable","Contributing_Circumstances__Road":0,"Contributing_Circumstances__Road_Text_Format":"None","Road_2":88,"Road_2_Text_Format":"Not Applicable","Road_3":88,"Road_3_Text_Format":"Not Applicable","Crash_Specific_Location":11,"Crash_Specific_Location_Text_Format":"Through Roadway","Type_of_Intersection":1,"Type_of_Intersection_Text_Format":"Not at Intersection","School_Bus_Related":1,"School_Bus_Related_Text_Format":"No","Work_Zone_Related":1,"Work_Zone_Related_Text_Format":"No","Location_Of_Crash_Relative_To_Work_Zone":88,"Location_Of_Crash_Relative_To_Work_Zone_Text_Format":"Not Applicable","Type_of_Work_Zone":88,"Type_of_Work_Zone_Text_Format":"Not Applicable","Worker_Presence":88,"Worker_Presence_Text_Format":"Not Applicable","Law_Enforcement_Presence":88,"Law_Enforcement_Presence_Text_Format":"Not Applicable","Were_Vehicles_Moved_Prior_To_Police_Arrival":"FALSE","Trafficway_Ownership":1,"Trafficway_Ownership_Text_Format":"Public Road","Trafficway_Class":1,"Trafficway_Class_Text_Format":"Trafficway, On Road","Police_Agency":"CT0009300","Police_Agency_Text_Format":"New Haven PD","Badge_Number":44051,"Approval_Date":"42:59.0","Police_Case_Status":"O","Police_Case_Status_Text_Format":"Open","Crash_Report_Submission_Date":"00:02.0","Related_Case_Identifiers":null,"No__of_Through_Lanes__Log_Dir__":4,"Average_Daily_Traffic":21100,"Functional_Classification":3,"Functional_Classification_Text_Format":"PRINCIPAL ARTERIAL - OTHER - NEW HPMS","Rural_or_Urban":2,"Rural_or_Urban_Text_Format":"Urban","CrashSeverityClass":2,"SevereCrashIndicator":1,"CrashId_12_13":null,"VehicleId":null,"PersonId":3,"Age":42,"Gender":2,"Gender_Text_Format":"Female","State":"NC","Postal_Code":28401,"Injury_Status":"K","Condition_at_Time_of_Crash":2,"Condition_at_Time_of_Crash_Text_Format":"Physically Impaired","Condition_at_Time_of_Crash2":97,"Condition_at_Time_of_Crash2_Text_Format":"Other","Action_Taken_by_Officer":0,"Action_Taken_by_Officer_Text_Format":"None taken","Alcohol_Test_Status":1,"Alcohol_Test_Status_Text_Format":"Test Not Given","Type_Of_Alcohol_Test":88,"Type_Of_Alcohol_Test_Text_Format":"Not Applicable","Drug_Test_Status":1,"Drug_Test_Status_Text_Format":"Test Not Given","Type_Of_Drig_Test":88,"Type_Of_Drig_Test_Text_Format":"Not Applicable","Ejection_Status":null,"Ejection_Status_Text_Format":null,"Restraint_System":null,"Restraint_System_Text_Format":null,"Helmet_Use":null,"Helmet_Use_Text_Format":null,"Air_Bag_Status":null,"Air_Bag_Status_Text_Format":null,"Speeding_Related":null,"Speeding_Related_Text_Format":null,"Driver_Actions_1":null,"Driver_Actions_1_Text_Format":null,"Driver_Actions_2":null,"Driver_Actions_2_Text_Format":null,"Driver_Actions_3":null,"Driver_Actions_3_Text_Format":null,"Driver_Actions_4":null,"Driver_Actions_4_Text_Format":null,"Driver_Distracted_By":null,"Driver_Distracted_By_Text_Format":null,"Roadway_On_Which_Nonmotorist_Was_Traveling_Located":"WHALLEY AVE","Direction_nonmotorist_was_traveling":null,"Direction_Unknown":1,"Striking_Motor_Vehicle_ID":1,"Bicycle_ID":null,"Non_Motorist_Not_In_Roadway":0,"Actions_or_Circumstances_Prior_to_Crash":97,"Actions_or_Circumstances_Prior_to_Crash_Text_Format":"Other","To_or_From_School":1,"To_or_From_School_Text_Format":"No","Actions_or_Circumstances_At_Time_Of_Crash":5,"Actions_or_Circumstances_At_Time_Of_Crash_Text_Format":"In Roadway Improperly (Standing, Lying, Working, Playing)","Actions_or_Circumstances_At_Time_Of_Crash2":88,"Actions_or_Circumstances_At_Time_Of_Crash2_Text_Format":"Not Applicable","Location_At_Time_Of_Crash":5,"Location_At_Time_Of_Crash_Text_Format":"Travel Lane-Other Location","Safety_Equipment":0,"Safety_Equipment_Text_Format":"None","Safety_Equipment2":88,"Safety_Equipment2_Text_Format":"Not Applicable","Non_motorist_Distracted_By":99,"Non_motorist_Distracted_By_Text_Format":"Unknown if Distracted","Seating_Position":null,"Seating_Position_Text_Format":null,"Seating_Position_for_Bus":null,"City":"Wilmington","Country":"UnitedStates","Driver_License_Jurisdiction":2,"Driver_License_Jurisdiction_Text_Format":"State","Drivers_License_Issued_By":"NC","Drivers_License_Class":null,"Commercial_License_Class":null,"Commercial_License_Class_Text_Format":null,"Transported_to_First_Medical_Facility_By":3,"Transported_to_First_Medical_Facility_By_Text_Format":"EMS Ground","Name_of_the_EMS_agency":"AMER MED RESPONSE","Name_of_the_Intended_Receiving_Facility":"YALE-NH HOSP","OBJECTID_1":33}},{"type":"Feature","id":34,"geometry":{"type":"Point","coordinates":[948601.23046271503,680128.24995906651]},"properties":{"OBJECTID":34,"CrashId":1018935,"Person_Type":3,"Person_Type_Text_Format":"Pedestrian","Injury_Status_Text_Format":"Fatal Injury (K)","Fatal_Case_Status":1,"Fatal_Case_Status_Text_Format":"Complete","CrashId_1":1018935,"CrashId_12":1018935,"Latitude":41.327679000000003,"Longitude":-72.937173999999999,"DOT_Case_Number":923027,"Town_Name":"New Haven","Town_Number":93,"Town_Number_1":93,"Town_Number_Text_Format":"New Haven","Date_Of_Crash":"2023-02-01","Year":2023,"Month":2,"Month_Text_Format":"February","Day":1,"Day_of_the_Week":4,"Day_of_the_Week_Text_Format":"Wednesday","Time_of_Crash":"3:03:00","Hour_of_the_Day":3,"Case_Identifier":23004365,"Crash_Severity":"K","Crash_Severity_Text_Format":"Fatal (Kill)","Most_Severe_Injury":"K","Most_Severe_Injury_Text_Format":"Fatal Injury (K)","Number_Of_Motor_Vehicles":1,"Number_Of_Non_Motorist":1,"Number_Of_Witnesses":0,"Route_Class":4,"Route_Class_Text_Format":"Local","Milemarker":0.58999999999999997,"Road_Number":557,"Road_Description":"SHERMAN PKWY","Roadway_Name":"SHERMAN PKWY","Intersecting_Roadway_Name":null,"Landmark_Description":"HARDING PLACE","Distance_From_Nearest_Landmark":50,"Unit_Of_Measure_From_Nearest_Landmark":"Feet","Direction_From_Nearest_Landmark":"N","Latitude_1":41.327679000000003,"Longitude_1":-72.937173999999999,"First_Harmful_Event":9,"First_Harmful_Event_Text_Format":"Pedestrian","Manner_of_Crash___Collision_Impact":88,"Manner_of_Crash___Collision_Impact_Text_Format":"Not Applicable","Location_of_First_Harmful_Event":1,"Location_of_First_Harmful_Event_Text_Format":"On Roadway","Weather_Condition":1,"Weather_Condition_Text_Format":"Clear","Weather_2":88,"Weather_2_Text_Format":"Not Applicable","Light_Condition":4,"Light_Condition_Text_Format":"Dark-Lighted","Road_Surface_Condition":1,"Road_Surface_Condition_Text_Format":"Dry","Contributing_Circumstances__Environment":99,"Contributing_Circumstances__Environment_Text_Format":"Unknown","Environment_2":88,"Environment_2_Text_Format":"Not Applicable","Environment_3":88,"Environment_3_Text_Format":"Not Applicable","Contributing_Circumstances__Road":99,"Contributing_Circumstances__Road_Text_Format":"Unknown","Road_2":88,"Road_2_Text_Format":"Not Applicable","Road_3":88,"Road_3_Text_Format":"Not Applicable","Crash_Specific_Location":1,"Crash_Specific_Location_Text_Format":"Non-Junction","Type_of_Intersection":1,"Type_of_Intersection_Text_Format":"Not at Intersection","School_Bus_Related":1,"School_Bus_Related_Text_Format":"No","Work_Zone_Related":1,"Work_Zone_Related_Text_Format":"No","Location_Of_Crash_Relative_To_Work_Zone":88,"Location_Of_Crash_Relative_To_Work_Zone_Text_Format":"Not Applicable","Type_of_Work_Zone":88,"Type_of_Work_Zone_Text_Format":"Not Applicable","Worker_Presence":88,"Worker_Presence_Text_Format":"Not Applicable","Law_Enforcement_Presence":88,"Law_Enforcement_Presence_Text_Format":"Not Applicable","Were_Vehicles_Moved_Prior_To_Police_Arrival":"TRUE","Trafficway_Ownership":1,"Trafficway_Ownership_Text_Format":"Public Road","Trafficway_Class":1,"Trafficway_Class_Text_Format":"Trafficway, On Road","Police_Agency":"CT0009300","Police_Agency_Text_Format":"New Haven PD","Badge_Number":432,"Approval_Date":"39:53.0","Police_Case_Status":"O","Police_Case_Status_Text_Format":"Open","Crash_Report_Submission_Date":"00:14.0","Related_Case_Identifiers":null,"No__of_Through_Lanes__Log_Dir__":4,"Average_Daily_Traffic":6300,"Functional_Classification":4,"Functional_Classification_Text_Format":"MINOR ARTERIAL - NEW HPMS","Rural_or_Urban":2,"Rural_or_Urban_Text_Format":"Urban","CrashSeverityClass":2,"SevereCrashIndicator":1,"CrashId_12_13":null,"VehicleId":null,"PersonId":2,"Age":17,"Gender":1,"Gender_Text_Format":"Male","State":null,"Postal_Code":null,"Injury_Status":"K","Condition_at_Time_of_Crash":99,"Condition_at_Time_of_Crash_Text_Format":"Unknown","Condition_at_Time_of_Crash2":99,"Condition_at_Time_of_Crash2_Text_Format":"Unknown","Action_Taken_by_Officer":0,"Action_Taken_by_Officer_Text_Format":"None taken","Alcohol_Test_Status":1,"Alcohol_Test_Status_Text_Format":"Test Not Given","Type_Of_Alcohol_Test":88,"Type_Of_Alcohol_Test_Text_Format":"Not Applicable","Drug_Test_Status":1,"Drug_Test_Status_Text_Format":"Test Not Given","Type_Of_Drig_Test":88,"Type_Of_Drig_Test_Text_Format":"Not Applicable","Ejection_Status":null,"Ejection_Status_Text_Format":null,"Restraint_System":null,"Restraint_System_Text_Format":null,"Helmet_Use":null,"Helmet_Use_Text_Format":null,"Air_Bag_Status":null,"Air_Bag_Status_Text_Format":null,"Speeding_Related":null,"Speeding_Related_Text_Format":null,"Driver_Actions_1":null,"Driver_Actions_1_Text_Format":null,"Driver_Actions_2":null,"Driver_Actions_2_Text_Format":null,"Driver_Actions_3":null,"Driver_Actions_3_Text_Format":null,"Driver_Actions_4":null,"Driver_Actions_4_Text_Format":null,"Driver_Distracted_By":null,"Driver_Distracted_By_Text_Format":null,"Roadway_On_Which_Nonmotorist_Was_Traveling_Located":"SHERMAN PARKWAY","Direction_nonmotorist_was_traveling":null,"Direction_Unknown":1,"Striking_Motor_Vehicle_ID":1,"Bicycle_ID":null,"Non_Motorist_Not_In_Roadway":0,"Actions_or_Circumstances_Prior_to_Crash":99,"Actions_or_Circumstances_Prior_to_Crash_Text_Format":"Unknown","To_or_From_School":1,"To_or_From_School_Text_Format":"No","Actions_or_Circumstances_At_Time_Of_Crash":99,"Actions_or_Circumstances_At_Time_Of_Crash_Text_Format":"Unknown","Actions_or_Circumstances_At_Time_Of_Crash2":88,"Actions_or_Circumstances_At_Time_Of_Crash2_Text_Format":"Not Applicable","Location_At_Time_Of_Crash":5,"Location_At_Time_Of_Crash_Text_Format":"Travel Lane-Other Location","Safety_Equipment":0,"Safety_Equipment_Text_Format":"None","Safety_Equipment2":88,"Safety_Equipment2_Text_Format":"Not Applicable","Non_motorist_Distracted_By":99,"Non_motorist_Distracted_By_Text_Format":"Unknown if Distracted","Seating_Position":null,"Seating_Position_Text_Format":null,"Seating_Position_for_Bus":null,"City":null,"Country":"UnitedStates","Driver_License_Jurisdiction":99,"Driver_License_Jurisdiction_Text_Format":"Unknown","Drivers_License_Issued_By":null,"Drivers_License_Class":null,"Commercial_License_Class":null,"Commercial_License_Class_Text_Format":null,"Transported_to_First_Medical_Facility_By":3,"Transported_to_First_Medical_Facility_By_Text_Format":"EMS Ground","Name_of_the_EMS_agency":"AMER MED RESPONSE","Name_of_the_Intended_Receiving_Facility":"YALE-NH HOSP","OBJECTID_1":34}},{"type":"Feature","id":35,"geometry":{"type":"Point","coordinates":[960360.23909689486,656179.33821131289]},"properties":{"OBJECTID":35,"CrashId":1027723,"Person_Type":5,"Person_Type_Text_Format":"Bicyclist","Injury_Status_Text_Format":"Fatal Injury (K)","Fatal_Case_Status":1,"Fatal_Case_Status_Text_Format":"Complete","CrashId_1":1027723,"CrashId_12":1027723,"Latitude":41.261882999999997,"Longitude":-72.894199,"DOT_Case_Number":922126,"Town_Name":"New Haven","Town_Number":93,"Town_Number_1":93,"Town_Number_Text_Format":"New Haven","Date_Of_Crash":"2022-05-22","Year":2022,"Month":5,"Month_Text_Format":"May","Day":22,"Day_of_the_Week":1,"Day_of_the_Week_Text_Format":"Sunday","Time_of_Crash":"20:20:00","Hour_of_the_Day":20,"Case_Identifier":22017026,"Crash_Severity":"K","Crash_Severity_Text_Format":"Fatal (Kill)","Most_Severe_Injury":"K","Most_Severe_Injury_Text_Format":"Fatal Injury (K)","Number_Of_Motor_Vehicles":1,"Number_Of_Non_Motorist":1,"Number_Of_Witnesses":0,"Route_Class":3,"Route_Class_Text_Format":"State","Milemarker":1.99,"Road_Number":337,"Road_Description":"337-E","Roadway_Name":"337-E","Intersecting_Roadway_Name":null,"Landmark_Description":"Beecher Place","Distance_From_Nearest_Landmark":115,"Unit_Of_Measure_From_Nearest_Landmark":"Feet","Direction_From_Nearest_Landmark":"E","Latitude_1":41.261882999999997,"Longitude_1":-72.894199,"First_Harmful_Event":10,"First_Harmful_Event_Text_Format":"Pedalcycle/Pedalcyclist","Manner_of_Crash___Collision_Impact":1,"Manner_of_Crash___Collision_Impact_Text_Format":"Front to rear","Location_of_First_Harmful_Event":1,"Location_of_First_Harmful_Event_Text_Format":"On Roadway","Weather_Condition":1,"Weather_Condition_Text_Format":"Clear","Weather_2":88,"Weather_2_Text_Format":"Not Applicable","Light_Condition":1,"Light_Condition_Text_Format":"Daylight","Road_Surface_Condition":1,"Road_Surface_Condition_Text_Format":"Dry","Contributing_Circumstances__Environment":0,"Contributing_Circumstances__Environment_Text_Format":"None","Environment_2":88,"Environment_2_Text_Format":"Not Applicable","Environment_3":88,"Environment_3_Text_Format":"Not Applicable","Contributing_Circumstances__Road":0,"Contributing_Circumstances__Road_Text_Format":"None","Road_2":88,"Road_2_Text_Format":"Not Applicable","Road_3":88,"Road_3_Text_Format":"Not Applicable","Crash_Specific_Location":1,"Crash_Specific_Location_Text_Format":"Non-Junction","Type_of_Intersection":1,"Type_of_Intersection_Text_Format":"Not at Intersection","School_Bus_Related":1,"School_Bus_Related_Text_Format":"No","Work_Zone_Related":1,"Work_Zone_Related_Text_Format":"No","Location_Of_Crash_Relative_To_Work_Zone":88,"Location_Of_Crash_Relative_To_Work_Zone_Text_Format":"Not Applicable","Type_of_Work_Zone":88,"Type_of_Work_Zone_Text_Format":"Not Applicable","Worker_Presence":88,"Worker_Presence_Text_Format":"Not Applicable","Law_Enforcement_Presence":88,"Law_Enforcement_Presence_Text_Format":"Not Applicable","Were_Vehicles_Moved_Prior_To_Police_Arrival":"FALSE","Trafficway_Ownership":1,"Trafficway_Ownership_Text_Format":"Public Road","Trafficway_Class":1,"Trafficway_Class_Text_Format":"Trafficway, On Road","Police_Agency":"CT0009300","Police_Agency_Text_Format":"New Haven PD","Badge_Number":42367,"Approval_Date":"55:33.0","Police_Case_Status":"O","Police_Case_Status_Text_Format":"Open","Crash_Report_Submission_Date":"08:58.0","Related_Case_Identifiers":null,"No__of_Through_Lanes__Log_Dir__":1,"Average_Daily_Traffic":5500,"Functional_Classification":4,"Functional_Classification_Text_Format":"MINOR ARTERIAL - NEW HPMS","Rural_or_Urban":1,"Rural_or_Urban_Text_Format":"Rural","CrashSeverityClass":2,"SevereCrashIndicator":1,"CrashId_12_13":null,"VehicleId":null,"PersonId":2,"Age":15,"Gender":1,"Gender_Text_Format":"Male","State":"CT","Postal_Code":6512,"Injury_Status":"K","Condition_at_Time_of_Crash":1,"Condition_at_Time_of_Crash_Text_Format":"Apparently Normal","Condition_at_Time_of_Crash2":1,"Condition_at_Time_of_Crash2_Text_Format":"Apparently Normal","Action_Taken_by_Officer":0,"Action_Taken_by_Officer_Text_Format":"None taken","Alcohol_Test_Status":1,"Alcohol_Test_Status_Text_Format":"Test Not Given","Type_Of_Alcohol_Test":88,"Type_Of_Alcohol_Test_Text_Format":"Not Applicable","Drug_Test_Status":1,"Drug_Test_Status_Text_Format":"Test Not Given","Type_Of_Drig_Test":88,"Type_Of_Drig_Test_Text_Format":"Not Applicable","Ejection_Status":null,"Ejection_Status_Text_Format":null,"Restraint_System":null,"Restraint_System_Text_Format":null,"Helmet_Use":null,"Helmet_Use_Text_Format":null,"Air_Bag_Status":null,"Air_Bag_Status_Text_Format":null,"Speeding_Related":null,"Speeding_Related_Text_Format":null,"Driver_Actions_1":null,"Driver_Actions_1_Text_Format":null,"Driver_Actions_2":null,"Driver_Actions_2_Text_Format":null,"Driver_Actions_3":null,"Driver_Actions_3_Text_Format":null,"Driver_Actions_4":null,"Driver_Actions_4_Text_Format":null,"Driver_Distracted_By":null,"Driver_Distracted_By_Text_Format":null,"Roadway_On_Which_Nonmotorist_Was_Traveling_Located":"TOWNSEND AVENUE","Direction_nonmotorist_was_traveling":"W","Direction_Unknown":0,"Striking_Motor_Vehicle_ID":2,"Bicycle_ID":"2","Non_Motorist_Not_In_Roadway":0,"Actions_or_Circumstances_Prior_to_Crash":1,"Actions_or_Circumstances_Prior_to_Crash_Text_Format":"Crossing Roadway","To_or_From_School":1,"To_or_From_School_Text_Format":"No","Actions_or_Circumstances_At_Time_Of_Crash":10,"Actions_or_Circumstances_At_Time_Of_Crash_Text_Format":"Improper Turn/Merge","Actions_or_Circumstances_At_Time_Of_Crash2":88,"Actions_or_Circumstances_At_Time_Of_Crash2_Text_Format":"Not Applicable","Location_At_Time_Of_Crash":5,"Location_At_Time_Of_Crash_Text_Format":"Travel Lane-Other Location","Safety_Equipment":0,"Safety_Equipment_Text_Format":"None","Safety_Equipment2":88,"Safety_Equipment2_Text_Format":"Not Applicable","Non_motorist_Distracted_By":1,"Non_motorist_Distracted_By_Text_Format":"Not Distracted","Seating_Position":null,"Seating_Position_Text_Format":null,"Seating_Position_for_Bus":null,"City":"New Haven","Country":"UnitedStates","Driver_License_Jurisdiction":99,"Driver_License_Jurisdiction_Text_Format":"Unknown","Drivers_License_Issued_By":null,"Drivers_License_Class":null,"Commercial_License_Class":null,"Commercial_License_Class_Text_Format":null,"Transported_to_First_Medical_Facility_By":3,"Transported_to_First_Medical_Facility_By_Text_Format":"EMS Ground","Name_of_the_EMS_agency":"AMER MED RESPONSE","Name_of_the_Intended_Receiving_Facility":"YALE-NH HOSP","OBJECTID_1":35}},{"type":"Feature","id":36,"geometry":{"type":"Point","coordinates":[958492.19821354747,658780.4199513942]},"properties":{"OBJECTID":36,"CrashId":1034480,"Person_Type":1,"Person_Type_Text_Format":"Driver","Injury_Status_Text_Format":"Fatal Injury (K)","Fatal_Case_Status":1,"Fatal_Case_Status_Text_Format":"Complete","CrashId_1":1034480,"CrashId_12":1034480,"Latitude":41.269021000000002,"Longitude":-72.900989999999993,"DOT_Case_Number":923057,"Town_Name":"New Haven","Town_Number":93,"Town_Number_1":93,"Town_Number_Text_Format":"New Haven","Date_Of_Crash":"2023-03-25","Year":2023,"Month":3,"Month_Text_Format":"March","Day":25,"Day_of_the_Week":7,"Day_of_the_Week_Text_Format":"Saturday","Time_of_Crash":"16:40:00","Hour_of_the_Day":16,"Case_Identifier":23011873,"Crash_Severity":"K","Crash_Severity_Text_Format":"Fatal (Kill)","Most_Severe_Injury":"K","Most_Severe_Injury_Text_Format":"Fatal Injury (K)","Number_Of_Motor_Vehicles":1,"Number_Of_Non_Motorist":0,"Number_Of_Witnesses":1,"Route_Class":4,"Route_Class_Text_Format":"Local","Milemarker":99093,"Road_Number":null,"Road_Description":"1009948","Roadway_Name":"FORT HALE PARK","Intersecting_Roadway_Name":null,"Landmark_Description":"WOODWARD AVE","Distance_From_Nearest_Landmark":50,"Unit_Of_Measure_From_Nearest_Landmark":"Feet","Direction_From_Nearest_Landmark":"W","Latitude_1":41.269021000000002,"Longitude_1":-72.900989999999993,"First_Harmful_Event":38,"First_Harmful_Event_Text_Format":"Other Post, Pole or Support","Manner_of_Crash___Collision_Impact":88,"Manner_of_Crash___Collision_Impact_Text_Format":"Not Applicable","Location_of_First_Harmful_Event":2,"Location_of_First_Harmful_Event_Text_Format":"Shoulder","Weather_Condition":4,"Weather_Condition_Text_Format":"Rain","Weather_2":88,"Weather_2_Text_Format":"Not Applicable","Light_Condition":1,"Light_Condition_Text_Format":"Daylight","Road_Surface_Condition":2,"Road_Surface_Condition_Text_Format":"Wet","Contributing_Circumstances__Environment":99,"Contributing_Circumstances__Environment_Text_Format":"Unknown","Environment_2":88,"Environment_2_Text_Format":"Not Applicable","Environment_3":88,"Environment_3_Text_Format":"Not Applicable","Contributing_Circumstances__Road":0,"Contributing_Circumstances__Road_Text_Format":"None","Road_2":88,"Road_2_Text_Format":"Not Applicable","Road_3":88,"Road_3_Text_Format":"Not Applicable","Crash_Specific_Location":9,"Crash_Specific_Location_Text_Format":"Driveway Access-Related","Type_of_Intersection":1,"Type_of_Intersection_Text_Format":"Not at Intersection","School_Bus_Related":1,"School_Bus_Related_Text_Format":"No","Work_Zone_Related":1,"Work_Zone_Related_Text_Format":"No","Location_Of_Crash_Relative_To_Work_Zone":88,"Location_Of_Crash_Relative_To_Work_Zone_Text_Format":"Not Applicable","Type_of_Work_Zone":88,"Type_of_Work_Zone_Text_Format":"Not Applicable","Worker_Presence":88,"Worker_Presence_Text_Format":"Not Applicable","Law_Enforcement_Presence":88,"Law_Enforcement_Presence_Text_Format":"Not Applicable","Were_Vehicles_Moved_Prior_To_Police_Arrival":"FALSE","Trafficway_Ownership":1,"Trafficway_Ownership_Text_Format":"Public Road","Trafficway_Class":1,"Trafficway_Class_Text_Format":"Trafficway, On Road","Police_Agency":"CT0009300","Police_Agency_Text_Format":"New Haven PD","Badge_Number":42049,"Approval_Date":"36:36.0","Police_Case_Status":"O","Police_Case_Status_Text_Format":"Open","Crash_Report_Submission_Date":"00:57.0","Related_Case_Identifiers":null,"No__of_Through_Lanes__Log_Dir__":2,"Average_Daily_Traffic":2438,"Functional_Classification":7,"Functional_Classification_Text_Format":"LOCAL - NEW HPMS","Rural_or_Urban":2,"Rural_or_Urban_Text_Format":"Urban","CrashSeverityClass":2,"SevereCrashIndicator":1,"CrashId_12_13":null,"VehicleId":1,"PersonId":1,"Age":68,"Gender":1,"Gender_Text_Format":"Male","State":"CT","Postal_Code":6516,"Injury_Status":"K","Condition_at_Time_of_Crash":99,"Condition_at_Time_of_Crash_Text_Format":"Unknown","Condition_at_Time_of_Crash2":99,"Condition_at_Time_of_Crash2_Text_Format":"Unknown","Action_Taken_by_Officer":0,"Action_Taken_by_Officer_Text_Format":"None taken","Alcohol_Test_Status":1,"Alcohol_Test_Status_Text_Format":"Test Not Given","Type_Of_Alcohol_Test":88,"Type_Of_Alcohol_Test_Text_Format":"Not Applicable","Drug_Test_Status":1,"Drug_Test_Status_Text_Format":"Test Not Given","Type_Of_Drig_Test":88,"Type_Of_Drig_Test_Text_Format":"Not Applicable","Ejection_Status":1,"Ejection_Status_Text_Format":"Not Ejected","Restraint_System":99,"Restraint_System_Text_Format":"Unknown","Helmet_Use":88,"Helmet_Use_Text_Format":"Not Applicable","Air_Bag_Status":1,"Air_Bag_Status_Text_Format":"Not Deployed","Speeding_Related":99,"Speeding_Related_Text_Format":"Unknown","Driver_Actions_1":99,"Driver_Actions_1_Text_Format":"Unknown","Driver_Actions_2":88,"Driver_Actions_2_Text_Format":"Not Applicable","Driver_Actions_3":88,"Driver_Actions_3_Text_Format":"Not Applicable","Driver_Actions_4":88,"Driver_Actions_4_Text_Format":"Not Applicable","Driver_Distracted_By":99,"Driver_Distracted_By_Text_Format":"Unknown if Distracted","Roadway_On_Which_Nonmotorist_Was_Traveling_Located":null,"Direction_nonmotorist_was_traveling":null,"Direction_Unknown":null,"Striking_Motor_Vehicle_ID":null,"Bicycle_ID":null,"Non_Motorist_Not_In_Roadway":null,"Actions_or_Circumstances_Prior_to_Crash":null,"Actions_or_Circumstances_Prior_to_Crash_Text_Format":null,"To_or_From_School":null,"To_or_From_School_Text_Format":null,"Actions_or_Circumstances_At_Time_Of_Crash":null,"Actions_or_Circumstances_At_Time_Of_Crash_Text_Format":null,"Actions_or_Circumstances_At_Time_Of_Crash2":null,"Actions_or_Circumstances_At_Time_Of_Crash2_Text_Format":null,"Location_At_Time_Of_Crash":null,"Location_At_Time_Of_Crash_Text_Format":null,"Safety_Equipment":null,"Safety_Equipment_Text_Format":null,"Safety_Equipment2":null,"Safety_Equipment2_Text_Format":null,"Non_motorist_Distracted_By":null,"Non_motorist_Distracted_By_Text_Format":null,"Seating_Position":11,"Seating_Position_Text_Format":"First Row, Left\u00A0Seat","Seating_Position_for_Bus":null,"City":"West Haven","Country":"UnitedStates","Driver_License_Jurisdiction":2,"Driver_License_Jurisdiction_Text_Format":"State","Drivers_License_Issued_By":"CT","Drivers_License_Class":4,"Commercial_License_Class":1,"Commercial_License_Class_Text_Format":"No","Transported_to_First_Medical_Facility_By":1,"Transported_to_First_Medical_Facility_By_Text_Format":"Not Transported","Name_of_the_EMS_agency":null,"Name_of_the_Intended_Receiving_Facility":null,"OBJECTID_1":36}},{"type":"Feature","id":37,"geometry":{"type":"Point","coordinates":[947387.38643372059,666765.04112122953]},"properties":{"OBJECTID":37,"CrashId":1052398,"Person_Type":1,"Person_Type_Text_Format":"Driver","Injury_Status_Text_Format":"Fatal Injury (K)","Fatal_Case_Status":1,"Fatal_Case_Status_Text_Format":"Complete","CrashId_1":1052398,"CrashId_12":1052398,"Latitude":41.290900000000001,"Longitude":-72.941469999999995,"DOT_Case_Number":923114,"Town_Name":"New Haven","Town_Number":93,"Town_Number_1":93,"Town_Number_Text_Format":"New Haven","Date_Of_Crash":"2023-05-24","Year":2023,"Month":5,"Month_Text_Format":"May","Day":24,"Day_of_the_Week":4,"Day_of_the_Week_Text_Format":"Wednesday","Time_of_Crash":"19:34:00","Hour_of_the_Day":19,"Case_Identifier":23021021,"Crash_Severity":"K","Crash_Severity_Text_Format":"Fatal (Kill)","Most_Severe_Injury":"K","Most_Severe_Injury_Text_Format":"Fatal Injury (K)","Number_Of_Motor_Vehicles":3,"Number_Of_Non_Motorist":0,"Number_Of_Witnesses":0,"Route_Class":3,"Route_Class_Text_Format":"State","Milemarker":0.69999999999999996,"Road_Number":10,"Road_Description":"10-N","Roadway_Name":"10-N","Intersecting_Roadway_Name":"WASHINGTON AV NO 1","Landmark_Description":null,"Distance_From_Nearest_Landmark":null,"Unit_Of_Measure_From_Nearest_Landmark":null,"Direction_From_Nearest_Landmark":null,"Latitude_1":41.290900000000001,"Longitude_1":-72.941469999999995,"First_Harmful_Event":14,"First_Harmful_Event_Text_Format":"Motor Vehicle in Operation","Manner_of_Crash___Collision_Impact":99,"Manner_of_Crash___Collision_Impact_Text_Format":"Unknown","Location_of_First_Harmful_Event":1,"Location_of_First_Harmful_Event_Text_Format":"On Roadway","Weather_Condition":1,"Weather_Condition_Text_Format":"Clear","Weather_2":88,"Weather_2_Text_Format":"Not Applicable","Light_Condition":1,"Light_Condition_Text_Format":"Daylight","Road_Surface_Condition":1,"Road_Surface_Condition_Text_Format":"Dry","Contributing_Circumstances__Environment":0,"Contributing_Circumstances__Environment_Text_Format":"None","Environment_2":88,"Environment_2_Text_Format":"Not Applicable","Environment_3":88,"Environment_3_Text_Format":"Not Applicable","Contributing_Circumstances__Road":0,"Contributing_Circumstances__Road_Text_Format":"None","Road_2":88,"Road_2_Text_Format":"Not Applicable","Road_3":88,"Road_3_Text_Format":"Not Applicable","Crash_Specific_Location":2,"Crash_Specific_Location_Text_Format":"Intersection","Type_of_Intersection":2,"Type_of_Intersection_Text_Format":"Four-Way Intersection","School_Bus_Related":1,"School_Bus_Related_Text_Format":"No","Work_Zone_Related":1,"Work_Zone_Related_Text_Format":"No","Location_Of_Crash_Relative_To_Work_Zone":88,"Location_Of_Crash_Relative_To_Work_Zone_Text_Format":"Not Applicable","Type_of_Work_Zone":88,"Type_of_Work_Zone_Text_Format":"Not Applicable","Worker_Presence":88,"Worker_Presence_Text_Format":"Not Applicable","Law_Enforcement_Presence":88,"Law_Enforcement_Presence_Text_Format":"Not Applicable","Were_Vehicles_Moved_Prior_To_Police_Arrival":"FALSE","Trafficway_Ownership":1,"Trafficway_Ownership_Text_Format":"Public Road","Trafficway_Class":1,"Trafficway_Class_Text_Format":"Trafficway, On Road","Police_Agency":"CT0009300","Police_Agency_Text_Format":"New Haven PD","Badge_Number":42370,"Approval_Date":"55:52.0","Police_Case_Status":"O","Police_Case_Status_Text_Format":"Open","Crash_Report_Submission_Date":"01:31.0","Related_Case_Identifiers":null,"No__of_Through_Lanes__Log_Dir__":2,"Average_Daily_Traffic":18000,"Functional_Classification":3,"Functional_Classification_Text_Format":"PRINCIPAL ARTERIAL - OTHER - NEW HPMS","Rural_or_Urban":2,"Rural_or_Urban_Text_Format":"Urban","CrashSeverityClass":2,"SevereCrashIndicator":1,"CrashId_12_13":null,"VehicleId":2,"PersonId":2,"Age":33,"Gender":2,"Gender_Text_Format":"Female","State":"CT","Postal_Code":6608,"Injury_Status":"K","Condition_at_Time_of_Crash":97,"Condition_at_Time_of_Crash_Text_Format":"Other","Condition_at_Time_of_Crash2":97,"Condition_at_Time_of_Crash2_Text_Format":"Other","Action_Taken_by_Officer":0,"Action_Taken_by_Officer_Text_Format":"None taken","Alcohol_Test_Status":1,"Alcohol_Test_Status_Text_Format":"Test Not Given","Type_Of_Alcohol_Test":88,"Type_Of_Alcohol_Test_Text_Format":"Not Applicable","Drug_Test_Status":1,"Drug_Test_Status_Text_Format":"Test Not Given","Type_Of_Drig_Test":88,"Type_Of_Drig_Test_Text_Format":"Not Applicable","Ejection_Status":1,"Ejection_Status_Text_Format":"Not Ejected","Restraint_System":99,"Restraint_System_Text_Format":"Unknown","Helmet_Use":88,"Helmet_Use_Text_Format":"Not Applicable","Air_Bag_Status":2,"Air_Bag_Status_Text_Format":"Deployed-Front","Speeding_Related":99,"Speeding_Related_Text_Format":"Unknown","Driver_Actions_1":99,"Driver_Actions_1_Text_Format":"Unknown","Driver_Actions_2":88,"Driver_Actions_2_Text_Format":"Not Applicable","Driver_Actions_3":88,"Driver_Actions_3_Text_Format":"Not Applicable","Driver_Actions_4":88,"Driver_Actions_4_Text_Format":"Not Applicable","Driver_Distracted_By":99,"Driver_Distracted_By_Text_Format":"Unknown if Distracted","Roadway_On_Which_Nonmotorist_Was_Traveling_Located":null,"Direction_nonmotorist_was_traveling":null,"Direction_Unknown":null,"Striking_Motor_Vehicle_ID":null,"Bicycle_ID":null,"Non_Motorist_Not_In_Roadway":null,"Actions_or_Circumstances_Prior_to_Crash":null,"Actions_or_Circumstances_Prior_to_Crash_Text_Format":null,"To_or_From_School":null,"To_or_From_School_Text_Format":null,"Actions_or_Circumstances_At_Time_Of_Crash":null,"Actions_or_Circumstances_At_Time_Of_Crash_Text_Format":null,"Actions_or_Circumstances_At_Time_Of_Crash2":null,"Actions_or_Circumstances_At_Time_Of_Crash2_Text_Format":null,"Location_At_Time_Of_Crash":null,"Location_At_Time_Of_Crash_Text_Format":null,"Safety_Equipment":null,"Safety_Equipment_Text_Format":null,"Safety_Equipment2":null,"Safety_Equipment2_Text_Format":null,"Non_motorist_Distracted_By":null,"Non_motorist_Distracted_By_Text_Format":null,"Seating_Position":11,"Seating_Position_Text_Format":"First Row, Left\u00A0Seat","Seating_Position_for_Bus":null,"City":"Bridgeport","Country":"UnitedStates","Driver_License_Jurisdiction":2,"Driver_License_Jurisdiction_Text_Format":"State","Drivers_License_Issued_By":"CT","Drivers_License_Class":4,"Commercial_License_Class":1,"Commercial_License_Class_Text_Format":"No","Transported_to_First_Medical_Facility_By":3,"Transported_to_First_Medical_Facility_By_Text_Format":"EMS Ground","Name_of_the_EMS_agency":"AMER MED RESPONSE","Name_of_the_Intended_Receiving_Facility":"YALE-NH HOSP","OBJECTID_1":37}},{"type":"Feature","id":38,"geometry":{"type":"Point","coordinates":[945385.59745830297,669114.29560905695]},"properties":{"OBJECTID":38,"CrashId":1060007,"Person_Type":1,"Person_Type_Text_Format":"Driver","Injury_Status_Text_Format":"Fatal Injury (K)","Fatal_Case_Status":1,"Fatal_Case_Status_Text_Format":"Complete","CrashId_1":1060007,"CrashId_12":1060007,"Latitude":41.297294999999998,"Longitude":-72.948751999999999,"DOT_Case_Number":923137,"Town_Name":"New Haven","Town_Number":93,"Town_Number_1":93,"Town_Number_Text_Format":"New Haven","Date_Of_Crash":"2023-06-16","Year":2023,"Month":6,"Month_Text_Format":"June","Day":16,"Day_of_the_Week":6,"Day_of_the_Week_Text_Format":"Friday","Time_of_Crash":"23:47:00","Hour_of_the_Day":23,"Case_Identifier":23024365,"Crash_Severity":"K","Crash_Severity_Text_Format":"Fatal (Kill)","Most_Severe_Injury":"K","Most_Severe_Injury_Text_Format":"Fatal Injury (K)","Number_Of_Motor_Vehicles":3,"Number_Of_Non_Motorist":0,"Number_Of_Witnesses":4,"Route_Class":3,"Route_Class_Text_Format":"State","Milemarker":1.46,"Road_Number":10,"Road_Description":"10-N","Roadway_Name":"10-N","Intersecting_Roadway_Name":null,"Landmark_Description":"COLUMBUS AVE","Distance_From_Nearest_Landmark":50,"Unit_Of_Measure_From_Nearest_Landmark":"Feet","Direction_From_Nearest_Landmark":"S","Latitude_1":41.297294999999998,"Longitude_1":-72.948751999999999,"First_Harmful_Event":14,"First_Harmful_Event_Text_Format":"Motor Vehicle in Operation","Manner_of_Crash___Collision_Impact":1,"Manner_of_Crash___Collision_Impact_Text_Format":"Front to rear","Location_of_First_Harmful_Event":1,"Location_of_First_Harmful_Event_Text_Format":"On Roadway","Weather_Condition":1,"Weather_Condition_Text_Format":"Clear","Weather_2":88,"Weather_2_Text_Format":"Not Applicable","Light_Condition":4,"Light_Condition_Text_Format":"Dark-Lighted","Road_Surface_Condition":1,"Road_Surface_Condition_Text_Format":"Dry","Contributing_Circumstances__Environment":0,"Contributing_Circumstances__Environment_Text_Format":"None","Environment_2":88,"Environment_2_Text_Format":"Not Applicable","Environment_3":88,"Environment_3_Text_Format":"Not Applicable","Contributing_Circumstances__Road":0,"Contributing_Circumstances__Road_Text_Format":"None","Road_2":88,"Road_2_Text_Format":"Not Applicable","Road_3":88,"Road_3_Text_Format":"Not Applicable","Crash_Specific_Location":3,"Crash_Specific_Location_Text_Format":"Intersection-Related","Type_of_Intersection":2,"Type_of_Intersection_Text_Format":"Four-Way Intersection","School_Bus_Related":1,"School_Bus_Related_Text_Format":"No","Work_Zone_Related":1,"Work_Zone_Related_Text_Format":"No","Location_Of_Crash_Relative_To_Work_Zone":88,"Location_Of_Crash_Relative_To_Work_Zone_Text_Format":"Not Applicable","Type_of_Work_Zone":88,"Type_of_Work_Zone_Text_Format":"Not Applicable","Worker_Presence":88,"Worker_Presence_Text_Format":"Not Applicable","Law_Enforcement_Presence":88,"Law_Enforcement_Presence_Text_Format":"Not Applicable","Were_Vehicles_Moved_Prior_To_Police_Arrival":"FALSE","Trafficway_Ownership":1,"Trafficway_Ownership_Text_Format":"Public Road","Trafficway_Class":1,"Trafficway_Class_Text_Format":"Trafficway, On Road","Police_Agency":"CT0009300","Police_Agency_Text_Format":"New Haven PD","Badge_Number":40955,"Approval_Date":"56:18.0","Police_Case_Status":"O","Police_Case_Status_Text_Format":"Open","Crash_Report_Submission_Date":"01:39.0","Related_Case_Identifiers":null,"No__of_Through_Lanes__Log_Dir__":2,"Average_Daily_Traffic":20300,"Functional_Classification":3,"Functional_Classification_Text_Format":"PRINCIPAL ARTERIAL - OTHER - NEW HPMS","Rural_or_Urban":2,"Rural_or_Urban_Text_Format":"Urban","CrashSeverityClass":2,"SevereCrashIndicator":1,"CrashId_12_13":null,"VehicleId":1,"PersonId":1,"Age":36,"Gender":1,"Gender_Text_Format":"Male","State":"CT","Postal_Code":6519,"Injury_Status":"K","Condition_at_Time_of_Crash":99,"Condition_at_Time_of_Crash_Text_Format":"Unknown","Condition_at_Time_of_Crash2":99,"Condition_at_Time_of_Crash2_Text_Format":"Unknown","Action_Taken_by_Officer":0,"Action_Taken_by_Officer_Text_Format":"None taken","Alcohol_Test_Status":1,"Alcohol_Test_Status_Text_Format":"Test Not Given","Type_Of_Alcohol_Test":88,"Type_Of_Alcohol_Test_Text_Format":"Not Applicable","Drug_Test_Status":1,"Drug_Test_Status_Text_Format":"Test Not Given","Type_Of_Drig_Test":88,"Type_Of_Drig_Test_Text_Format":"Not Applicable","Ejection_Status":1,"Ejection_Status_Text_Format":"Not Ejected","Restraint_System":99,"Restraint_System_Text_Format":"Unknown","Helmet_Use":88,"Helmet_Use_Text_Format":"Not Applicable","Air_Bag_Status":1,"Air_Bag_Status_Text_Format":"Not Deployed","Speeding_Related":99,"Speeding_Related_Text_Format":"Unknown","Driver_Actions_1":99,"Driver_Actions_1_Text_Format":"Unknown","Driver_Actions_2":88,"Driver_Actions_2_Text_Format":"Not Applicable","Driver_Actions_3":88,"Driver_Actions_3_Text_Format":"Not Applicable","Driver_Actions_4":88,"Driver_Actions_4_Text_Format":"Not Applicable","Driver_Distracted_By":99,"Driver_Distracted_By_Text_Format":"Unknown if Distracted","Roadway_On_Which_Nonmotorist_Was_Traveling_Located":null,"Direction_nonmotorist_was_traveling":null,"Direction_Unknown":null,"Striking_Motor_Vehicle_ID":null,"Bicycle_ID":null,"Non_Motorist_Not_In_Roadway":null,"Actions_or_Circumstances_Prior_to_Crash":null,"Actions_or_Circumstances_Prior_to_Crash_Text_Format":null,"To_or_From_School":null,"To_or_From_School_Text_Format":null,"Actions_or_Circumstances_At_Time_Of_Crash":null,"Actions_or_Circumstances_At_Time_Of_Crash_Text_Format":null,"Actions_or_Circumstances_At_Time_Of_Crash2":null,"Actions_or_Circumstances_At_Time_Of_Crash2_Text_Format":null,"Location_At_Time_Of_Crash":null,"Location_At_Time_Of_Crash_Text_Format":null,"Safety_Equipment":null,"Safety_Equipment_Text_Format":null,"Safety_Equipment2":null,"Safety_Equipment2_Text_Format":null,"Non_motorist_Distracted_By":null,"Non_motorist_Distracted_By_Text_Format":null,"Seating_Position":11,"Seating_Position_Text_Format":"First Row, Left\u00A0Seat","Seating_Position_for_Bus":null,"City":"New Haven","Country":"UnitedStates","Driver_License_Jurisdiction":2,"Driver_License_Jurisdiction_Text_Format":"State","Drivers_License_Issued_By":"CT","Drivers_License_Class":1,"Commercial_License_Class":1,"Commercial_License_Class_Text_Format":"No","Transported_to_First_Medical_Facility_By":1,"Transported_to_First_Medical_Facility_By_Text_Format":"Not Transported","Name_of_the_EMS_agency":null,"Name_of_the_Intended_Receiving_Facility":null,"OBJECTID_1":38}},{"type":"Feature","id":39,"geometry":{"type":"Point","coordinates":[957588.12292197347,673736.88347671926]},"properties":{"OBJECTID":39,"CrashId":1067893,"Person_Type":1,"Person_Type_Text_Format":"Driver","Injury_Status_Text_Format":"Fatal Injury (K)","Fatal_Case_Status":1,"Fatal_Case_Status_Text_Format":"Complete","CrashId_1":1067893,"CrashId_12":1067893,"Latitude":41.31006052,"Longitude":-72.904364849999993,"DOT_Case_Number":923133,"Town_Name":"New Haven","Town_Number":93,"Town_Number_1":93,"Town_Number_Text_Format":"New Haven","Date_Of_Crash":"2023-06-07","Year":2023,"Month":6,"Month_Text_Format":"June","Day":7,"Day_of_the_Week":4,"Day_of_the_Week_Text_Format":"Wednesday","Time_of_Crash":"20:30:00","Hour_of_the_Day":20,"Case_Identifier":23023092,"Crash_Severity":"K","Crash_Severity_Text_Format":"Fatal (Kill)","Most_Severe_Injury":"K","Most_Severe_Injury_Text_Format":"Fatal Injury (K)","Number_Of_Motor_Vehicles":2,"Number_Of_Non_Motorist":0,"Number_Of_Witnesses":0,"Route_Class":4,"Route_Class_Text_Format":"Local","Milemarker":0.059999999999999998,"Road_Number":null,"Road_Description":"HAVEN ST","Roadway_Name":"HAVEN STREET","Intersecting_Roadway_Name":"CLAY STREET No 1","Landmark_Description":null,"Distance_From_Nearest_Landmark":null,"Unit_Of_Measure_From_Nearest_Landmark":null,"Direction_From_Nearest_Landmark":null,"Latitude_1":41.31006052,"Longitude_1":-72.904364849999993,"First_Harmful_Event":14,"First_Harmful_Event_Text_Format":"Motor Vehicle in Operation","Manner_of_Crash___Collision_Impact":3,"Manner_of_Crash___Collision_Impact_Text_Format":"Angle","Location_of_First_Harmful_Event":1,"Location_of_First_Harmful_Event_Text_Format":"On Roadway","Weather_Condition":1,"Weather_Condition_Text_Format":"Clear","Weather_2":88,"Weather_2_Text_Format":"Not Applicable","Light_Condition":1,"Light_Condition_Text_Format":"Daylight","Road_Surface_Condition":1,"Road_Surface_Condition_Text_Format":"Dry","Contributing_Circumstances__Environment":99,"Contributing_Circumstances__Environment_Text_Format":"Unknown","Environment_2":88,"Environment_2_Text_Format":"Not Applicable","Environment_3":88,"Environment_3_Text_Format":"Not Applicable","Contributing_Circumstances__Road":0,"Contributing_Circumstances__Road_Text_Format":"None","Road_2":88,"Road_2_Text_Format":"Not Applicable","Road_3":88,"Road_3_Text_Format":"Not Applicable","Crash_Specific_Location":2,"Crash_Specific_Location_Text_Format":"Intersection","Type_of_Intersection":3,"Type_of_Intersection_Text_Format":"T-Intersection","School_Bus_Related":1,"School_Bus_Related_Text_Format":"No","Work_Zone_Related":1,"Work_Zone_Related_Text_Format":"No","Location_Of_Crash_Relative_To_Work_Zone":88,"Location_Of_Crash_Relative_To_Work_Zone_Text_Format":"Not Applicable","Type_of_Work_Zone":88,"Type_of_Work_Zone_Text_Format":"Not Applicable","Worker_Presence":88,"Worker_Presence_Text_Format":"Not Applicable","Law_Enforcement_Presence":88,"Law_Enforcement_Presence_Text_Format":"Not Applicable","Were_Vehicles_Moved_Prior_To_Police_Arrival":"FALSE","Trafficway_Ownership":1,"Trafficway_Ownership_Text_Format":"Public Road","Trafficway_Class":1,"Trafficway_Class_Text_Format":"Trafficway, On Road","Police_Agency":"CT0009300","Police_Agency_Text_Format":"New Haven PD","Badge_Number":44057,"Approval_Date":"46:56.0","Police_Case_Status":"O","Police_Case_Status_Text_Format":"Open","Crash_Report_Submission_Date":"00:19.0","Related_Case_Identifiers":null,"No__of_Through_Lanes__Log_Dir__":null,"Average_Daily_Traffic":null,"Functional_Classification":null,"Functional_Classification_Text_Format":null,"Rural_or_Urban":null,"Rural_or_Urban_Text_Format":null,"CrashSeverityClass":2,"SevereCrashIndicator":1,"CrashId_12_13":null,"VehicleId":2,"PersonId":2,"Age":41,"Gender":1,"Gender_Text_Format":"Male","State":"CT","Postal_Code":null,"Injury_Status":"K","Condition_at_Time_of_Crash":99,"Condition_at_Time_of_Crash_Text_Format":"Unknown","Condition_at_Time_of_Crash2":99,"Condition_at_Time_of_Crash2_Text_Format":"Unknown","Action_Taken_by_Officer":0,"Action_Taken_by_Officer_Text_Format":"None taken","Alcohol_Test_Status":1,"Alcohol_Test_Status_Text_Format":"Test Not Given","Type_Of_Alcohol_Test":88,"Type_Of_Alcohol_Test_Text_Format":"Not Applicable","Drug_Test_Status":1,"Drug_Test_Status_Text_Format":"Test Not Given","Type_Of_Drig_Test":88,"Type_Of_Drig_Test_Text_Format":"Not Applicable","Ejection_Status":1,"Ejection_Status_Text_Format":"Not Ejected","Restraint_System":88,"Restraint_System_Text_Format":"Not Applicable","Helmet_Use":99,"Helmet_Use_Text_Format":"Unknown","Air_Bag_Status":88,"Air_Bag_Status_Text_Format":"Not applicable","Speeding_Related":99,"Speeding_Related_Text_Format":"Unknown","Driver_Actions_1":99,"Driver_Actions_1_Text_Format":"Unknown","Driver_Actions_2":88,"Driver_Actions_2_Text_Format":"Not Applicable","Driver_Actions_3":88,"Driver_Actions_3_Text_Format":"Not Applicable","Driver_Actions_4":88,"Driver_Actions_4_Text_Format":"Not Applicable","Driver_Distracted_By":99,"Driver_Distracted_By_Text_Format":"Unknown if Distracted","Roadway_On_Which_Nonmotorist_Was_Traveling_Located":null,"Direction_nonmotorist_was_traveling":null,"Direction_Unknown":null,"Striking_Motor_Vehicle_ID":null,"Bicycle_ID":null,"Non_Motorist_Not_In_Roadway":null,"Actions_or_Circumstances_Prior_to_Crash":null,"Actions_or_Circumstances_Prior_to_Crash_Text_Format":null,"To_or_From_School":null,"To_or_From_School_Text_Format":null,"Actions_or_Circumstances_At_Time_Of_Crash":null,"Actions_or_Circumstances_At_Time_Of_Crash_Text_Format":null,"Actions_or_Circumstances_At_Time_Of_Crash2":null,"Actions_or_Circumstances_At_Time_Of_Crash2_Text_Format":null,"Location_At_Time_Of_Crash":null,"Location_At_Time_Of_Crash_Text_Format":null,"Safety_Equipment":null,"Safety_Equipment_Text_Format":null,"Safety_Equipment2":null,"Safety_Equipment2_Text_Format":null,"Non_motorist_Distracted_By":null,"Non_motorist_Distracted_By_Text_Format":null,"Seating_Position":11,"Seating_Position_Text_Format":"First Row, Left\u00A0Seat","Seating_Position_for_Bus":null,"City":"New Haven","Country":"UnitedStates","Driver_License_Jurisdiction":2,"Driver_License_Jurisdiction_Text_Format":"State","Drivers_License_Issued_By":"CT","Drivers_License_Class":4,"Commercial_License_Class":1,"Commercial_License_Class_Text_Format":"No","Transported_to_First_Medical_Facility_By":3,"Transported_to_First_Medical_Facility_By_Text_Format":"EMS Ground","Name_of_the_EMS_agency":"AMER MED RESPONSE","Name_of_the_Intended_Receiving_Facility":"YALE-NH HOSP","OBJECTID_1":39}},{"type":"Feature","id":40,"geometry":{"type":"Point","coordinates":[953527.8816986382,669669.29482714832]},"properties":{"OBJECTID":40,"CrashId":1069408,"Person_Type":3,"Person_Type_Text_Format":"Pedestrian","Injury_Status_Text_Format":"Fatal Injury (K)","Fatal_Case_Status":1,"Fatal_Case_Status_Text_Format":"Complete","CrashId_1":1069408,"CrashId_12":1069408,"Latitude":41.298850000000002,"Longitude":-72.919049999999999,"DOT_Case_Number":923215,"Town_Name":"New Haven","Town_Number":93,"Town_Number_1":93,"Town_Number_Text_Format":"New Haven","Date_Of_Crash":"2023-07-20","Year":2023,"Month":7,"Month_Text_Format":"July","Day":20,"Day_of_the_Week":5,"Day_of_the_Week_Text_Format":"Thursday","Time_of_Crash":"12:18:00","Hour_of_the_Day":12,"Case_Identifier":23029222,"Crash_Severity":"K","Crash_Severity_Text_Format":"Fatal (Kill)","Most_Severe_Injury":"K","Most_Severe_Injury_Text_Format":"Fatal Injury (K)","Number_Of_Motor_Vehicles":1,"Number_Of_Non_Motorist":1,"Number_Of_Witnesses":0,"Route_Class":4,"Route_Class_Text_Format":"Local","Milemarker":0.14000000000000001,"Road_Number":692,"Road_Description":"BREWERY ST","Roadway_Name":"BREWERY ST","Intersecting_Roadway_Name":"SARGENT DR","Landmark_Description":null,"Distance_From_Nearest_Landmark":null,"Unit_Of_Measure_From_Nearest_Landmark":null,"Direction_From_Nearest_Landmark":null,"Latitude_1":41.298850000000002,"Longitude_1":-72.919049999999999,"First_Harmful_Event":9,"First_Harmful_Event_Text_Format":"Pedestrian","Manner_of_Crash___Collision_Impact":88,"Manner_of_Crash___Collision_Impact_Text_Format":"Not Applicable","Location_of_First_Harmful_Event":1,"Location_of_First_Harmful_Event_Text_Format":"On Roadway","Weather_Condition":1,"Weather_Condition_Text_Format":"Clear","Weather_2":88,"Weather_2_Text_Format":"Not Applicable","Light_Condition":1,"Light_Condition_Text_Format":"Daylight","Road_Surface_Condition":1,"Road_Surface_Condition_Text_Format":"Dry","Contributing_Circumstances__Environment":0,"Contributing_Circumstances__Environment_Text_Format":"None","Environment_2":88,"Environment_2_Text_Format":"Not Applicable","Environment_3":88,"Environment_3_Text_Format":"Not Applicable","Contributing_Circumstances__Road":0,"Contributing_Circumstances__Road_Text_Format":"None","Road_2":88,"Road_2_Text_Format":"Not Applicable","Road_3":88,"Road_3_Text_Format":"Not Applicable","Crash_Specific_Location":2,"Crash_Specific_Location_Text_Format":"Intersection","Type_of_Intersection":3,"Type_of_Intersection_Text_Format":"T-Intersection","School_Bus_Related":1,"School_Bus_Related_Text_Format":"No","Work_Zone_Related":1,"Work_Zone_Related_Text_Format":"No","Location_Of_Crash_Relative_To_Work_Zone":88,"Location_Of_Crash_Relative_To_Work_Zone_Text_Format":"Not Applicable","Type_of_Work_Zone":88,"Type_of_Work_Zone_Text_Format":"Not Applicable","Worker_Presence":88,"Worker_Presence_Text_Format":"Not Applicable","Law_Enforcement_Presence":88,"Law_Enforcement_Presence_Text_Format":"Not Applicable","Were_Vehicles_Moved_Prior_To_Police_Arrival":"TRUE","Trafficway_Ownership":1,"Trafficway_Ownership_Text_Format":"Public Road","Trafficway_Class":1,"Trafficway_Class_Text_Format":"Trafficway, On Road","Police_Agency":"CT0009300","Police_Agency_Text_Format":"New Haven PD","Badge_Number":295,"Approval_Date":"16:19.0","Police_Case_Status":"C","Police_Case_Status_Text_Format":"Closed","Crash_Report_Submission_Date":"00:28.0","Related_Case_Identifiers":null,"No__of_Through_Lanes__Log_Dir__":4,"Average_Daily_Traffic":11300,"Functional_Classification":3,"Functional_Classification_Text_Format":"PRINCIPAL ARTERIAL - OTHER - NEW HPMS","Rural_or_Urban":2,"Rural_or_Urban_Text_Format":"Urban","CrashSeverityClass":2,"SevereCrashIndicator":1,"CrashId_12_13":null,"VehicleId":null,"PersonId":2,"Age":44,"Gender":1,"Gender_Text_Format":"Male","State":"CT","Postal_Code":6226,"Injury_Status":"K","Condition_at_Time_of_Crash":99,"Condition_at_Time_of_Crash_Text_Format":"Unknown","Condition_at_Time_of_Crash2":null,"Condition_at_Time_of_Crash2_Text_Format":null,"Action_Taken_by_Officer":0,"Action_Taken_by_Officer_Text_Format":"None taken","Alcohol_Test_Status":1,"Alcohol_Test_Status_Text_Format":"Test Not Given","Type_Of_Alcohol_Test":88,"Type_Of_Alcohol_Test_Text_Format":"Not Applicable","Drug_Test_Status":1,"Drug_Test_Status_Text_Format":"Test Not Given","Type_Of_Drig_Test":88,"Type_Of_Drig_Test_Text_Format":"Not Applicable","Ejection_Status":null,"Ejection_Status_Text_Format":null,"Restraint_System":null,"Restraint_System_Text_Format":null,"Helmet_Use":null,"Helmet_Use_Text_Format":null,"Air_Bag_Status":null,"Air_Bag_Status_Text_Format":null,"Speeding_Related":null,"Speeding_Related_Text_Format":null,"Driver_Actions_1":null,"Driver_Actions_1_Text_Format":null,"Driver_Actions_2":null,"Driver_Actions_2_Text_Format":null,"Driver_Actions_3":null,"Driver_Actions_3_Text_Format":null,"Driver_Actions_4":null,"Driver_Actions_4_Text_Format":null,"Driver_Distracted_By":null,"Driver_Distracted_By_Text_Format":null,"Roadway_On_Which_Nonmotorist_Was_Traveling_Located":"BREWERY ST","Direction_nonmotorist_was_traveling":null,"Direction_Unknown":1,"Striking_Motor_Vehicle_ID":1,"Bicycle_ID":null,"Non_Motorist_Not_In_Roadway":0,"Actions_or_Circumstances_Prior_to_Crash":1,"Actions_or_Circumstances_Prior_to_Crash_Text_Format":"Crossing Roadway","To_or_From_School":1,"To_or_From_School_Text_Format":"No","Actions_or_Circumstances_At_Time_Of_Crash":2,"Actions_or_Circumstances_At_Time_Of_Crash_Text_Format":"Dart/Dash","Actions_or_Circumstances_At_Time_Of_Crash2":88,"Actions_or_Circumstances_At_Time_Of_Crash2_Text_Format":"Not Applicable","Location_At_Time_Of_Crash":1,"Location_At_Time_Of_Crash_Text_Format":"Intersection-Marked Crosswalk","Safety_Equipment":0,"Safety_Equipment_Text_Format":"None","Safety_Equipment2":88,"Safety_Equipment2_Text_Format":"Not Applicable","Non_motorist_Distracted_By":99,"Non_motorist_Distracted_By_Text_Format":"Unknown if Distracted","Seating_Position":null,"Seating_Position_Text_Format":null,"Seating_Position_for_Bus":null,"City":"Willimantic","Country":"UnitedStates","Driver_License_Jurisdiction":2,"Driver_License_Jurisdiction_Text_Format":"State","Drivers_License_Issued_By":"CT","Drivers_License_Class":null,"Commercial_License_Class":null,"Commercial_License_Class_Text_Format":null,"Transported_to_First_Medical_Facility_By":3,"Transported_to_First_Medical_Facility_By_Text_Format":"EMS Ground","Name_of_the_EMS_agency":"AMER MED RESPONSE","Name_of_the_Intended_Receiving_Facility":"YALE-NH HOSP","OBJECTID_1":40}},{"type":"Feature","id":41,"geometry":{"type":"Point","coordinates":[939963.3773316443,679290.84907481074]},"properties":{"OBJECTID":41,"CrashId":1075673,"Person_Type":1,"Person_Type_Text_Format":"Driver","Injury_Status_Text_Format":"Fatal Injury (K)","Fatal_Case_Status":1,"Fatal_Case_Status_Text_Format":"Complete","CrashId_1":1075673,"CrashId_12":1075673,"Latitude":41.325203000000002,"Longitude":-72.968579000000005,"DOT_Case_Number":923198,"Town_Name":"New Haven","Town_Number":93,"Town_Number_1":93,"Town_Number_Text_Format":"New Haven","Date_Of_Crash":"2023-08-11","Year":2023,"Month":8,"Month_Text_Format":"August","Day":11,"Day_of_the_Week":6,"Day_of_the_Week_Text_Format":"Friday","Time_of_Crash":"13:57:00","Hour_of_the_Day":13,"Case_Identifier":23032656,"Crash_Severity":"K","Crash_Severity_Text_Format":"Fatal (Kill)","Most_Severe_Injury":"K","Most_Severe_Injury_Text_Format":"Fatal Injury (K)","Number_Of_Motor_Vehicles":1,"Number_Of_Non_Motorist":0,"Number_Of_Witnesses":1,"Route_Class":3,"Route_Class_Text_Format":"State","Milemarker":3.23,"Road_Number":122,"Road_Description":"122-N","Roadway_Name":"122-N","Intersecting_Roadway_Name":null,"Landmark_Description":"WILLARD ST","Distance_From_Nearest_Landmark":230,"Unit_Of_Measure_From_Nearest_Landmark":"Feet","Direction_From_Nearest_Landmark":"S","Latitude_1":41.325203000000002,"Longitude_1":-72.968579000000005,"First_Harmful_Event":33,"First_Harmful_Event_Text_Format":"Utility Pole/Light Support","Manner_of_Crash___Collision_Impact":88,"Manner_of_Crash___Collision_Impact_Text_Format":"Not Applicable","Location_of_First_Harmful_Event":4,"Location_of_First_Harmful_Event_Text_Format":"Roadside","Weather_Condition":1,"Weather_Condition_Text_Format":"Clear","Weather_2":88,"Weather_2_Text_Format":"Not Applicable","Light_Condition":1,"Light_Condition_Text_Format":"Daylight","Road_Surface_Condition":1,"Road_Surface_Condition_Text_Format":"Dry","Contributing_Circumstances__Environment":0,"Contributing_Circumstances__Environment_Text_Format":"None","Environment_2":88,"Environment_2_Text_Format":"Not Applicable","Environment_3":88,"Environment_3_Text_Format":"Not Applicable","Contributing_Circumstances__Road":0,"Contributing_Circumstances__Road_Text_Format":"None","Road_2":88,"Road_2_Text_Format":"Not Applicable","Road_3":88,"Road_3_Text_Format":"Not Applicable","Crash_Specific_Location":1,"Crash_Specific_Location_Text_Format":"Non-Junction","Type_of_Intersection":1,"Type_of_Intersection_Text_Format":"Not at Intersection","School_Bus_Related":1,"School_Bus_Related_Text_Format":"No","Work_Zone_Related":1,"Work_Zone_Related_Text_Format":"No","Location_Of_Crash_Relative_To_Work_Zone":88,"Location_Of_Crash_Relative_To_Work_Zone_Text_Format":"Not Applicable","Type_of_Work_Zone":88,"Type_of_Work_Zone_Text_Format":"Not Applicable","Worker_Presence":88,"Worker_Presence_Text_Format":"Not Applicable","Law_Enforcement_Presence":88,"Law_Enforcement_Presence_Text_Format":"Not Applicable","Were_Vehicles_Moved_Prior_To_Police_Arrival":"FALSE","Trafficway_Ownership":1,"Trafficway_Ownership_Text_Format":"Public Road","Trafficway_Class":1,"Trafficway_Class_Text_Format":"Trafficway, On Road","Police_Agency":"CT0009300","Police_Agency_Text_Format":"New Haven PD","Badge_Number":66,"Approval_Date":"43:09.0","Police_Case_Status":"C","Police_Case_Status_Text_Format":"Closed","Crash_Report_Submission_Date":"00:23.0","Related_Case_Identifiers":null,"No__of_Through_Lanes__Log_Dir__":1,"Average_Daily_Traffic":11500,"Functional_Classification":4,"Functional_Classification_Text_Format":"MINOR ARTERIAL - NEW HPMS","Rural_or_Urban":2,"Rural_or_Urban_Text_Format":"Urban","CrashSeverityClass":2,"SevereCrashIndicator":1,"CrashId_12_13":null,"VehicleId":1,"PersonId":1,"Age":80,"Gender":1,"Gender_Text_Format":"Male","State":"CT","Postal_Code":6518,"Injury_Status":"K","Condition_at_Time_of_Crash":97,"Condition_at_Time_of_Crash_Text_Format":"Other","Condition_at_Time_of_Crash2":99,"Condition_at_Time_of_Crash2_Text_Format":"Unknown","Action_Taken_by_Officer":0,"Action_Taken_by_Officer_Text_Format":"None taken","Alcohol_Test_Status":1,"Alcohol_Test_Status_Text_Format":"Test Not Given","Type_Of_Alcohol_Test":88,"Type_Of_Alcohol_Test_Text_Format":"Not Applicable","Drug_Test_Status":1,"Drug_Test_Status_Text_Format":"Test Not Given","Type_Of_Drig_Test":88,"Type_Of_Drig_Test_Text_Format":"Not Applicable","Ejection_Status":1,"Ejection_Status_Text_Format":"Not Ejected","Restraint_System":0,"Restraint_System_Text_Format":"None Used-Motor Vehicle Occupant","Helmet_Use":88,"Helmet_Use_Text_Format":"Not Applicable","Air_Bag_Status":6,"Air_Bag_Status_Text_Format":"Deployed-Combination","Speeding_Related":1,"Speeding_Related_Text_Format":"No","Driver_Actions_1":2,"Driver_Actions_1_Text_Format":"Ran Off Roadway","Driver_Actions_2":88,"Driver_Actions_2_Text_Format":"Not Applicable","Driver_Actions_3":88,"Driver_Actions_3_Text_Format":"Not Applicable","Driver_Actions_4":88,"Driver_Actions_4_Text_Format":"Not Applicable","Driver_Distracted_By":1,"Driver_Distracted_By_Text_Format":"Not Distracted","Roadway_On_Which_Nonmotorist_Was_Traveling_Located":null,"Direction_nonmotorist_was_traveling":null,"Direction_Unknown":null,"Striking_Motor_Vehicle_ID":null,"Bicycle_ID":null,"Non_Motorist_Not_In_Roadway":null,"Actions_or_Circumstances_Prior_to_Crash":null,"Actions_or_Circumstances_Prior_to_Crash_Text_Format":null,"To_or_From_School":null,"To_or_From_School_Text_Format":null,"Actions_or_Circumstances_At_Time_Of_Crash":null,"Actions_or_Circumstances_At_Time_Of_Crash_Text_Format":null,"Actions_or_Circumstances_At_Time_Of_Crash2":null,"Actions_or_Circumstances_At_Time_Of_Crash2_Text_Format":null,"Location_At_Time_Of_Crash":null,"Location_At_Time_Of_Crash_Text_Format":null,"Safety_Equipment":null,"Safety_Equipment_Text_Format":null,"Safety_Equipment2":null,"Safety_Equipment2_Text_Format":null,"Non_motorist_Distracted_By":null,"Non_motorist_Distracted_By_Text_Format":null,"Seating_Position":11,"Seating_Position_Text_Format":"First Row, Left\u00A0Seat","Seating_Position_for_Bus":null,"City":"Hamden","Country":"UnitedStates","Driver_License_Jurisdiction":2,"Driver_License_Jurisdiction_Text_Format":"State","Drivers_License_Issued_By":"CT","Drivers_License_Class":4,"Commercial_License_Class":1,"Commercial_License_Class_Text_Format":"No","Transported_to_First_Medical_Facility_By":3,"Transported_to_First_Medical_Facility_By_Text_Format":"EMS Ground","Name_of_the_EMS_agency":"AMER MED RESPONSE","Name_of_the_Intended_Receiving_Facility":"YALE-NH HOSP","OBJECTID_1":41}},{"type":"Feature","id":42,"geometry":{"type":"Point","coordinates":[937774.89647239447,683944.81417630613]},"properties":{"OBJECTID":42,"CrashId":1078569,"Person_Type":3,"Person_Type_Text_Format":"Pedestrian","Injury_Status_Text_Format":"Fatal Injury (K)","Fatal_Case_Status":1,"Fatal_Case_Status_Text_Format":"Complete","CrashId_1":1078569,"CrashId_12":1078569,"Latitude":41.337961,"Longitude":-72.976560000000006,"DOT_Case_Number":923221,"Town_Name":"New Haven","Town_Number":93,"Town_Number_1":93,"Town_Number_Text_Format":"New Haven","Date_Of_Crash":"2023-08-22","Year":2023,"Month":8,"Month_Text_Format":"August","Day":22,"Day_of_the_Week":3,"Day_of_the_Week_Text_Format":"Tuesday","Time_of_Crash":"10:57:00","Hour_of_the_Day":10,"Case_Identifier":23034167,"Crash_Severity":"K","Crash_Severity_Text_Format":"Fatal (Kill)","Most_Severe_Injury":"K","Most_Severe_Injury_Text_Format":"Fatal Injury (K)","Number_Of_Motor_Vehicles":1,"Number_Of_Non_Motorist":1,"Number_Of_Witnesses":1,"Route_Class":3,"Route_Class_Text_Format":"State","Milemarker":0.23999999999999999,"Road_Number":69,"Road_Description":"69-N","Roadway_Name":"69-N","Intersecting_Roadway_Name":"15-N-114","Landmark_Description":null,"Distance_From_Nearest_Landmark":null,"Unit_Of_Measure_From_Nearest_Landmark":null,"Direction_From_Nearest_Landmark":null,"Latitude_1":41.337961,"Longitude_1":-72.976560000000006,"First_Harmful_Event":9,"First_Harmful_Event_Text_Format":"Pedestrian","Manner_of_Crash___Collision_Impact":88,"Manner_of_Crash___Collision_Impact_Text_Format":"Not Applicable","Location_of_First_Harmful_Event":1,"Location_of_First_Harmful_Event_Text_Format":"On Roadway","Weather_Condition":1,"Weather_Condition_Text_Format":"Clear","Weather_2":88,"Weather_2_Text_Format":"Not Applicable","Light_Condition":1,"Light_Condition_Text_Format":"Daylight","Road_Surface_Condition":1,"Road_Surface_Condition_Text_Format":"Dry","Contributing_Circumstances__Environment":0,"Contributing_Circumstances__Environment_Text_Format":"None","Environment_2":88,"Environment_2_Text_Format":"Not Applicable","Environment_3":88,"Environment_3_Text_Format":"Not Applicable","Contributing_Circumstances__Road":0,"Contributing_Circumstances__Road_Text_Format":"None","Road_2":88,"Road_2_Text_Format":"Not Applicable","Road_3":88,"Road_3_Text_Format":"Not Applicable","Crash_Specific_Location":3,"Crash_Specific_Location_Text_Format":"Intersection-Related","Type_of_Intersection":3,"Type_of_Intersection_Text_Format":"T-Intersection","School_Bus_Related":1,"School_Bus_Related_Text_Format":"No","Work_Zone_Related":1,"Work_Zone_Related_Text_Format":"No","Location_Of_Crash_Relative_To_Work_Zone":88,"Location_Of_Crash_Relative_To_Work_Zone_Text_Format":"Not Applicable","Type_of_Work_Zone":88,"Type_of_Work_Zone_Text_Format":"Not Applicable","Worker_Presence":88,"Worker_Presence_Text_Format":"Not Applicable","Law_Enforcement_Presence":88,"Law_Enforcement_Presence_Text_Format":"Not Applicable","Were_Vehicles_Moved_Prior_To_Police_Arrival":"TRUE","Trafficway_Ownership":1,"Trafficway_Ownership_Text_Format":"Public Road","Trafficway_Class":1,"Trafficway_Class_Text_Format":"Trafficway, On Road","Police_Agency":"CT0009300","Police_Agency_Text_Format":"New Haven PD","Badge_Number":66,"Approval_Date":"39:14.0","Police_Case_Status":"C","Police_Case_Status_Text_Format":"Closed","Crash_Report_Submission_Date":"00:48.0","Related_Case_Identifiers":null,"No__of_Through_Lanes__Log_Dir__":1,"Average_Daily_Traffic":5500,"Functional_Classification":2,"Functional_Classification_Text_Format":"PRIN ART-OTHER FREEWAYS & EXPRESSWAYS - NEW HPMS","Rural_or_Urban":2,"Rural_or_Urban_Text_Format":"Urban","CrashSeverityClass":2,"SevereCrashIndicator":1,"CrashId_12_13":null,"VehicleId":null,"PersonId":2,"Age":27,"Gender":2,"Gender_Text_Format":"Female","State":"CT","Postal_Code":null,"Injury_Status":"K","Condition_at_Time_of_Crash":1,"Condition_at_Time_of_Crash_Text_Format":"Apparently Normal","Condition_at_Time_of_Crash2":1,"Condition_at_Time_of_Crash2_Text_Format":"Apparently Normal","Action_Taken_by_Officer":0,"Action_Taken_by_Officer_Text_Format":"None taken","Alcohol_Test_Status":1,"Alcohol_Test_Status_Text_Format":"Test Not Given","Type_Of_Alcohol_Test":88,"Type_Of_Alcohol_Test_Text_Format":"Not Applicable","Drug_Test_Status":1,"Drug_Test_Status_Text_Format":"Test Not Given","Type_Of_Drig_Test":88,"Type_Of_Drig_Test_Text_Format":"Not Applicable","Ejection_Status":null,"Ejection_Status_Text_Format":null,"Restraint_System":null,"Restraint_System_Text_Format":null,"Helmet_Use":null,"Helmet_Use_Text_Format":null,"Air_Bag_Status":null,"Air_Bag_Status_Text_Format":null,"Speeding_Related":null,"Speeding_Related_Text_Format":null,"Driver_Actions_1":null,"Driver_Actions_1_Text_Format":null,"Driver_Actions_2":null,"Driver_Actions_2_Text_Format":null,"Driver_Actions_3":null,"Driver_Actions_3_Text_Format":null,"Driver_Actions_4":null,"Driver_Actions_4_Text_Format":null,"Driver_Distracted_By":null,"Driver_Distracted_By_Text_Format":null,"Roadway_On_Which_Nonmotorist_Was_Traveling_Located":"WHALLEY AVE","Direction_nonmotorist_was_traveling":"W","Direction_Unknown":0,"Striking_Motor_Vehicle_ID":1,"Bicycle_ID":null,"Non_Motorist_Not_In_Roadway":0,"Actions_or_Circumstances_Prior_to_Crash":6,"Actions_or_Circumstances_Prior_to_Crash_Text_Format":"In Roadway - Other","To_or_From_School":1,"To_or_From_School_Text_Format":"No","Actions_or_Circumstances_At_Time_Of_Crash":5,"Actions_or_Circumstances_At_Time_Of_Crash_Text_Format":"In Roadway Improperly (Standing, Lying, Working, Playing)","Actions_or_Circumstances_At_Time_Of_Crash2":2,"Actions_or_Circumstances_At_Time_Of_Crash2_Text_Format":"Dart/Dash","Location_At_Time_Of_Crash":3,"Location_At_Time_Of_Crash_Text_Format":"Intersection – Other","Safety_Equipment":0,"Safety_Equipment_Text_Format":"None","Safety_Equipment2":88,"Safety_Equipment2_Text_Format":"Not Applicable","Non_motorist_Distracted_By":1,"Non_motorist_Distracted_By_Text_Format":"Not Distracted","Seating_Position":null,"Seating_Position_Text_Format":null,"Seating_Position_for_Bus":null,"City":"New Haven","Country":"UnitedStates","Driver_License_Jurisdiction":null,"Driver_License_Jurisdiction_Text_Format":null,"Drivers_License_Issued_By":null,"Drivers_License_Class":null,"Commercial_License_Class":null,"Commercial_License_Class_Text_Format":null,"Transported_to_First_Medical_Facility_By":3,"Transported_to_First_Medical_Facility_By_Text_Format":"EMS Ground","Name_of_the_EMS_agency":"AMER MED RESPONSE","Name_of_the_Intended_Receiving_Facility":"YALE-NH HOSP","OBJECTID_1":42}},{"type":"Feature","id":43,"geometry":{"type":"Point","coordinates":[937685.8638420552,682778.86604888737]},"properties":{"OBJECTID":43,"CrashId":1096254,"Person_Type":4,"Person_Type_Text_Format":"Other Pedestrian (wheelchair, person in a building, skater, pedestrian conveyance)","Injury_Status_Text_Format":"Fatal Injury (K)","Fatal_Case_Status":1,"Fatal_Case_Status_Text_Format":"Complete","CrashId_1":1096254,"CrashId_12":1096254,"Latitude":41.334803000000001,"Longitude":-72.976844,"DOT_Case_Number":923272,"Town_Name":"New Haven","Town_Number":93,"Town_Number_1":93,"Town_Number_Text_Format":"New Haven","Date_Of_Crash":"2023-10-18","Year":2023,"Month":10,"Month_Text_Format":"October","Day":18,"Day_of_the_Week":4,"Day_of_the_Week_Text_Format":"Wednesday","Time_of_Crash":"23:08:00","Hour_of_the_Day":23,"Case_Identifier":23042376,"Crash_Severity":"K","Crash_Severity_Text_Format":"Fatal (Kill)","Most_Severe_Injury":"K","Most_Severe_Injury_Text_Format":"Fatal Injury (K)","Number_Of_Motor_Vehicles":1,"Number_Of_Non_Motorist":1,"Number_Of_Witnesses":2,"Route_Class":3,"Route_Class_Text_Format":"State","Milemarker":0.01,"Road_Number":69,"Road_Description":"69-N","Roadway_Name":"69-N","Intersecting_Roadway_Name":"63-N","Landmark_Description":null,"Distance_From_Nearest_Landmark":null,"Unit_Of_Measure_From_Nearest_Landmark":null,"Direction_From_Nearest_Landmark":null,"Latitude_1":41.334803000000001,"Longitude_1":-72.976844,"First_Harmful_Event":11,"First_Harmful_Event_Text_Format":"Other Non-motorist","Manner_of_Crash___Collision_Impact":88,"Manner_of_Crash___Collision_Impact_Text_Format":"Not Applicable","Location_of_First_Harmful_Event":1,"Location_of_First_Harmful_Event_Text_Format":"On Roadway","Weather_Condition":1,"Weather_Condition_Text_Format":"Clear","Weather_2":88,"Weather_2_Text_Format":"Not Applicable","Light_Condition":99,"Light_Condition_Text_Format":"Unknown","Road_Surface_Condition":1,"Road_Surface_Condition_Text_Format":"Dry","Contributing_Circumstances__Environment":0,"Contributing_Circumstances__Environment_Text_Format":"None","Environment_2":88,"Environment_2_Text_Format":"Not Applicable","Environment_3":88,"Environment_3_Text_Format":"Not Applicable","Contributing_Circumstances__Road":0,"Contributing_Circumstances__Road_Text_Format":"None","Road_2":88,"Road_2_Text_Format":"Not Applicable","Road_3":88,"Road_3_Text_Format":"Not Applicable","Crash_Specific_Location":2,"Crash_Specific_Location_Text_Format":"Intersection","Type_of_Intersection":8,"Type_of_Intersection_Text_Format":"Five-Point, or More","School_Bus_Related":1,"School_Bus_Related_Text_Format":"No","Work_Zone_Related":1,"Work_Zone_Related_Text_Format":"No","Location_Of_Crash_Relative_To_Work_Zone":88,"Location_Of_Crash_Relative_To_Work_Zone_Text_Format":"Not Applicable","Type_of_Work_Zone":88,"Type_of_Work_Zone_Text_Format":"Not Applicable","Worker_Presence":88,"Worker_Presence_Text_Format":"Not Applicable","Law_Enforcement_Presence":88,"Law_Enforcement_Presence_Text_Format":"Not Applicable","Were_Vehicles_Moved_Prior_To_Police_Arrival":"FALSE","Trafficway_Ownership":1,"Trafficway_Ownership_Text_Format":"Public Road","Trafficway_Class":1,"Trafficway_Class_Text_Format":"Trafficway, On Road","Police_Agency":"CT0009300","Police_Agency_Text_Format":"New Haven PD","Badge_Number":44053,"Approval_Date":"27:17.0","Police_Case_Status":"O","Police_Case_Status_Text_Format":"Open","Crash_Report_Submission_Date":"00:49.0","Related_Case_Identifiers":null,"No__of_Through_Lanes__Log_Dir__":3,"Average_Daily_Traffic":17100,"Functional_Classification":3,"Functional_Classification_Text_Format":"PRINCIPAL ARTERIAL - OTHER - NEW HPMS","Rural_or_Urban":2,"Rural_or_Urban_Text_Format":"Urban","CrashSeverityClass":2,"SevereCrashIndicator":1,"CrashId_12_13":null,"VehicleId":null,"PersonId":2,"Age":23,"Gender":1,"Gender_Text_Format":"Male","State":null,"Postal_Code":null,"Injury_Status":"K","Condition_at_Time_of_Crash":1,"Condition_at_Time_of_Crash_Text_Format":"Apparently Normal","Condition_at_Time_of_Crash2":1,"Condition_at_Time_of_Crash2_Text_Format":"Apparently Normal","Action_Taken_by_Officer":0,"Action_Taken_by_Officer_Text_Format":"None taken","Alcohol_Test_Status":1,"Alcohol_Test_Status_Text_Format":"Test Not Given","Type_Of_Alcohol_Test":88,"Type_Of_Alcohol_Test_Text_Format":"Not Applicable","Drug_Test_Status":1,"Drug_Test_Status_Text_Format":"Test Not Given","Type_Of_Drig_Test":88,"Type_Of_Drig_Test_Text_Format":"Not Applicable","Ejection_Status":null,"Ejection_Status_Text_Format":null,"Restraint_System":null,"Restraint_System_Text_Format":null,"Helmet_Use":null,"Helmet_Use_Text_Format":null,"Air_Bag_Status":null,"Air_Bag_Status_Text_Format":null,"Speeding_Related":null,"Speeding_Related_Text_Format":null,"Driver_Actions_1":null,"Driver_Actions_1_Text_Format":null,"Driver_Actions_2":null,"Driver_Actions_2_Text_Format":null,"Driver_Actions_3":null,"Driver_Actions_3_Text_Format":null,"Driver_Actions_4":null,"Driver_Actions_4_Text_Format":null,"Driver_Distracted_By":null,"Driver_Distracted_By_Text_Format":null,"Roadway_On_Which_Nonmotorist_Was_Traveling_Located":"WHALLEY AVENUE","Direction_nonmotorist_was_traveling":"S","Direction_Unknown":0,"Striking_Motor_Vehicle_ID":1,"Bicycle_ID":null,"Non_Motorist_Not_In_Roadway":0,"Actions_or_Circumstances_Prior_to_Crash":6,"Actions_or_Circumstances_Prior_to_Crash_Text_Format":"In Roadway - Other","To_or_From_School":99,"To_or_From_School_Text_Format":"Unknown","Actions_or_Circumstances_At_Time_Of_Crash":4,"Actions_or_Circumstances_At_Time_Of_Crash_Text_Format":"Failure to Obey Traffic Signs, Signals, or Officer","Actions_or_Circumstances_At_Time_Of_Crash2":88,"Actions_or_Circumstances_At_Time_Of_Crash2_Text_Format":"Not Applicable","Location_At_Time_Of_Crash":3,"Location_At_Time_Of_Crash_Text_Format":"Intersection – Other","Safety_Equipment":0,"Safety_Equipment_Text_Format":"None","Safety_Equipment2":88,"Safety_Equipment2_Text_Format":"Not Applicable","Non_motorist_Distracted_By":99,"Non_motorist_Distracted_By_Text_Format":"Unknown if Distracted","Seating_Position":null,"Seating_Position_Text_Format":null,"Seating_Position_for_Bus":null,"City":null,"Country":"UnitedStates","Driver_License_Jurisdiction":99,"Driver_License_Jurisdiction_Text_Format":"Unknown","Drivers_License_Issued_By":null,"Drivers_License_Class":null,"Commercial_License_Class":null,"Commercial_License_Class_Text_Format":null,"Transported_to_First_Medical_Facility_By":3,"Transported_to_First_Medical_Facility_By_Text_Format":"EMS Ground","Name_of_the_EMS_agency":"AMER MED RESPONSE","Name_of_the_Intended_Receiving_Facility":"YALE-NH HOSP","OBJECTID_1":43}},{"type":"Feature","id":44,"geometry":{"type":"Point","coordinates":[957812.19629272819,674095.45592230558]},"properties":{"OBJECTID":44,"CrashId":1098636,"Person_Type":3,"Person_Type_Text_Format":"Pedestrian","Injury_Status_Text_Format":"Fatal Injury (K)","Fatal_Case_Status":1,"Fatal_Case_Status_Text_Format":"Complete","CrashId_1":1098636,"CrashId_12":1098636,"Latitude":41.311050000000002,"Longitude":-72.903559999999999,"DOT_Case_Number":923273,"Town_Name":"New Haven","Town_Number":93,"Town_Number_1":93,"Town_Number_Text_Format":"New Haven","Date_Of_Crash":"2023-10-26","Year":2023,"Month":10,"Month_Text_Format":"October","Day":26,"Day_of_the_Week":5,"Day_of_the_Week_Text_Format":"Thursday","Time_of_Crash":"23:13:00","Hour_of_the_Day":23,"Case_Identifier":23043508,"Crash_Severity":"K","Crash_Severity_Text_Format":"Fatal (Kill)","Most_Severe_Injury":"K","Most_Severe_Injury_Text_Format":"Fatal Injury (K)","Number_Of_Motor_Vehicles":2,"Number_Of_Non_Motorist":1,"Number_Of_Witnesses":0,"Route_Class":4,"Route_Class_Text_Format":"Local","Milemarker":0.37,"Road_Number":327,"Road_Description":"JAMES ST","Roadway_Name":"JAMES ST","Intersecting_Roadway_Name":"MARKET ST","Landmark_Description":null,"Distance_From_Nearest_Landmark":null,"Unit_Of_Measure_From_Nearest_Landmark":null,"Direction_From_Nearest_Landmark":null,"Latitude_1":41.311050000000002,"Longitude_1":-72.903559999999999,"First_Harmful_Event":9,"First_Harmful_Event_Text_Format":"Pedestrian","Manner_of_Crash___Collision_Impact":99,"Manner_of_Crash___Collision_Impact_Text_Format":"Unknown","Location_of_First_Harmful_Event":1,"Location_of_First_Harmful_Event_Text_Format":"On Roadway","Weather_Condition":1,"Weather_Condition_Text_Format":"Clear","Weather_2":88,"Weather_2_Text_Format":"Not Applicable","Light_Condition":4,"Light_Condition_Text_Format":"Dark-Lighted","Road_Surface_Condition":1,"Road_Surface_Condition_Text_Format":"Dry","Contributing_Circumstances__Environment":99,"Contributing_Circumstances__Environment_Text_Format":"Unknown","Environment_2":88,"Environment_2_Text_Format":"Not Applicable","Environment_3":88,"Environment_3_Text_Format":"Not Applicable","Contributing_Circumstances__Road":99,"Contributing_Circumstances__Road_Text_Format":"Unknown","Road_2":88,"Road_2_Text_Format":"Not Applicable","Road_3":88,"Road_3_Text_Format":"Not Applicable","Crash_Specific_Location":2,"Crash_Specific_Location_Text_Format":"Intersection","Type_of_Intersection":2,"Type_of_Intersection_Text_Format":"Four-Way Intersection","School_Bus_Related":1,"School_Bus_Related_Text_Format":"No","Work_Zone_Related":1,"Work_Zone_Related_Text_Format":"No","Location_Of_Crash_Relative_To_Work_Zone":88,"Location_Of_Crash_Relative_To_Work_Zone_Text_Format":"Not Applicable","Type_of_Work_Zone":88,"Type_of_Work_Zone_Text_Format":"Not Applicable","Worker_Presence":88,"Worker_Presence_Text_Format":"Not Applicable","Law_Enforcement_Presence":88,"Law_Enforcement_Presence_Text_Format":"Not Applicable","Were_Vehicles_Moved_Prior_To_Police_Arrival":"FALSE","Trafficway_Ownership":1,"Trafficway_Ownership_Text_Format":"Public Road","Trafficway_Class":1,"Trafficway_Class_Text_Format":"Trafficway, On Road","Police_Agency":"CT0009300","Police_Agency_Text_Format":"New Haven PD","Badge_Number":36335,"Approval_Date":"46:27.0","Police_Case_Status":"O","Police_Case_Status_Text_Format":"Open","Crash_Report_Submission_Date":"01:06.0","Related_Case_Identifiers":null,"No__of_Through_Lanes__Log_Dir__":null,"Average_Daily_Traffic":null,"Functional_Classification":null,"Functional_Classification_Text_Format":null,"Rural_or_Urban":null,"Rural_or_Urban_Text_Format":null,"CrashSeverityClass":2,"SevereCrashIndicator":1,"CrashId_12_13":null,"VehicleId":null,"PersonId":3,"Age":39,"Gender":1,"Gender_Text_Format":"Male","State":"CT","Postal_Code":null,"Injury_Status":"K","Condition_at_Time_of_Crash":97,"Condition_at_Time_of_Crash_Text_Format":"Other","Condition_at_Time_of_Crash2":null,"Condition_at_Time_of_Crash2_Text_Format":null,"Action_Taken_by_Officer":0,"Action_Taken_by_Officer_Text_Format":"None taken","Alcohol_Test_Status":1,"Alcohol_Test_Status_Text_Format":"Test Not Given","Type_Of_Alcohol_Test":88,"Type_Of_Alcohol_Test_Text_Format":"Not Applicable","Drug_Test_Status":1,"Drug_Test_Status_Text_Format":"Test Not Given","Type_Of_Drig_Test":88,"Type_Of_Drig_Test_Text_Format":"Not Applicable","Ejection_Status":null,"Ejection_Status_Text_Format":null,"Restraint_System":null,"Restraint_System_Text_Format":null,"Helmet_Use":null,"Helmet_Use_Text_Format":null,"Air_Bag_Status":null,"Air_Bag_Status_Text_Format":null,"Speeding_Related":null,"Speeding_Related_Text_Format":null,"Driver_Actions_1":null,"Driver_Actions_1_Text_Format":null,"Driver_Actions_2":null,"Driver_Actions_2_Text_Format":null,"Driver_Actions_3":null,"Driver_Actions_3_Text_Format":null,"Driver_Actions_4":null,"Driver_Actions_4_Text_Format":null,"Driver_Distracted_By":null,"Driver_Distracted_By_Text_Format":null,"Roadway_On_Which_Nonmotorist_Was_Traveling_Located":"JAMES ST","Direction_nonmotorist_was_traveling":null,"Direction_Unknown":1,"Striking_Motor_Vehicle_ID":1,"Bicycle_ID":null,"Non_Motorist_Not_In_Roadway":0,"Actions_or_Circumstances_Prior_to_Crash":99,"Actions_or_Circumstances_Prior_to_Crash_Text_Format":"Unknown","To_or_From_School":1,"To_or_From_School_Text_Format":"No","Actions_or_Circumstances_At_Time_Of_Crash":99,"Actions_or_Circumstances_At_Time_Of_Crash_Text_Format":"Unknown","Actions_or_Circumstances_At_Time_Of_Crash2":88,"Actions_or_Circumstances_At_Time_Of_Crash2_Text_Format":"Not Applicable","Location_At_Time_Of_Crash":99,"Location_At_Time_Of_Crash_Text_Format":"Unknown","Safety_Equipment":99,"Safety_Equipment_Text_Format":"Unknown","Safety_Equipment2":88,"Safety_Equipment2_Text_Format":"Not Applicable","Non_motorist_Distracted_By":99,"Non_motorist_Distracted_By_Text_Format":"Unknown if Distracted","Seating_Position":null,"Seating_Position_Text_Format":null,"Seating_Position_for_Bus":null,"City":"Norwalk","Country":"UnitedStates","Driver_License_Jurisdiction":null,"Driver_License_Jurisdiction_Text_Format":null,"Drivers_License_Issued_By":"CT","Drivers_License_Class":null,"Commercial_License_Class":null,"Commercial_License_Class_Text_Format":null,"Transported_to_First_Medical_Facility_By":3,"Transported_to_First_Medical_Facility_By_Text_Format":"EMS Ground","Name_of_the_EMS_agency":null,"Name_of_the_Intended_Receiving_Facility":null,"OBJECTID_1":44}},{"type":"Feature","id":45,"geometry":{"type":"Point","coordinates":[965752.1259508878,675231.84997497499]},"properties":{"OBJECTID":45,"CrashId":1126931,"Person_Type":1,"Person_Type_Text_Format":"Driver","Injury_Status_Text_Format":"Fatal Injury (K)","Fatal_Case_Status":1,"Fatal_Case_Status_Text_Format":"Complete","CrashId_1":1126931,"CrashId_12":1126931,"Latitude":41.314258000000002,"Longitude":-72.874588000000003,"DOT_Case_Number":924019,"Town_Name":"New Haven","Town_Number":93,"Town_Number_1":93,"Town_Number_Text_Format":"New Haven","Date_Of_Crash":"2024-01-27","Year":2024,"Month":1,"Month_Text_Format":"January","Day":27,"Day_of_the_Week":7,"Day_of_the_Week_Text_Format":"Saturday","Time_of_Crash":"20:34:00","Hour_of_the_Day":20,"Case_Identifier":24003906,"Crash_Severity":"K","Crash_Severity_Text_Format":"Fatal (Kill)","Most_Severe_Injury":"K","Most_Severe_Injury_Text_Format":"Fatal Injury (K)","Number_Of_Motor_Vehicles":2,"Number_Of_Non_Motorist":0,"Number_Of_Witnesses":0,"Route_Class":4,"Route_Class_Text_Format":"Local","Milemarker":0.23000000000000001,"Road_Number":287,"Road_Description":"HEMINGWAY ST","Roadway_Name":"HEMINGWAY ST","Intersecting_Roadway_Name":null,"Landmark_Description":"RUSSELL ST","Distance_From_Nearest_Landmark":25,"Unit_Of_Measure_From_Nearest_Landmark":"Feet","Direction_From_Nearest_Landmark":"E","Latitude_1":41.314258000000002,"Longitude_1":-72.874588000000003,"First_Harmful_Event":14,"First_Harmful_Event_Text_Format":"Motor Vehicle in Operation","Manner_of_Crash___Collision_Impact":2,"Manner_of_Crash___Collision_Impact_Text_Format":"Front to front","Location_of_First_Harmful_Event":1,"Location_of_First_Harmful_Event_Text_Format":"On Roadway","Weather_Condition":1,"Weather_Condition_Text_Format":"Clear","Weather_2":88,"Weather_2_Text_Format":"Not Applicable","Light_Condition":4,"Light_Condition_Text_Format":"Dark-Lighted","Road_Surface_Condition":1,"Road_Surface_Condition_Text_Format":"Dry","Contributing_Circumstances__Environment":0,"Contributing_Circumstances__Environment_Text_Format":"None","Environment_2":88,"Environment_2_Text_Format":"Not Applicable","Environment_3":88,"Environment_3_Text_Format":"Not Applicable","Contributing_Circumstances__Road":0,"Contributing_Circumstances__Road_Text_Format":"None","Road_2":88,"Road_2_Text_Format":"Not Applicable","Road_3":88,"Road_3_Text_Format":"Not Applicable","Crash_Specific_Location":1,"Crash_Specific_Location_Text_Format":"Non-Junction","Type_of_Intersection":1,"Type_of_Intersection_Text_Format":"Not at Intersection","School_Bus_Related":1,"School_Bus_Related_Text_Format":"No","Work_Zone_Related":1,"Work_Zone_Related_Text_Format":"No","Location_Of_Crash_Relative_To_Work_Zone":88,"Location_Of_Crash_Relative_To_Work_Zone_Text_Format":"Not Applicable","Type_of_Work_Zone":88,"Type_of_Work_Zone_Text_Format":"Not Applicable","Worker_Presence":88,"Worker_Presence_Text_Format":"Not Applicable","Law_Enforcement_Presence":88,"Law_Enforcement_Presence_Text_Format":"Not Applicable","Were_Vehicles_Moved_Prior_To_Police_Arrival":"FALSE","Trafficway_Ownership":1,"Trafficway_Ownership_Text_Format":"Public Road","Trafficway_Class":1,"Trafficway_Class_Text_Format":"Trafficway, On Road","Police_Agency":"CT0009300","Police_Agency_Text_Format":"New Haven PD","Badge_Number":44176,"Approval_Date":"59:58.0","Police_Case_Status":"O","Police_Case_Status_Text_Format":"Open","Crash_Report_Submission_Date":"01:47.0","Related_Case_Identifiers":null,"No__of_Through_Lanes__Log_Dir__":null,"Average_Daily_Traffic":null,"Functional_Classification":null,"Functional_Classification_Text_Format":null,"Rural_or_Urban":null,"Rural_or_Urban_Text_Format":null,"CrashSeverityClass":2,"SevereCrashIndicator":1,"CrashId_12_13":null,"VehicleId":1,"PersonId":1,"Age":49,"Gender":1,"Gender_Text_Format":"Male","State":"CT","Postal_Code":6512,"Injury_Status":"K","Condition_at_Time_of_Crash":99,"Condition_at_Time_of_Crash_Text_Format":"Unknown","Condition_at_Time_of_Crash2":null,"Condition_at_Time_of_Crash2_Text_Format":null,"Action_Taken_by_Officer":0,"Action_Taken_by_Officer_Text_Format":"None taken","Alcohol_Test_Status":1,"Alcohol_Test_Status_Text_Format":"Test Not Given","Type_Of_Alcohol_Test":88,"Type_Of_Alcohol_Test_Text_Format":"Not Applicable","Drug_Test_Status":1,"Drug_Test_Status_Text_Format":"Test Not Given","Type_Of_Drig_Test":88,"Type_Of_Drig_Test_Text_Format":"Not Applicable","Ejection_Status":1,"Ejection_Status_Text_Format":"Not Ejected","Restraint_System":99,"Restraint_System_Text_Format":"Unknown","Helmet_Use":88,"Helmet_Use_Text_Format":"Not Applicable","Air_Bag_Status":2,"Air_Bag_Status_Text_Format":"Deployed-Front","Speeding_Related":1,"Speeding_Related_Text_Format":"No","Driver_Actions_1":13,"Driver_Actions_1_Text_Format":"Failed to Keep in Proper Lane","Driver_Actions_2":88,"Driver_Actions_2_Text_Format":"Not Applicable","Driver_Actions_3":88,"Driver_Actions_3_Text_Format":"Not Applicable","Driver_Actions_4":88,"Driver_Actions_4_Text_Format":"Not Applicable","Driver_Distracted_By":99,"Driver_Distracted_By_Text_Format":"Unknown if Distracted","Roadway_On_Which_Nonmotorist_Was_Traveling_Located":null,"Direction_nonmotorist_was_traveling":null,"Direction_Unknown":null,"Striking_Motor_Vehicle_ID":null,"Bicycle_ID":null,"Non_Motorist_Not_In_Roadway":null,"Actions_or_Circumstances_Prior_to_Crash":null,"Actions_or_Circumstances_Prior_to_Crash_Text_Format":null,"To_or_From_School":null,"To_or_From_School_Text_Format":null,"Actions_or_Circumstances_At_Time_Of_Crash":null,"Actions_or_Circumstances_At_Time_Of_Crash_Text_Format":null,"Actions_or_Circumstances_At_Time_Of_Crash2":null,"Actions_or_Circumstances_At_Time_Of_Crash2_Text_Format":null,"Location_At_Time_Of_Crash":null,"Location_At_Time_Of_Crash_Text_Format":null,"Safety_Equipment":null,"Safety_Equipment_Text_Format":null,"Safety_Equipment2":null,"Safety_Equipment2_Text_Format":null,"Non_motorist_Distracted_By":null,"Non_motorist_Distracted_By_Text_Format":null,"Seating_Position":11,"Seating_Position_Text_Format":"First Row, Left\u00A0Seat","Seating_Position_for_Bus":null,"City":"New Haven","Country":"UnitedStates","Driver_License_Jurisdiction":2,"Driver_License_Jurisdiction_Text_Format":"State","Drivers_License_Issued_By":"CT","Drivers_License_Class":4,"Commercial_License_Class":1,"Commercial_License_Class_Text_Format":"No","Transported_to_First_Medical_Facility_By":3,"Transported_to_First_Medical_Facility_By_Text_Format":"EMS Ground","Name_of_the_EMS_agency":"AMER MED RESPONSE","Name_of_the_Intended_Receiving_Facility":"YALE-NH HOSP","OBJECTID_1":45}},{"type":"Feature","id":46,"geometry":{"type":"Point","coordinates":[945015.58310647309,677304.64963513613]},"properties":{"OBJECTID":46,"CrashId":1154445,"Person_Type":3,"Person_Type_Text_Format":"Pedestrian","Injury_Status_Text_Format":"Fatal Injury (K)","Fatal_Case_Status":1,"Fatal_Case_Status_Text_Format":"Complete","CrashId_1":1154445,"CrashId_12":1154445,"Latitude":41.319774850000002,"Longitude":-72.950182249999997,"DOT_Case_Number":924091,"Town_Name":"New Haven","Town_Number":93,"Town_Number_1":93,"Town_Number_Text_Format":"New Haven","Date_Of_Crash":"2024-04-28","Year":2024,"Month":4,"Month_Text_Format":"April","Day":28,"Day_of_the_Week":1,"Day_of_the_Week_Text_Format":"Sunday","Time_of_Crash":"21:26:00","Hour_of_the_Day":21,"Case_Identifier":24017363,"Crash_Severity":"K","Crash_Severity_Text_Format":"Fatal (Kill)","Most_Severe_Injury":"K","Most_Severe_Injury_Text_Format":"Fatal Injury (K)","Number_Of_Motor_Vehicles":1,"Number_Of_Non_Motorist":1,"Number_Of_Witnesses":0,"Route_Class":3,"Route_Class_Text_Format":"State","Milemarker":2.9300000000000002,"Road_Number":10,"Road_Description":"10-N","Roadway_Name":"10-N","Intersecting_Roadway_Name":"BROWNELL ST","Landmark_Description":null,"Distance_From_Nearest_Landmark":null,"Unit_Of_Measure_From_Nearest_Landmark":null,"Direction_From_Nearest_Landmark":null,"Latitude_1":41.319774850000002,"Longitude_1":-72.950182249999997,"First_Harmful_Event":9,"First_Harmful_Event_Text_Format":"Pedestrian","Manner_of_Crash___Collision_Impact":88,"Manner_of_Crash___Collision_Impact_Text_Format":"Not Applicable","Location_of_First_Harmful_Event":1,"Location_of_First_Harmful_Event_Text_Format":"On Roadway","Weather_Condition":1,"Weather_Condition_Text_Format":"Clear","Weather_2":88,"Weather_2_Text_Format":"Not Applicable","Light_Condition":4,"Light_Condition_Text_Format":"Dark-Lighted","Road_Surface_Condition":1,"Road_Surface_Condition_Text_Format":"Dry","Contributing_Circumstances__Environment":0,"Contributing_Circumstances__Environment_Text_Format":"None","Environment_2":88,"Environment_2_Text_Format":"Not Applicable","Environment_3":88,"Environment_3_Text_Format":"Not Applicable","Contributing_Circumstances__Road":99,"Contributing_Circumstances__Road_Text_Format":"Unknown","Road_2":88,"Road_2_Text_Format":"Not Applicable","Road_3":88,"Road_3_Text_Format":"Not Applicable","Crash_Specific_Location":2,"Crash_Specific_Location_Text_Format":"Intersection","Type_of_Intersection":2,"Type_of_Intersection_Text_Format":"Four-Way Intersection","School_Bus_Related":1,"School_Bus_Related_Text_Format":"No","Work_Zone_Related":1,"Work_Zone_Related_Text_Format":"No","Location_Of_Crash_Relative_To_Work_Zone":88,"Location_Of_Crash_Relative_To_Work_Zone_Text_Format":"Not Applicable","Type_of_Work_Zone":88,"Type_of_Work_Zone_Text_Format":"Not Applicable","Worker_Presence":88,"Worker_Presence_Text_Format":"Not Applicable","Law_Enforcement_Presence":88,"Law_Enforcement_Presence_Text_Format":"Not Applicable","Were_Vehicles_Moved_Prior_To_Police_Arrival":"FALSE","Trafficway_Ownership":1,"Trafficway_Ownership_Text_Format":"Public Road","Trafficway_Class":1,"Trafficway_Class_Text_Format":"Trafficway, On Road","Police_Agency":"CT0009300","Police_Agency_Text_Format":"New Haven PD","Badge_Number":45398,"Approval_Date":"58:51.0","Police_Case_Status":"O","Police_Case_Status_Text_Format":"Open","Crash_Report_Submission_Date":"00:34.0","Related_Case_Identifiers":null,"No__of_Through_Lanes__Log_Dir__":2,"Average_Daily_Traffic":13100,"Functional_Classification":4,"Functional_Classification_Text_Format":"MINOR ARTERIAL - NEW HPMS","Rural_or_Urban":2,"Rural_or_Urban_Text_Format":"Urban","CrashSeverityClass":2,"SevereCrashIndicator":1,"CrashId_12_13":null,"VehicleId":null,"PersonId":2,"Age":70,"Gender":1,"Gender_Text_Format":"Male","State":"CT","Postal_Code":6511,"Injury_Status":"K","Condition_at_Time_of_Crash":99,"Condition_at_Time_of_Crash_Text_Format":"Unknown","Condition_at_Time_of_Crash2":null,"Condition_at_Time_of_Crash2_Text_Format":null,"Action_Taken_by_Officer":0,"Action_Taken_by_Officer_Text_Format":"None taken","Alcohol_Test_Status":1,"Alcohol_Test_Status_Text_Format":"Test Not Given","Type_Of_Alcohol_Test":88,"Type_Of_Alcohol_Test_Text_Format":"Not Applicable","Drug_Test_Status":1,"Drug_Test_Status_Text_Format":"Test Not Given","Type_Of_Drig_Test":88,"Type_Of_Drig_Test_Text_Format":"Not Applicable","Ejection_Status":null,"Ejection_Status_Text_Format":null,"Restraint_System":null,"Restraint_System_Text_Format":null,"Helmet_Use":null,"Helmet_Use_Text_Format":null,"Air_Bag_Status":null,"Air_Bag_Status_Text_Format":null,"Speeding_Related":null,"Speeding_Related_Text_Format":null,"Driver_Actions_1":null,"Driver_Actions_1_Text_Format":null,"Driver_Actions_2":null,"Driver_Actions_2_Text_Format":null,"Driver_Actions_3":null,"Driver_Actions_3_Text_Format":null,"Driver_Actions_4":null,"Driver_Actions_4_Text_Format":null,"Driver_Distracted_By":null,"Driver_Distracted_By_Text_Format":null,"Roadway_On_Which_Nonmotorist_Was_Traveling_Located":"WHALLEY AVE","Direction_nonmotorist_was_traveling":"E","Direction_Unknown":0,"Striking_Motor_Vehicle_ID":1,"Bicycle_ID":null,"Non_Motorist_Not_In_Roadway":0,"Actions_or_Circumstances_Prior_to_Crash":1,"Actions_or_Circumstances_Prior_to_Crash_Text_Format":"Crossing Roadway","To_or_From_School":99,"To_or_From_School_Text_Format":"Unknown","Actions_or_Circumstances_At_Time_Of_Crash":99,"Actions_or_Circumstances_At_Time_Of_Crash_Text_Format":"Unknown","Actions_or_Circumstances_At_Time_Of_Crash2":88,"Actions_or_Circumstances_At_Time_Of_Crash2_Text_Format":"Not Applicable","Location_At_Time_Of_Crash":1,"Location_At_Time_Of_Crash_Text_Format":"Intersection-Marked Crosswalk","Safety_Equipment":0,"Safety_Equipment_Text_Format":"None","Safety_Equipment2":88,"Safety_Equipment2_Text_Format":"Not Applicable","Non_motorist_Distracted_By":99,"Non_motorist_Distracted_By_Text_Format":"Unknown if Distracted","Seating_Position":null,"Seating_Position_Text_Format":null,"Seating_Position_for_Bus":null,"City":"New Haven","Country":"UnitedStates","Driver_License_Jurisdiction":null,"Driver_License_Jurisdiction_Text_Format":null,"Drivers_License_Issued_By":"CT","Drivers_License_Class":null,"Commercial_License_Class":null,"Commercial_License_Class_Text_Format":null,"Transported_to_First_Medical_Facility_By":3,"Transported_to_First_Medical_Facility_By_Text_Format":"EMS Ground","Name_of_the_EMS_agency":"AMER MED RESPONSE","Name_of_the_Intended_Receiving_Facility":"YALE-NH HOSP","OBJECTID_1":46}},{"type":"Feature","id":47,"geometry":{"type":"Point","coordinates":[963925.32383021712,678731.3974378109]},"properties":{"OBJECTID":47,"CrashId":1159351,"Person_Type":1,"Person_Type_Text_Format":"Driver","Injury_Status_Text_Format":"Fatal Injury (K)","Fatal_Case_Status":1,"Fatal_Case_Status_Text_Format":"Complete","CrashId_1":1159351,"CrashId_12":1159351,"Latitude":41.323763999999997,"Longitude":-72.881360999999998,"DOT_Case_Number":924103,"Town_Name":"New Haven","Town_Number":93,"Town_Number_1":93,"Town_Number_Text_Format":"New Haven","Date_Of_Crash":"2024-05-18","Year":2024,"Month":5,"Month_Text_Format":"May","Day":18,"Day_of_the_Week":7,"Day_of_the_Week_Text_Format":"Saturday","Time_of_Crash":"3:29:00","Hour_of_the_Day":3,"Case_Identifier":24020124,"Crash_Severity":"K","Crash_Severity_Text_Format":"Fatal (Kill)","Most_Severe_Injury":"K","Most_Severe_Injury_Text_Format":"Fatal Injury (K)","Number_Of_Motor_Vehicles":2,"Number_Of_Non_Motorist":0,"Number_Of_Witnesses":2,"Route_Class":3,"Route_Class_Text_Format":"State","Milemarker":0.01,"Road_Number":17,"Road_Description":"80-W","Roadway_Name":"RT 80","Intersecting_Roadway_Name":null,"Landmark_Description":"17-N","Distance_From_Nearest_Landmark":30,"Unit_Of_Measure_From_Nearest_Landmark":"Feet","Direction_From_Nearest_Landmark":"E","Latitude_1":41.323763999999997,"Longitude_1":-72.881360999999998,"First_Harmful_Event":28,"First_Harmful_Event_Text_Format":"Guardrail Face","Manner_of_Crash___Collision_Impact":88,"Manner_of_Crash___Collision_Impact_Text_Format":"Not Applicable","Location_of_First_Harmful_Event":1,"Location_of_First_Harmful_Event_Text_Format":"On Roadway","Weather_Condition":1,"Weather_Condition_Text_Format":"Clear","Weather_2":88,"Weather_2_Text_Format":"Not Applicable","Light_Condition":4,"Light_Condition_Text_Format":"Dark-Lighted","Road_Surface_Condition":1,"Road_Surface_Condition_Text_Format":"Dry","Contributing_Circumstances__Environment":0,"Contributing_Circumstances__Environment_Text_Format":"None","Environment_2":88,"Environment_2_Text_Format":"Not Applicable","Environment_3":88,"Environment_3_Text_Format":"Not Applicable","Contributing_Circumstances__Road":0,"Contributing_Circumstances__Road_Text_Format":"None","Road_2":88,"Road_2_Text_Format":"Not Applicable","Road_3":88,"Road_3_Text_Format":"Not Applicable","Crash_Specific_Location":3,"Crash_Specific_Location_Text_Format":"Intersection-Related","Type_of_Intersection":2,"Type_of_Intersection_Text_Format":"Four-Way Intersection","School_Bus_Related":1,"School_Bus_Related_Text_Format":"No","Work_Zone_Related":1,"Work_Zone_Related_Text_Format":"No","Location_Of_Crash_Relative_To_Work_Zone":88,"Location_Of_Crash_Relative_To_Work_Zone_Text_Format":"Not Applicable","Type_of_Work_Zone":88,"Type_of_Work_Zone_Text_Format":"Not Applicable","Worker_Presence":88,"Worker_Presence_Text_Format":"Not Applicable","Law_Enforcement_Presence":88,"Law_Enforcement_Presence_Text_Format":"Not Applicable","Were_Vehicles_Moved_Prior_To_Police_Arrival":"FALSE","Trafficway_Ownership":1,"Trafficway_Ownership_Text_Format":"Public Road","Trafficway_Class":1,"Trafficway_Class_Text_Format":"Trafficway, On Road","Police_Agency":"CT0009300","Police_Agency_Text_Format":"New Haven PD","Badge_Number":42055,"Approval_Date":"31:17.0","Police_Case_Status":"O","Police_Case_Status_Text_Format":"Open","Crash_Report_Submission_Date":"01:56.0","Related_Case_Identifiers":null,"No__of_Through_Lanes__Log_Dir__":null,"Average_Daily_Traffic":null,"Functional_Classification":null,"Functional_Classification_Text_Format":null,"Rural_or_Urban":null,"Rural_or_Urban_Text_Format":null,"CrashSeverityClass":2,"SevereCrashIndicator":1,"CrashId_12_13":null,"VehicleId":1,"PersonId":1,"Age":20,"Gender":1,"Gender_Text_Format":"Male","State":"CT","Postal_Code":6053,"Injury_Status":"K","Condition_at_Time_of_Crash":99,"Condition_at_Time_of_Crash_Text_Format":"Unknown","Condition_at_Time_of_Crash2":null,"Condition_at_Time_of_Crash2_Text_Format":null,"Action_Taken_by_Officer":0,"Action_Taken_by_Officer_Text_Format":"None taken","Alcohol_Test_Status":1,"Alcohol_Test_Status_Text_Format":"Test Not Given","Type_Of_Alcohol_Test":88,"Type_Of_Alcohol_Test_Text_Format":"Not Applicable","Drug_Test_Status":1,"Drug_Test_Status_Text_Format":"Test Not Given","Type_Of_Drig_Test":88,"Type_Of_Drig_Test_Text_Format":"Not Applicable","Ejection_Status":1,"Ejection_Status_Text_Format":"Not Ejected","Restraint_System":99,"Restraint_System_Text_Format":"Unknown","Helmet_Use":88,"Helmet_Use_Text_Format":"Not Applicable","Air_Bag_Status":99,"Air_Bag_Status_Text_Format":"Unknown","Speeding_Related":3,"Speeding_Related_Text_Format":"Exceeded Speed Limit","Driver_Actions_1":4,"Driver_Actions_1_Text_Format":"Ran Red Light","Driver_Actions_2":88,"Driver_Actions_2_Text_Format":"Not Applicable","Driver_Actions_3":88,"Driver_Actions_3_Text_Format":"Not Applicable","Driver_Actions_4":88,"Driver_Actions_4_Text_Format":"Not Applicable","Driver_Distracted_By":99,"Driver_Distracted_By_Text_Format":"Unknown if Distracted","Roadway_On_Which_Nonmotorist_Was_Traveling_Located":null,"Direction_nonmotorist_was_traveling":null,"Direction_Unknown":null,"Striking_Motor_Vehicle_ID":null,"Bicycle_ID":null,"Non_Motorist_Not_In_Roadway":null,"Actions_or_Circumstances_Prior_to_Crash":null,"Actions_or_Circumstances_Prior_to_Crash_Text_Format":null,"To_or_From_School":null,"To_or_From_School_Text_Format":null,"Actions_or_Circumstances_At_Time_Of_Crash":null,"Actions_or_Circumstances_At_Time_Of_Crash_Text_Format":null,"Actions_or_Circumstances_At_Time_Of_Crash2":null,"Actions_or_Circumstances_At_Time_Of_Crash2_Text_Format":null,"Location_At_Time_Of_Crash":null,"Location_At_Time_Of_Crash_Text_Format":null,"Safety_Equipment":null,"Safety_Equipment_Text_Format":null,"Safety_Equipment2":null,"Safety_Equipment2_Text_Format":null,"Non_motorist_Distracted_By":null,"Non_motorist_Distracted_By_Text_Format":null,"Seating_Position":11,"Seating_Position_Text_Format":"First Row, Left\u00A0Seat","Seating_Position_for_Bus":null,"City":"NEW BRITAIN","Country":"UnitedStates","Driver_License_Jurisdiction":2,"Driver_License_Jurisdiction_Text_Format":"State","Drivers_License_Issued_By":"CT","Drivers_License_Class":4,"Commercial_License_Class":1,"Commercial_License_Class_Text_Format":"No","Transported_to_First_Medical_Facility_By":3,"Transported_to_First_Medical_Facility_By_Text_Format":"EMS Ground","Name_of_the_EMS_agency":"AMER MED RESPONSE","Name_of_the_Intended_Receiving_Facility":"YALE-NH HOSP","OBJECTID_1":47}},{"type":"Feature","id":48,"geometry":{"type":"Point","coordinates":[959753.10415630043,678196.28925606608]},"properties":{"OBJECTID":48,"CrashId":1216278,"Person_Type":3,"Person_Type_Text_Format":"Pedestrian","Injury_Status_Text_Format":"Fatal Injury (K)","Fatal_Case_Status":1,"Fatal_Case_Status_Text_Format":"Complete","CrashId_1":1216278,"CrashId_12":1216278,"Latitude":41.322312009999997,"Longitude":-72.896516770000005,"DOT_Case_Number":924277,"Town_Name":"New Haven","Town_Number":93,"Town_Number_1":93,"Town_Number_Text_Format":"New Haven","Date_Of_Crash":"2024-11-10","Year":2024,"Month":11,"Month_Text_Format":"November","Day":10,"Day_of_the_Week":1,"Day_of_the_Week_Text_Format":"Sunday","Time_of_Crash":"2:18:00","Hour_of_the_Day":2,"Case_Identifier":24045821,"Crash_Severity":"K","Crash_Severity_Text_Format":"Fatal (Kill)","Most_Severe_Injury":"K","Most_Severe_Injury_Text_Format":"Fatal Injury (K)","Number_Of_Motor_Vehicles":1,"Number_Of_Non_Motorist":1,"Number_Of_Witnesses":1,"Route_Class":2,"Route_Class_Text_Format":"USRoute","Milemarker":0.59999999999999998,"Road_Number":5,"Road_Description":"5-N","Roadway_Name":"5-N","Intersecting_Roadway_Name":null,"Landmark_Description":"ROCK ST","Distance_From_Nearest_Landmark":1,"Unit_Of_Measure_From_Nearest_Landmark":"TenthsofMile","Direction_From_Nearest_Landmark":"N","Latitude_1":41.322312009999997,"Longitude_1":-72.896516770000005,"First_Harmful_Event":9,"First_Harmful_Event_Text_Format":"Pedestrian","Manner_of_Crash___Collision_Impact":88,"Manner_of_Crash___Collision_Impact_Text_Format":"Not Applicable","Location_of_First_Harmful_Event":1,"Location_of_First_Harmful_Event_Text_Format":"On Roadway","Weather_Condition":1,"Weather_Condition_Text_Format":"Clear","Weather_2":88,"Weather_2_Text_Format":"Not Applicable","Light_Condition":4,"Light_Condition_Text_Format":"Dark-Lighted","Road_Surface_Condition":1,"Road_Surface_Condition_Text_Format":"Dry","Contributing_Circumstances__Environment":0,"Contributing_Circumstances__Environment_Text_Format":"None","Environment_2":88,"Environment_2_Text_Format":"Not Applicable","Environment_3":88,"Environment_3_Text_Format":"Not Applicable","Contributing_Circumstances__Road":0,"Contributing_Circumstances__Road_Text_Format":"None","Road_2":88,"Road_2_Text_Format":"Not Applicable","Road_3":88,"Road_3_Text_Format":"Not Applicable","Crash_Specific_Location":1,"Crash_Specific_Location_Text_Format":"Non-Junction","Type_of_Intersection":1,"Type_of_Intersection_Text_Format":"Not at Intersection","School_Bus_Related":1,"School_Bus_Related_Text_Format":"No","Work_Zone_Related":1,"Work_Zone_Related_Text_Format":"No","Location_Of_Crash_Relative_To_Work_Zone":88,"Location_Of_Crash_Relative_To_Work_Zone_Text_Format":"Not Applicable","Type_of_Work_Zone":88,"Type_of_Work_Zone_Text_Format":"Not Applicable","Worker_Presence":88,"Worker_Presence_Text_Format":"Not Applicable","Law_Enforcement_Presence":88,"Law_Enforcement_Presence_Text_Format":"Not Applicable","Were_Vehicles_Moved_Prior_To_Police_Arrival":"TRUE","Trafficway_Ownership":1,"Trafficway_Ownership_Text_Format":"Public Road","Trafficway_Class":1,"Trafficway_Class_Text_Format":"Trafficway, On Road","Police_Agency":"CT0009300","Police_Agency_Text_Format":"New Haven PD","Badge_Number":46898,"Approval_Date":"50:03.0","Police_Case_Status":"O","Police_Case_Status_Text_Format":"Open","Crash_Report_Submission_Date":"01:14.0","Related_Case_Identifiers":null,"No__of_Through_Lanes__Log_Dir__":2,"Average_Daily_Traffic":17300,"Functional_Classification":4,"Functional_Classification_Text_Format":"MINOR ARTERIAL - NEW HPMS","Rural_or_Urban":2,"Rural_or_Urban_Text_Format":"Urban","CrashSeverityClass":2,"SevereCrashIndicator":1,"CrashId_12_13":null,"VehicleId":null,"PersonId":2,"Age":41,"Gender":1,"Gender_Text_Format":"Male","State":"CT","Postal_Code":null,"Injury_Status":"K","Condition_at_Time_of_Crash":99,"Condition_at_Time_of_Crash_Text_Format":"Unknown","Condition_at_Time_of_Crash2":null,"Condition_at_Time_of_Crash2_Text_Format":null,"Action_Taken_by_Officer":0,"Action_Taken_by_Officer_Text_Format":"None taken","Alcohol_Test_Status":1,"Alcohol_Test_Status_Text_Format":"Test Not Given","Type_Of_Alcohol_Test":88,"Type_Of_Alcohol_Test_Text_Format":"Not Applicable","Drug_Test_Status":1,"Drug_Test_Status_Text_Format":"Test Not Given","Type_Of_Drig_Test":88,"Type_Of_Drig_Test_Text_Format":"Not Applicable","Ejection_Status":null,"Ejection_Status_Text_Format":null,"Restraint_System":null,"Restraint_System_Text_Format":null,"Helmet_Use":null,"Helmet_Use_Text_Format":null,"Air_Bag_Status":null,"Air_Bag_Status_Text_Format":null,"Speeding_Related":null,"Speeding_Related_Text_Format":null,"Driver_Actions_1":null,"Driver_Actions_1_Text_Format":null,"Driver_Actions_2":null,"Driver_Actions_2_Text_Format":null,"Driver_Actions_3":null,"Driver_Actions_3_Text_Format":null,"Driver_Actions_4":null,"Driver_Actions_4_Text_Format":null,"Driver_Distracted_By":null,"Driver_Distracted_By_Text_Format":null,"Roadway_On_Which_Nonmotorist_Was_Traveling_Located":"STATE ST","Direction_nonmotorist_was_traveling":null,"Direction_Unknown":1,"Striking_Motor_Vehicle_ID":1,"Bicycle_ID":null,"Non_Motorist_Not_In_Roadway":0,"Actions_or_Circumstances_Prior_to_Crash":1,"Actions_or_Circumstances_Prior_to_Crash_Text_Format":"Crossing Roadway","To_or_From_School":1,"To_or_From_School_Text_Format":"No","Actions_or_Circumstances_At_Time_Of_Crash":99,"Actions_or_Circumstances_At_Time_Of_Crash_Text_Format":"Unknown","Actions_or_Circumstances_At_Time_Of_Crash2":88,"Actions_or_Circumstances_At_Time_Of_Crash2_Text_Format":"Not Applicable","Location_At_Time_Of_Crash":5,"Location_At_Time_Of_Crash_Text_Format":"Travel Lane-Other Location","Safety_Equipment":0,"Safety_Equipment_Text_Format":"None","Safety_Equipment2":88,"Safety_Equipment2_Text_Format":"Not Applicable","Non_motorist_Distracted_By":99,"Non_motorist_Distracted_By_Text_Format":"Unknown if Distracted","Seating_Position":null,"Seating_Position_Text_Format":null,"Seating_Position_for_Bus":null,"City":"New Haven","Country":"UnitedStates","Driver_License_Jurisdiction":null,"Driver_License_Jurisdiction_Text_Format":null,"Drivers_License_Issued_By":null,"Drivers_License_Class":null,"Commercial_License_Class":null,"Commercial_License_Class_Text_Format":null,"Transported_to_First_Medical_Facility_By":1,"Transported_to_First_Medical_Facility_By_Text_Format":"Not Transported","Name_of_the_EMS_agency":null,"Name_of_the_Intended_Receiving_Facility":null,"OBJECTID_1":48}},{"type":"Feature","id":49,"geometry":{"type":"Point","coordinates":[964172.88731147349,679400.45679523051]},"properties":{"OBJECTID":49,"CrashId":1225238,"Person_Type":2,"Person_Type_Text_Format":"Passenger","Injury_Status_Text_Format":"Fatal Injury (K)","Fatal_Case_Status":1,"Fatal_Case_Status_Text_Format":"Complete","CrashId_1":1225238,"CrashId_12":1225238,"Latitude":41.325636179999997,"Longitude":-72.880434059999999,"DOT_Case_Number":924172,"Town_Name":"New Haven","Town_Number":93,"Town_Number_1":93,"Town_Number_Text_Format":"New Haven","Date_Of_Crash":"2024-07-27","Year":2024,"Month":7,"Month_Text_Format":"July","Day":27,"Day_of_the_Week":7,"Day_of_the_Week_Text_Format":"Saturday","Time_of_Crash":"1:52:00","Hour_of_the_Day":1,"Case_Identifier":24030633,"Crash_Severity":"K","Crash_Severity_Text_Format":"Fatal (Kill)","Most_Severe_Injury":"K","Most_Severe_Injury_Text_Format":"Fatal Injury (K)","Number_Of_Motor_Vehicles":3,"Number_Of_Non_Motorist":0,"Number_Of_Witnesses":1,"Route_Class":3,"Route_Class_Text_Format":"State","Milemarker":0.35999999999999999,"Road_Number":17,"Road_Description":"17-N","Roadway_Name":"17-N","Intersecting_Roadway_Name":null,"Landmark_Description":"BARNES AVENUE","Distance_From_Nearest_Landmark":515,"Unit_Of_Measure_From_Nearest_Landmark":"Feet","Direction_From_Nearest_Landmark":"S","Latitude_1":41.325636179999997,"Longitude_1":-72.880434059999999,"First_Harmful_Event":14,"First_Harmful_Event_Text_Format":"Motor Vehicle in Operation","Manner_of_Crash___Collision_Impact":2,"Manner_of_Crash___Collision_Impact_Text_Format":"Front to front","Location_of_First_Harmful_Event":1,"Location_of_First_Harmful_Event_Text_Format":"On Roadway","Weather_Condition":1,"Weather_Condition_Text_Format":"Clear","Weather_2":88,"Weather_2_Text_Format":"Not Applicable","Light_Condition":5,"Light_Condition_Text_Format":"Dark-Not Lighted","Road_Surface_Condition":1,"Road_Surface_Condition_Text_Format":"Dry","Contributing_Circumstances__Environment":0,"Contributing_Circumstances__Environment_Text_Format":"None","Environment_2":88,"Environment_2_Text_Format":"Not Applicable","Environment_3":88,"Environment_3_Text_Format":"Not Applicable","Contributing_Circumstances__Road":0,"Contributing_Circumstances__Road_Text_Format":"None","Road_2":88,"Road_2_Text_Format":"Not Applicable","Road_3":88,"Road_3_Text_Format":"Not Applicable","Crash_Specific_Location":1,"Crash_Specific_Location_Text_Format":"Non-Junction","Type_of_Intersection":1,"Type_of_Intersection_Text_Format":"Not at Intersection","School_Bus_Related":1,"School_Bus_Related_Text_Format":"No","Work_Zone_Related":1,"Work_Zone_Related_Text_Format":"No","Location_Of_Crash_Relative_To_Work_Zone":88,"Location_Of_Crash_Relative_To_Work_Zone_Text_Format":"Not Applicable","Type_of_Work_Zone":88,"Type_of_Work_Zone_Text_Format":"Not Applicable","Worker_Presence":88,"Worker_Presence_Text_Format":"Not Applicable","Law_Enforcement_Presence":88,"Law_Enforcement_Presence_Text_Format":"Not Applicable","Were_Vehicles_Moved_Prior_To_Police_Arrival":"FALSE","Trafficway_Ownership":1,"Trafficway_Ownership_Text_Format":"Public Road","Trafficway_Class":1,"Trafficway_Class_Text_Format":"Trafficway, On Road","Police_Agency":"CT0009300","Police_Agency_Text_Format":"New Haven PD","Badge_Number":44947,"Approval_Date":"04:00.0","Police_Case_Status":"O","Police_Case_Status_Text_Format":"Open","Crash_Report_Submission_Date":"01:41.0","Related_Case_Identifiers":null,"No__of_Through_Lanes__Log_Dir__":null,"Average_Daily_Traffic":null,"Functional_Classification":null,"Functional_Classification_Text_Format":null,"Rural_or_Urban":null,"Rural_or_Urban_Text_Format":null,"CrashSeverityClass":2,"SevereCrashIndicator":1,"CrashId_12_13":1225238,"VehicleId":3,"PersonId":6,"Age":19,"Gender":2,"Gender_Text_Format":"Female","State":"CT","Postal_Code":null,"Injury_Status":"K","Condition_at_Time_of_Crash":null,"Condition_at_Time_of_Crash_Text_Format":null,"Condition_at_Time_of_Crash2":null,"Condition_at_Time_of_Crash2_Text_Format":null,"Action_Taken_by_Officer":null,"Action_Taken_by_Officer_Text_Format":null,"Alcohol_Test_Status":null,"Alcohol_Test_Status_Text_Format":null,"Type_Of_Alcohol_Test":null,"Type_Of_Alcohol_Test_Text_Format":null,"Drug_Test_Status":null,"Drug_Test_Status_Text_Format":null,"Type_Of_Drig_Test":null,"Type_Of_Drig_Test_Text_Format":null,"Ejection_Status":1,"Ejection_Status_Text_Format":"Not Ejected","Restraint_System":99,"Restraint_System_Text_Format":"Unknown","Helmet_Use":88,"Helmet_Use_Text_Format":"Not Applicable","Air_Bag_Status":6,"Air_Bag_Status_Text_Format":"Deployed-Combination","Speeding_Related":null,"Speeding_Related_Text_Format":null,"Driver_Actions_1":null,"Driver_Actions_1_Text_Format":null,"Driver_Actions_2":null,"Driver_Actions_2_Text_Format":null,"Driver_Actions_3":null,"Driver_Actions_3_Text_Format":null,"Driver_Actions_4":null,"Driver_Actions_4_Text_Format":null,"Driver_Distracted_By":null,"Driver_Distracted_By_Text_Format":null,"Roadway_On_Which_Nonmotorist_Was_Traveling_Located":null,"Direction_nonmotorist_was_traveling":null,"Direction_Unknown":null,"Striking_Motor_Vehicle_ID":null,"Bicycle_ID":null,"Non_Motorist_Not_In_Roadway":null,"Actions_or_Circumstances_Prior_to_Crash":null,"Actions_or_Circumstances_Prior_to_Crash_Text_Format":null,"To_or_From_School":null,"To_or_From_School_Text_Format":null,"Actions_or_Circumstances_At_Time_Of_Crash":null,"Actions_or_Circumstances_At_Time_Of_Crash_Text_Format":null,"Actions_or_Circumstances_At_Time_Of_Crash2":null,"Actions_or_Circumstances_At_Time_Of_Crash2_Text_Format":null,"Location_At_Time_Of_Crash":null,"Location_At_Time_Of_Crash_Text_Format":null,"Safety_Equipment":null,"Safety_Equipment_Text_Format":null,"Safety_Equipment2":null,"Safety_Equipment2_Text_Format":null,"Non_motorist_Distracted_By":null,"Non_motorist_Distracted_By_Text_Format":null,"Seating_Position":13,"Seating_Position_Text_Format":"First Row, Right Seat","Seating_Position_for_Bus":null,"City":"West Haven","Country":"UnitedStates","Driver_License_Jurisdiction":null,"Driver_License_Jurisdiction_Text_Format":null,"Drivers_License_Issued_By":null,"Drivers_License_Class":null,"Commercial_License_Class":null,"Commercial_License_Class_Text_Format":null,"Transported_to_First_Medical_Facility_By":3,"Transported_to_First_Medical_Facility_By_Text_Format":"EMS Ground","Name_of_the_EMS_agency":"AMER MED RESPONSE","Name_of_the_Intended_Receiving_Facility":"YALE-NH HOSP","OBJECTID_1":50}},{"type":"Feature","id":50,"geometry":{"type":"Point","coordinates":[947411.79616180062,666791.31239414215]},"properties":{"OBJECTID":50,"CrashId":1252482,"Person_Type":3,"Person_Type_Text_Format":"Pedestrian","Injury_Status_Text_Format":"Fatal Injury (K)","Fatal_Case_Status":1,"Fatal_Case_Status_Text_Format":"Complete","CrashId_1":1252482,"CrashId_12":1252482,"Latitude":41.290967260000002,"Longitude":-72.941404559999995,"DOT_Case_Number":924020,"Town_Name":"New Haven","Town_Number":93,"Town_Number_1":93,"Town_Number_Text_Format":"New Haven","Date_Of_Crash":"2024-01-28","Year":2024,"Month":1,"Month_Text_Format":"January","Day":28,"Day_of_the_Week":1,"Day_of_the_Week_Text_Format":"Sunday","Time_of_Crash":"1:28:00","Hour_of_the_Day":1,"Case_Identifier":24003940,"Crash_Severity":"K","Crash_Severity_Text_Format":"Fatal (Kill)","Most_Severe_Injury":"K","Most_Severe_Injury_Text_Format":"Fatal Injury (K)","Number_Of_Motor_Vehicles":1,"Number_Of_Non_Motorist":1,"Number_Of_Witnesses":1,"Route_Class":3,"Route_Class_Text_Format":"State","Milemarker":0.69999999999999996,"Road_Number":10,"Road_Description":"10-N","Roadway_Name":"10-N","Intersecting_Roadway_Name":"WASHINGTON AV NO 1","Landmark_Description":null,"Distance_From_Nearest_Landmark":null,"Unit_Of_Measure_From_Nearest_Landmark":null,"Direction_From_Nearest_Landmark":null,"Latitude_1":41.290967260000002,"Longitude_1":-72.941404559999995,"First_Harmful_Event":9,"First_Harmful_Event_Text_Format":"Pedestrian","Manner_of_Crash___Collision_Impact":88,"Manner_of_Crash___Collision_Impact_Text_Format":"Not Applicable","Location_of_First_Harmful_Event":1,"Location_of_First_Harmful_Event_Text_Format":"On Roadway","Weather_Condition":1,"Weather_Condition_Text_Format":"Clear","Weather_2":88,"Weather_2_Text_Format":"Not Applicable","Light_Condition":4,"Light_Condition_Text_Format":"Dark-Lighted","Road_Surface_Condition":1,"Road_Surface_Condition_Text_Format":"Dry","Contributing_Circumstances__Environment":0,"Contributing_Circumstances__Environment_Text_Format":"None","Environment_2":88,"Environment_2_Text_Format":"Not Applicable","Environment_3":88,"Environment_3_Text_Format":"Not Applicable","Contributing_Circumstances__Road":0,"Contributing_Circumstances__Road_Text_Format":"None","Road_2":88,"Road_2_Text_Format":"Not Applicable","Road_3":88,"Road_3_Text_Format":"Not Applicable","Crash_Specific_Location":2,"Crash_Specific_Location_Text_Format":"Intersection","Type_of_Intersection":2,"Type_of_Intersection_Text_Format":"Four-Way Intersection","School_Bus_Related":1,"School_Bus_Related_Text_Format":"No","Work_Zone_Related":1,"Work_Zone_Related_Text_Format":"No","Location_Of_Crash_Relative_To_Work_Zone":88,"Location_Of_Crash_Relative_To_Work_Zone_Text_Format":"Not Applicable","Type_of_Work_Zone":88,"Type_of_Work_Zone_Text_Format":"Not Applicable","Worker_Presence":88,"Worker_Presence_Text_Format":"Not Applicable","Law_Enforcement_Presence":88,"Law_Enforcement_Presence_Text_Format":"Not Applicable","Were_Vehicles_Moved_Prior_To_Police_Arrival":"FALSE","Trafficway_Ownership":1,"Trafficway_Ownership_Text_Format":"Public Road","Trafficway_Class":1,"Trafficway_Class_Text_Format":"Trafficway, On Road","Police_Agency":"CT0009300","Police_Agency_Text_Format":"New Haven PD","Badge_Number":44952,"Approval_Date":"29:09.0","Police_Case_Status":"C","Police_Case_Status_Text_Format":"Closed","Crash_Report_Submission_Date":"00:20.0","Related_Case_Identifiers":null,"No__of_Through_Lanes__Log_Dir__":null,"Average_Daily_Traffic":null,"Functional_Classification":null,"Functional_Classification_Text_Format":null,"Rural_or_Urban":null,"Rural_or_Urban_Text_Format":null,"CrashSeverityClass":2,"SevereCrashIndicator":1,"CrashId_12_13":null,"VehicleId":null,"PersonId":2,"Age":70,"Gender":1,"Gender_Text_Format":"Male","State":"CT","Postal_Code":null,"Injury_Status":"K","Condition_at_Time_of_Crash":97,"Condition_at_Time_of_Crash_Text_Format":"Other","Condition_at_Time_of_Crash2":null,"Condition_at_Time_of_Crash2_Text_Format":null,"Action_Taken_by_Officer":0,"Action_Taken_by_Officer_Text_Format":"None taken","Alcohol_Test_Status":1,"Alcohol_Test_Status_Text_Format":"Test Not Given","Type_Of_Alcohol_Test":88,"Type_Of_Alcohol_Test_Text_Format":"Not Applicable","Drug_Test_Status":1,"Drug_Test_Status_Text_Format":"Test Not Given","Type_Of_Drig_Test":88,"Type_Of_Drig_Test_Text_Format":"Not Applicable","Ejection_Status":null,"Ejection_Status_Text_Format":null,"Restraint_System":null,"Restraint_System_Text_Format":null,"Helmet_Use":null,"Helmet_Use_Text_Format":null,"Air_Bag_Status":null,"Air_Bag_Status_Text_Format":null,"Speeding_Related":null,"Speeding_Related_Text_Format":null,"Driver_Actions_1":null,"Driver_Actions_1_Text_Format":null,"Driver_Actions_2":null,"Driver_Actions_2_Text_Format":null,"Driver_Actions_3":null,"Driver_Actions_3_Text_Format":null,"Driver_Actions_4":null,"Driver_Actions_4_Text_Format":null,"Driver_Distracted_By":null,"Driver_Distracted_By_Text_Format":null,"Roadway_On_Which_Nonmotorist_Was_Traveling_Located":"ELLA T GRASSO BLVD","Direction_nonmotorist_was_traveling":"W","Direction_Unknown":0,"Striking_Motor_Vehicle_ID":1,"Bicycle_ID":null,"Non_Motorist_Not_In_Roadway":0,"Actions_or_Circumstances_Prior_to_Crash":1,"Actions_or_Circumstances_Prior_to_Crash_Text_Format":"Crossing Roadway","To_or_From_School":1,"To_or_From_School_Text_Format":"No","Actions_or_Circumstances_At_Time_Of_Crash":3,"Actions_or_Circumstances_At_Time_Of_Crash_Text_Format":"Failure to Yield Right-Of-Way","Actions_or_Circumstances_At_Time_Of_Crash2":88,"Actions_or_Circumstances_At_Time_Of_Crash2_Text_Format":"Not Applicable","Location_At_Time_Of_Crash":3,"Location_At_Time_Of_Crash_Text_Format":"Intersection – Other","Safety_Equipment":99,"Safety_Equipment_Text_Format":"Unknown","Safety_Equipment2":88,"Safety_Equipment2_Text_Format":"Not Applicable","Non_motorist_Distracted_By":99,"Non_motorist_Distracted_By_Text_Format":"Unknown if Distracted","Seating_Position":null,"Seating_Position_Text_Format":null,"Seating_Position_for_Bus":null,"City":"New Haven","Country":"UnitedStates","Driver_License_Jurisdiction":null,"Driver_License_Jurisdiction_Text_Format":null,"Drivers_License_Issued_By":null,"Drivers_License_Class":null,"Commercial_License_Class":null,"Commercial_License_Class_Text_Format":null,"Transported_to_First_Medical_Facility_By":1,"Transported_to_First_Medical_Facility_By_Text_Format":"Not Transported","Name_of_the_EMS_agency":null,"Name_of_the_Intended_Receiving_Facility":null,"OBJECTID_1":51}},{"type":"Feature","id":51,"geometry":{"type":"Point","coordinates":[952841.74625988305,671660.72227472067]},"properties":{"OBJECTID":51,"CrashId":1261207,"Person_Type":1,"Person_Type_Text_Format":"Driver","Injury_Status_Text_Format":"Fatal Injury (K)","Fatal_Case_Status":1,"Fatal_Case_Status_Text_Format":"Complete","CrashId_1":1261207,"CrashId_12":1261207,"Latitude":41.304327000000001,"Longitude":-72.921679999999995,"DOT_Case_Number":925050,"Town_Name":"New Haven","Town_Number":93,"Town_Number_1":93,"Town_Number_Text_Format":"New Haven","Date_Of_Crash":"2025-03-29","Year":2025,"Month":3,"Month_Text_Format":"March","Day":29,"Day_of_the_Week":7,"Day_of_the_Week_Text_Format":"Saturday","Time_of_Crash":"14:29:00","Hour_of_the_Day":14,"Case_Identifier":25012442,"Crash_Severity":"K","Crash_Severity_Text_Format":"Fatal (Kill)","Most_Severe_Injury":"K","Most_Severe_Injury_Text_Format":"Fatal Injury (K)","Number_Of_Motor_Vehicles":2,"Number_Of_Non_Motorist":0,"Number_Of_Witnesses":2,"Route_Class":4,"Route_Class_Text_Format":"Local","Milemarker":1.52,"Road_Number":97,"Road_Description":"CHAPEL ST","Roadway_Name":"CHAPEL ST","Intersecting_Roadway_Name":"UNION ST","Landmark_Description":null,"Distance_From_Nearest_Landmark":null,"Unit_Of_Measure_From_Nearest_Landmark":null,"Direction_From_Nearest_Landmark":null,"Latitude_1":41.304327000000001,"Longitude_1":-72.921679999999995,"First_Harmful_Event":14,"First_Harmful_Event_Text_Format":"Motor Vehicle in Operation","Manner_of_Crash___Collision_Impact":3,"Manner_of_Crash___Collision_Impact_Text_Format":"Angle","Location_of_First_Harmful_Event":1,"Location_of_First_Harmful_Event_Text_Format":"On Roadway","Weather_Condition":2,"Weather_Condition_Text_Format":"Cloudy","Weather_2":88,"Weather_2_Text_Format":"Not Applicable","Light_Condition":1,"Light_Condition_Text_Format":"Daylight","Road_Surface_Condition":1,"Road_Surface_Condition_Text_Format":"Dry","Contributing_Circumstances__Environment":0,"Contributing_Circumstances__Environment_Text_Format":"None","Environment_2":88,"Environment_2_Text_Format":"Not Applicable","Environment_3":88,"Environment_3_Text_Format":"Not Applicable","Contributing_Circumstances__Road":0,"Contributing_Circumstances__Road_Text_Format":"None","Road_2":88,"Road_2_Text_Format":"Not Applicable","Road_3":88,"Road_3_Text_Format":"Not Applicable","Crash_Specific_Location":2,"Crash_Specific_Location_Text_Format":"Intersection","Type_of_Intersection":3,"Type_of_Intersection_Text_Format":"T-Intersection","School_Bus_Related":1,"School_Bus_Related_Text_Format":"No","Work_Zone_Related":1,"Work_Zone_Related_Text_Format":"No","Location_Of_Crash_Relative_To_Work_Zone":88,"Location_Of_Crash_Relative_To_Work_Zone_Text_Format":"Not Applicable","Type_of_Work_Zone":88,"Type_of_Work_Zone_Text_Format":"Not Applicable","Worker_Presence":88,"Worker_Presence_Text_Format":"Not Applicable","Law_Enforcement_Presence":88,"Law_Enforcement_Presence_Text_Format":"Not Applicable","Were_Vehicles_Moved_Prior_To_Police_Arrival":"FALSE","Trafficway_Ownership":1,"Trafficway_Ownership_Text_Format":"Public Road","Trafficway_Class":1,"Trafficway_Class_Text_Format":"Trafficway, On Road","Police_Agency":"CT0009300","Police_Agency_Text_Format":"New Haven PD","Badge_Number":46624,"Approval_Date":"45:46.0","Police_Case_Status":"C","Police_Case_Status_Text_Format":"Closed","Crash_Report_Submission_Date":"03:56.0","Related_Case_Identifiers":null,"No__of_Through_Lanes__Log_Dir__":null,"Average_Daily_Traffic":null,"Functional_Classification":null,"Functional_Classification_Text_Format":null,"Rural_or_Urban":null,"Rural_or_Urban_Text_Format":null,"CrashSeverityClass":2,"SevereCrashIndicator":1,"CrashId_12_13":null,"VehicleId":2,"PersonId":2,"Age":44,"Gender":1,"Gender_Text_Format":"Male","State":"CT","Postal_Code":6405,"Injury_Status":"K","Condition_at_Time_of_Crash":99,"Condition_at_Time_of_Crash_Text_Format":"Unknown","Condition_at_Time_of_Crash2":null,"Condition_at_Time_of_Crash2_Text_Format":null,"Action_Taken_by_Officer":0,"Action_Taken_by_Officer_Text_Format":"None taken","Alcohol_Test_Status":1,"Alcohol_Test_Status_Text_Format":"Test Not Given","Type_Of_Alcohol_Test":88,"Type_Of_Alcohol_Test_Text_Format":"Not Applicable","Drug_Test_Status":1,"Drug_Test_Status_Text_Format":"Test Not Given","Type_Of_Drig_Test":88,"Type_Of_Drig_Test_Text_Format":"Not Applicable","Ejection_Status":88,"Ejection_Status_Text_Format":"Not Applicable","Restraint_System":88,"Restraint_System_Text_Format":"Not Applicable","Helmet_Use":1,"Helmet_Use_Text_Format":"No Helmet","Air_Bag_Status":88,"Air_Bag_Status_Text_Format":"Not applicable","Speeding_Related":3,"Speeding_Related_Text_Format":"Exceeded Speed Limit","Driver_Actions_1":99,"Driver_Actions_1_Text_Format":"Unknown","Driver_Actions_2":88,"Driver_Actions_2_Text_Format":"Not Applicable","Driver_Actions_3":88,"Driver_Actions_3_Text_Format":"Not Applicable","Driver_Actions_4":88,"Driver_Actions_4_Text_Format":"Not Applicable","Driver_Distracted_By":99,"Driver_Distracted_By_Text_Format":"Unknown if Distracted","Roadway_On_Which_Nonmotorist_Was_Traveling_Located":null,"Direction_nonmotorist_was_traveling":null,"Direction_Unknown":null,"Striking_Motor_Vehicle_ID":null,"Bicycle_ID":null,"Non_Motorist_Not_In_Roadway":null,"Actions_or_Circumstances_Prior_to_Crash":null,"Actions_or_Circumstances_Prior_to_Crash_Text_Format":null,"To_or_From_School":null,"To_or_From_School_Text_Format":null,"Actions_or_Circumstances_At_Time_Of_Crash":null,"Actions_or_Circumstances_At_Time_Of_Crash_Text_Format":null,"Actions_or_Circumstances_At_Time_Of_Crash2":null,"Actions_or_Circumstances_At_Time_Of_Crash2_Text_Format":null,"Location_At_Time_Of_Crash":null,"Location_At_Time_Of_Crash_Text_Format":null,"Safety_Equipment":null,"Safety_Equipment_Text_Format":null,"Safety_Equipment2":null,"Safety_Equipment2_Text_Format":null,"Non_motorist_Distracted_By":null,"Non_motorist_Distracted_By_Text_Format":null,"Seating_Position":11,"Seating_Position_Text_Format":"First Row, Left\u00A0Seat","Seating_Position_for_Bus":null,"City":"Branford","Country":"UnitedStates","Driver_License_Jurisdiction":2,"Driver_License_Jurisdiction_Text_Format":"State","Drivers_License_Issued_By":"CT","Drivers_License_Class":4,"Commercial_License_Class":1,"Commercial_License_Class_Text_Format":"No","Transported_to_First_Medical_Facility_By":1,"Transported_to_First_Medical_Facility_By_Text_Format":"Not Transported","Name_of_the_EMS_agency":null,"Name_of_the_Intended_Receiving_Facility":null,"OBJECTID_1":52}},{"type":"Feature","id":52,"geometry":{"type":"Point","coordinates":[949678.84116838872,679852.54906688631]},"properties":{"OBJECTID":52,"CrashId":1273901,"Person_Type":1,"Person_Type_Text_Format":"Driver","Injury_Status_Text_Format":"Fatal Injury (K)","Fatal_Case_Status":1,"Fatal_Case_Status_Text_Format":"Complete","CrashId_1":1273901,"CrashId_12":1273901,"Latitude":41.326822999999997,"Longitude":-72.933296999999996,"DOT_Case_Number":925084,"Town_Name":"New Haven","Town_Number":93,"Town_Number_1":93,"Town_Number_Text_Format":"New Haven","Date_Of_Crash":"2025-05-17","Year":2025,"Month":5,"Month_Text_Format":"May","Day":17,"Day_of_the_Week":7,"Day_of_the_Week_Text_Format":"Saturday","Time_of_Crash":"1:51:00","Hour_of_the_Day":1,"Case_Identifier":25019381,"Crash_Severity":"K","Crash_Severity_Text_Format":"Fatal (Kill)","Most_Severe_Injury":"K","Most_Severe_Injury_Text_Format":"Fatal Injury (K)","Number_Of_Motor_Vehicles":1,"Number_Of_Non_Motorist":0,"Number_Of_Witnesses":0,"Route_Class":4,"Route_Class_Text_Format":"Local","Milemarker":0.32000000000000001,"Road_Number":552,"Road_Description":"SHELTON AV","Roadway_Name":"SHELTON AV","Intersecting_Roadway_Name":null,"Landmark_Description":"DIVISION STREET","Distance_From_Nearest_Landmark":30,"Unit_Of_Measure_From_Nearest_Landmark":"Feet","Direction_From_Nearest_Landmark":"N","Latitude_1":41.326822999999997,"Longitude_1":-72.933296999999996,"First_Harmful_Event":32,"First_Harmful_Event_Text_Format":"Tree (standing)","Manner_of_Crash___Collision_Impact":88,"Manner_of_Crash___Collision_Impact_Text_Format":"Not Applicable","Location_of_First_Harmful_Event":1,"Location_of_First_Harmful_Event_Text_Format":"On Roadway","Weather_Condition":1,"Weather_Condition_Text_Format":"Clear","Weather_2":88,"Weather_2_Text_Format":"Not Applicable","Light_Condition":4,"Light_Condition_Text_Format":"Dark-Lighted","Road_Surface_Condition":1,"Road_Surface_Condition_Text_Format":"Dry","Contributing_Circumstances__Environment":0,"Contributing_Circumstances__Environment_Text_Format":"None","Environment_2":88,"Environment_2_Text_Format":"Not Applicable","Environment_3":88,"Environment_3_Text_Format":"Not Applicable","Contributing_Circumstances__Road":0,"Contributing_Circumstances__Road_Text_Format":"None","Road_2":88,"Road_2_Text_Format":"Not Applicable","Road_3":88,"Road_3_Text_Format":"Not Applicable","Crash_Specific_Location":1,"Crash_Specific_Location_Text_Format":"Non-Junction","Type_of_Intersection":1,"Type_of_Intersection_Text_Format":"Not at Intersection","School_Bus_Related":1,"School_Bus_Related_Text_Format":"No","Work_Zone_Related":1,"Work_Zone_Related_Text_Format":"No","Location_Of_Crash_Relative_To_Work_Zone":88,"Location_Of_Crash_Relative_To_Work_Zone_Text_Format":"Not Applicable","Type_of_Work_Zone":88,"Type_of_Work_Zone_Text_Format":"Not Applicable","Worker_Presence":88,"Worker_Presence_Text_Format":"Not Applicable","Law_Enforcement_Presence":88,"Law_Enforcement_Presence_Text_Format":"Not Applicable","Were_Vehicles_Moved_Prior_To_Police_Arrival":"FALSE","Trafficway_Ownership":1,"Trafficway_Ownership_Text_Format":"Public Road","Trafficway_Class":1,"Trafficway_Class_Text_Format":"Trafficway, On Road","Police_Agency":"CT0009300","Police_Agency_Text_Format":"New Haven PD","Badge_Number":33160,"Approval_Date":"47:06.0","Police_Case_Status":"O","Police_Case_Status_Text_Format":"Open","Crash_Report_Submission_Date":"01:55.0","Related_Case_Identifiers":null,"No__of_Through_Lanes__Log_Dir__":null,"Average_Daily_Traffic":null,"Functional_Classification":null,"Functional_Classification_Text_Format":null,"Rural_or_Urban":null,"Rural_or_Urban_Text_Format":null,"CrashSeverityClass":2,"SevereCrashIndicator":1,"CrashId_12_13":null,"VehicleId":1,"PersonId":1,"Age":25,"Gender":2,"Gender_Text_Format":"Female","State":"CT","Postal_Code":6511,"Injury_Status":"K","Condition_at_Time_of_Crash":99,"Condition_at_Time_of_Crash_Text_Format":"Unknown","Condition_at_Time_of_Crash2":99,"Condition_at_Time_of_Crash2_Text_Format":"Unknown","Action_Taken_by_Officer":0,"Action_Taken_by_Officer_Text_Format":"None taken","Alcohol_Test_Status":1,"Alcohol_Test_Status_Text_Format":"Test Not Given","Type_Of_Alcohol_Test":88,"Type_Of_Alcohol_Test_Text_Format":"Not Applicable","Drug_Test_Status":1,"Drug_Test_Status_Text_Format":"Test Not Given","Type_Of_Drig_Test":88,"Type_Of_Drig_Test_Text_Format":"Not Applicable","Ejection_Status":1,"Ejection_Status_Text_Format":"Not Ejected","Restraint_System":99,"Restraint_System_Text_Format":"Unknown","Helmet_Use":88,"Helmet_Use_Text_Format":"Not Applicable","Air_Bag_Status":2,"Air_Bag_Status_Text_Format":"Deployed-Front","Speeding_Related":99,"Speeding_Related_Text_Format":"Unknown","Driver_Actions_1":2,"Driver_Actions_1_Text_Format":"Ran Off Roadway","Driver_Actions_2":88,"Driver_Actions_2_Text_Format":"Not Applicable","Driver_Actions_3":88,"Driver_Actions_3_Text_Format":"Not Applicable","Driver_Actions_4":88,"Driver_Actions_4_Text_Format":"Not Applicable","Driver_Distracted_By":99,"Driver_Distracted_By_Text_Format":"Unknown if Distracted","Roadway_On_Which_Nonmotorist_Was_Traveling_Located":null,"Direction_nonmotorist_was_traveling":null,"Direction_Unknown":null,"Striking_Motor_Vehicle_ID":null,"Bicycle_ID":null,"Non_Motorist_Not_In_Roadway":null,"Actions_or_Circumstances_Prior_to_Crash":null,"Actions_or_Circumstances_Prior_to_Crash_Text_Format":null,"To_or_From_School":null,"To_or_From_School_Text_Format":null,"Actions_or_Circumstances_At_Time_Of_Crash":null,"Actions_or_Circumstances_At_Time_Of_Crash_Text_Format":null,"Actions_or_Circumstances_At_Time_Of_Crash2":null,"Actions_or_Circumstances_At_Time_Of_Crash2_Text_Format":null,"Location_At_Time_Of_Crash":null,"Location_At_Time_Of_Crash_Text_Format":null,"Safety_Equipment":null,"Safety_Equipment_Text_Format":null,"Safety_Equipment2":null,"Safety_Equipment2_Text_Format":null,"Non_motorist_Distracted_By":null,"Non_motorist_Distracted_By_Text_Format":null,"Seating_Position":11,"Seating_Position_Text_Format":"First Row, Left\u00A0Seat","Seating_Position_for_Bus":null,"City":"New Haven","Country":"UnitedStates","Driver_License_Jurisdiction":1,"Driver_License_Jurisdiction_Text_Format":"Not Licensed","Drivers_License_Issued_By":"CT","Drivers_License_Class":0,"Commercial_License_Class":1,"Commercial_License_Class_Text_Format":"No","Transported_to_First_Medical_Facility_By":3,"Transported_to_First_Medical_Facility_By_Text_Format":"EMS Ground","Name_of_the_EMS_agency":"AMER MED RESPONSE","Name_of_the_Intended_Receiving_Facility":"YALE NH","OBJECTID_1":53}},{"type":"Feature","id":53,"geometry":{"type":"Point","coordinates":[966238.61808814108,677557.88961422443]},"properties":{"OBJECTID":53,"CrashId":1276873,"Person_Type":3,"Person_Type_Text_Format":"Pedestrian","Injury_Status_Text_Format":"Fatal Injury (K)","Fatal_Case_Status":1,"Fatal_Case_Status_Text_Format":"Complete","CrashId_1":1276873,"CrashId_12":1276873,"Latitude":41.320594999999997,"Longitude":-72.872979000000001,"DOT_Case_Number":925055,"Town_Name":"New Haven","Town_Number":93,"Town_Number_1":93,"Town_Number_Text_Format":"New Haven","Date_Of_Crash":"2025-03-26","Year":2025,"Month":3,"Month_Text_Format":"March","Day":26,"Day_of_the_Week":4,"Day_of_the_Week_Text_Format":"Wednesday","Time_of_Crash":"22:26:00","Hour_of_the_Day":22,"Case_Identifier":25012080,"Crash_Severity":"K","Crash_Severity_Text_Format":"Fatal (Kill)","Most_Severe_Injury":"K","Most_Severe_Injury_Text_Format":"Fatal Injury (K)","Number_Of_Motor_Vehicles":1,"Number_Of_Non_Motorist":1,"Number_Of_Witnesses":0,"Route_Class":3,"Route_Class_Text_Format":"State","Milemarker":0.5,"Road_Number":80,"Road_Description":"80-E","Roadway_Name":"80-E","Intersecting_Roadway_Name":null,"Landmark_Description":"Eastern Street","Distance_From_Nearest_Landmark":338,"Unit_Of_Measure_From_Nearest_Landmark":"Feet","Direction_From_Nearest_Landmark":"W","Latitude_1":41.320594999999997,"Longitude_1":-72.872979000000001,"First_Harmful_Event":9,"First_Harmful_Event_Text_Format":"Pedestrian","Manner_of_Crash___Collision_Impact":88,"Manner_of_Crash___Collision_Impact_Text_Format":"Not Applicable","Location_of_First_Harmful_Event":1,"Location_of_First_Harmful_Event_Text_Format":"On Roadway","Weather_Condition":1,"Weather_Condition_Text_Format":"Clear","Weather_2":88,"Weather_2_Text_Format":"Not Applicable","Light_Condition":5,"Light_Condition_Text_Format":"Dark-Not Lighted","Road_Surface_Condition":1,"Road_Surface_Condition_Text_Format":"Dry","Contributing_Circumstances__Environment":0,"Contributing_Circumstances__Environment_Text_Format":"None","Environment_2":88,"Environment_2_Text_Format":"Not Applicable","Environment_3":88,"Environment_3_Text_Format":"Not Applicable","Contributing_Circumstances__Road":0,"Contributing_Circumstances__Road_Text_Format":"None","Road_2":88,"Road_2_Text_Format":"Not Applicable","Road_3":88,"Road_3_Text_Format":"Not Applicable","Crash_Specific_Location":1,"Crash_Specific_Location_Text_Format":"Non-Junction","Type_of_Intersection":1,"Type_of_Intersection_Text_Format":"Not at Intersection","School_Bus_Related":1,"School_Bus_Related_Text_Format":"No","Work_Zone_Related":1,"Work_Zone_Related_Text_Format":"No","Location_Of_Crash_Relative_To_Work_Zone":88,"Location_Of_Crash_Relative_To_Work_Zone_Text_Format":"Not Applicable","Type_of_Work_Zone":88,"Type_of_Work_Zone_Text_Format":"Not Applicable","Worker_Presence":88,"Worker_Presence_Text_Format":"Not Applicable","Law_Enforcement_Presence":88,"Law_Enforcement_Presence_Text_Format":"Not Applicable","Were_Vehicles_Moved_Prior_To_Police_Arrival":"FALSE","Trafficway_Ownership":1,"Trafficway_Ownership_Text_Format":"Public Road","Trafficway_Class":1,"Trafficway_Class_Text_Format":"Trafficway, On Road","Police_Agency":"CT0009300","Police_Agency_Text_Format":"New Haven PD","Badge_Number":44949,"Approval_Date":"51:26.0","Police_Case_Status":"C","Police_Case_Status_Text_Format":"Closed","Crash_Report_Submission_Date":"00:48.0","Related_Case_Identifiers":null,"No__of_Through_Lanes__Log_Dir__":null,"Average_Daily_Traffic":null,"Functional_Classification":null,"Functional_Classification_Text_Format":null,"Rural_or_Urban":null,"Rural_or_Urban_Text_Format":null,"CrashSeverityClass":2,"SevereCrashIndicator":1,"CrashId_12_13":null,"VehicleId":null,"PersonId":2,"Age":29,"Gender":1,"Gender_Text_Format":"Male","State":"CT","Postal_Code":6513,"Injury_Status":"K","Condition_at_Time_of_Crash":99,"Condition_at_Time_of_Crash_Text_Format":"Unknown","Condition_at_Time_of_Crash2":null,"Condition_at_Time_of_Crash2_Text_Format":null,"Action_Taken_by_Officer":0,"Action_Taken_by_Officer_Text_Format":"None taken","Alcohol_Test_Status":1,"Alcohol_Test_Status_Text_Format":"Test Not Given","Type_Of_Alcohol_Test":88,"Type_Of_Alcohol_Test_Text_Format":"Not Applicable","Drug_Test_Status":1,"Drug_Test_Status_Text_Format":"Test Not Given","Type_Of_Drig_Test":88,"Type_Of_Drig_Test_Text_Format":"Not Applicable","Ejection_Status":null,"Ejection_Status_Text_Format":null,"Restraint_System":null,"Restraint_System_Text_Format":null,"Helmet_Use":null,"Helmet_Use_Text_Format":null,"Air_Bag_Status":null,"Air_Bag_Status_Text_Format":null,"Speeding_Related":null,"Speeding_Related_Text_Format":null,"Driver_Actions_1":null,"Driver_Actions_1_Text_Format":null,"Driver_Actions_2":null,"Driver_Actions_2_Text_Format":null,"Driver_Actions_3":null,"Driver_Actions_3_Text_Format":null,"Driver_Actions_4":null,"Driver_Actions_4_Text_Format":null,"Driver_Distracted_By":null,"Driver_Distracted_By_Text_Format":null,"Roadway_On_Which_Nonmotorist_Was_Traveling_Located":"FOXON BLVD","Direction_nonmotorist_was_traveling":"N","Direction_Unknown":0,"Striking_Motor_Vehicle_ID":1,"Bicycle_ID":null,"Non_Motorist_Not_In_Roadway":0,"Actions_or_Circumstances_Prior_to_Crash":1,"Actions_or_Circumstances_Prior_to_Crash_Text_Format":"Crossing Roadway","To_or_From_School":1,"To_or_From_School_Text_Format":"No","Actions_or_Circumstances_At_Time_Of_Crash":9,"Actions_or_Circumstances_At_Time_Of_Crash_Text_Format":"Not Visible (Dark Clothing, No Lighting, etc.)","Actions_or_Circumstances_At_Time_Of_Crash2":88,"Actions_or_Circumstances_At_Time_Of_Crash2_Text_Format":"Not Applicable","Location_At_Time_Of_Crash":5,"Location_At_Time_Of_Crash_Text_Format":"Travel Lane-Other Location","Safety_Equipment":0,"Safety_Equipment_Text_Format":"None","Safety_Equipment2":88,"Safety_Equipment2_Text_Format":"Not Applicable","Non_motorist_Distracted_By":99,"Non_motorist_Distracted_By_Text_Format":"Unknown if Distracted","Seating_Position":null,"Seating_Position_Text_Format":null,"Seating_Position_for_Bus":null,"City":"New Haven","Country":"UnitedStates","Driver_License_Jurisdiction":99,"Driver_License_Jurisdiction_Text_Format":"Unknown","Drivers_License_Issued_By":null,"Drivers_License_Class":null,"Commercial_License_Class":null,"Commercial_License_Class_Text_Format":null,"Transported_to_First_Medical_Facility_By":3,"Transported_to_First_Medical_Facility_By_Text_Format":"EMS Ground","Name_of_the_EMS_agency":"AMER MED RESPONSE","Name_of_the_Intended_Receiving_Facility":"YALE-NH HOSP","OBJECTID_1":54}},{"type":"Feature","id":54,"geometry":{"type":"Point","coordinates":[949587.43649555743,676485.39208731055]},"properties":{"OBJECTID":54,"CrashId":1281720,"Person_Type":4,"Person_Type_Text_Format":"Other Pedestrian (wheelchair, person in a building, skater, pedestrian conveyance)","Injury_Status_Text_Format":"Fatal Injury (K)","Fatal_Case_Status":1,"Fatal_Case_Status_Text_Format":"Complete","CrashId_1":1281720,"CrashId_12":1281720,"Latitude":41.317560999999998,"Longitude":-72.933543,"DOT_Case_Number":925095,"Town_Name":"New Haven","Town_Number":93,"Town_Number_1":93,"Town_Number_Text_Format":"New Haven","Date_Of_Crash":"2025-06-07","Year":2025,"Month":6,"Month_Text_Format":"June","Day":7,"Day_of_the_Week":7,"Day_of_the_Week_Text_Format":"Saturday","Time_of_Crash":"3:43:00","Hour_of_the_Day":3,"Case_Identifier":25022581,"Crash_Severity":"K","Crash_Severity_Text_Format":"Fatal (Kill)","Most_Severe_Injury":"K","Most_Severe_Injury_Text_Format":"Fatal Injury (K)","Number_Of_Motor_Vehicles":1,"Number_Of_Non_Motorist":1,"Number_Of_Witnesses":1,"Route_Class":4,"Route_Class_Text_Format":"Local","Milemarker":0.34000000000000002,"Road_Number":152,"Road_Description":"DIXWELL AV","Roadway_Name":"DIXWELL AV","Intersecting_Roadway_Name":null,"Landmark_Description":"FOOTE ST","Distance_From_Nearest_Landmark":100,"Unit_Of_Measure_From_Nearest_Landmark":"Feet","Direction_From_Nearest_Landmark":"S","Latitude_1":41.317560999999998,"Longitude_1":-72.933543,"First_Harmful_Event":11,"First_Harmful_Event_Text_Format":"Other Non-motorist","Manner_of_Crash___Collision_Impact":88,"Manner_of_Crash___Collision_Impact_Text_Format":"Not Applicable","Location_of_First_Harmful_Event":1,"Location_of_First_Harmful_Event_Text_Format":"On Roadway","Weather_Condition":1,"Weather_Condition_Text_Format":"Clear","Weather_2":88,"Weather_2_Text_Format":"Not Applicable","Light_Condition":4,"Light_Condition_Text_Format":"Dark-Lighted","Road_Surface_Condition":1,"Road_Surface_Condition_Text_Format":"Dry","Contributing_Circumstances__Environment":0,"Contributing_Circumstances__Environment_Text_Format":"None","Environment_2":88,"Environment_2_Text_Format":"Not Applicable","Environment_3":88,"Environment_3_Text_Format":"Not Applicable","Contributing_Circumstances__Road":0,"Contributing_Circumstances__Road_Text_Format":"None","Road_2":88,"Road_2_Text_Format":"Not Applicable","Road_3":88,"Road_3_Text_Format":"Not Applicable","Crash_Specific_Location":1,"Crash_Specific_Location_Text_Format":"Non-Junction","Type_of_Intersection":1,"Type_of_Intersection_Text_Format":"Not at Intersection","School_Bus_Related":1,"School_Bus_Related_Text_Format":"No","Work_Zone_Related":1,"Work_Zone_Related_Text_Format":"No","Location_Of_Crash_Relative_To_Work_Zone":88,"Location_Of_Crash_Relative_To_Work_Zone_Text_Format":"Not Applicable","Type_of_Work_Zone":88,"Type_of_Work_Zone_Text_Format":"Not Applicable","Worker_Presence":88,"Worker_Presence_Text_Format":"Not Applicable","Law_Enforcement_Presence":88,"Law_Enforcement_Presence_Text_Format":"Not Applicable","Were_Vehicles_Moved_Prior_To_Police_Arrival":"FALSE","Trafficway_Ownership":1,"Trafficway_Ownership_Text_Format":"Public Road","Trafficway_Class":1,"Trafficway_Class_Text_Format":"Trafficway, On Road","Police_Agency":"CT0009300","Police_Agency_Text_Format":"New Haven PD","Badge_Number":42365,"Approval_Date":"49:59.0","Police_Case_Status":"C","Police_Case_Status_Text_Format":"Closed","Crash_Report_Submission_Date":"52:44.0","Related_Case_Identifiers":null,"No__of_Through_Lanes__Log_Dir__":null,"Average_Daily_Traffic":null,"Functional_Classification":null,"Functional_Classification_Text_Format":null,"Rural_or_Urban":null,"Rural_or_Urban_Text_Format":null,"CrashSeverityClass":2,"SevereCrashIndicator":1,"CrashId_12_13":null,"VehicleId":null,"PersonId":2,"Age":50,"Gender":1,"Gender_Text_Format":"Male","State":"CT","Postal_Code":null,"Injury_Status":"K","Condition_at_Time_of_Crash":2,"Condition_at_Time_of_Crash_Text_Format":"Physically Impaired","Condition_at_Time_of_Crash2":97,"Condition_at_Time_of_Crash2_Text_Format":"Other","Action_Taken_by_Officer":0,"Action_Taken_by_Officer_Text_Format":"None taken","Alcohol_Test_Status":1,"Alcohol_Test_Status_Text_Format":"Test Not Given","Type_Of_Alcohol_Test":88,"Type_Of_Alcohol_Test_Text_Format":"Not Applicable","Drug_Test_Status":1,"Drug_Test_Status_Text_Format":"Test Not Given","Type_Of_Drig_Test":88,"Type_Of_Drig_Test_Text_Format":"Not Applicable","Ejection_Status":null,"Ejection_Status_Text_Format":null,"Restraint_System":null,"Restraint_System_Text_Format":null,"Helmet_Use":null,"Helmet_Use_Text_Format":null,"Air_Bag_Status":null,"Air_Bag_Status_Text_Format":null,"Speeding_Related":null,"Speeding_Related_Text_Format":null,"Driver_Actions_1":null,"Driver_Actions_1_Text_Format":null,"Driver_Actions_2":null,"Driver_Actions_2_Text_Format":null,"Driver_Actions_3":null,"Driver_Actions_3_Text_Format":null,"Driver_Actions_4":null,"Driver_Actions_4_Text_Format":null,"Driver_Distracted_By":null,"Driver_Distracted_By_Text_Format":null,"Roadway_On_Which_Nonmotorist_Was_Traveling_Located":"DIXWELL AVE","Direction_nonmotorist_was_traveling":"S","Direction_Unknown":0,"Striking_Motor_Vehicle_ID":10,"Bicycle_ID":null,"Non_Motorist_Not_In_Roadway":0,"Actions_or_Circumstances_Prior_to_Crash":3,"Actions_or_Circumstances_Prior_to_Crash_Text_Format":"Walking/Cycling along Roadway Along Traffic (In or Adjacent to Travel Lane)","To_or_From_School":1,"To_or_From_School_Text_Format":"No","Actions_or_Circumstances_At_Time_Of_Crash":5,"Actions_or_Circumstances_At_Time_Of_Crash_Text_Format":"In Roadway Improperly (Standing, Lying, Working, Playing)","Actions_or_Circumstances_At_Time_Of_Crash2":97,"Actions_or_Circumstances_At_Time_Of_Crash2_Text_Format":"Other","Location_At_Time_Of_Crash":5,"Location_At_Time_Of_Crash_Text_Format":"Travel Lane-Other Location","Safety_Equipment":0,"Safety_Equipment_Text_Format":"None","Safety_Equipment2":88,"Safety_Equipment2_Text_Format":"Not Applicable","Non_motorist_Distracted_By":1,"Non_motorist_Distracted_By_Text_Format":"Not Distracted","Seating_Position":null,"Seating_Position_Text_Format":null,"Seating_Position_for_Bus":null,"City":"New Haven","Country":"UnitedStates","Driver_License_Jurisdiction":null,"Driver_License_Jurisdiction_Text_Format":null,"Drivers_License_Issued_By":null,"Drivers_License_Class":null,"Commercial_License_Class":null,"Commercial_License_Class_Text_Format":null,"Transported_to_First_Medical_Facility_By":3,"Transported_to_First_Medical_Facility_By_Text_Format":"EMS Ground","Name_of_the_EMS_agency":"AMER MED RESPONSE","Name_of_the_Intended_Receiving_Facility":null,"OBJECTID_1":55}},{"type":"Feature","id":55,"geometry":{"type":"Point","coordinates":[965172.5355746448,678019.78829672933]},"properties":{"OBJECTID":55,"CrashId":1299356,"Person_Type":3,"Person_Type_Text_Format":"Pedestrian","Injury_Status_Text_Format":"Fatal Injury (K)","Fatal_Case_Status":1,"Fatal_Case_Status_Text_Format":"Complete","CrashId_1":1299356,"CrashId_12":1299356,"Latitude":41.321829999999999,"Longitude":-72.876710000000003,"DOT_Case_Number":925141,"Town_Name":"New Haven","Town_Number":93,"Town_Number_1":93,"Town_Number_Text_Format":"New Haven","Date_Of_Crash":"2025-08-06","Year":2025,"Month":8,"Month_Text_Format":"August","Day":6,"Day_of_the_Week":4,"Day_of_the_Week_Text_Format":"Wednesday","Time_of_Crash":"22:13:00","Hour_of_the_Day":22,"Case_Identifier":25031606,"Crash_Severity":"K","Crash_Severity_Text_Format":"Fatal (Kill)","Most_Severe_Injury":"K","Most_Severe_Injury_Text_Format":"Fatal Injury (K)","Number_Of_Motor_Vehicles":1,"Number_Of_Non_Motorist":1,"Number_Of_Witnesses":2,"Route_Class":3,"Route_Class_Text_Format":"State","Milemarker":0.28000000000000003,"Road_Number":80,"Road_Description":"80-E","Roadway_Name":"80-E","Intersecting_Roadway_Name":null,"Landmark_Description":"QUINNIPIAC AVENUE","Distance_From_Nearest_Landmark":null,"Unit_Of_Measure_From_Nearest_Landmark":"TenthsofMile","Direction_From_Nearest_Landmark":"W","Latitude_1":41.321829999999999,"Longitude_1":-72.876710000000003,"First_Harmful_Event":9,"First_Harmful_Event_Text_Format":"Pedestrian","Manner_of_Crash___Collision_Impact":88,"Manner_of_Crash___Collision_Impact_Text_Format":"Not Applicable","Location_of_First_Harmful_Event":1,"Location_of_First_Harmful_Event_Text_Format":"On Roadway","Weather_Condition":1,"Weather_Condition_Text_Format":"Clear","Weather_2":88,"Weather_2_Text_Format":"Not Applicable","Light_Condition":4,"Light_Condition_Text_Format":"Dark-Lighted","Road_Surface_Condition":1,"Road_Surface_Condition_Text_Format":"Dry","Contributing_Circumstances__Environment":99,"Contributing_Circumstances__Environment_Text_Format":"Unknown","Environment_2":88,"Environment_2_Text_Format":"Not Applicable","Environment_3":88,"Environment_3_Text_Format":"Not Applicable","Contributing_Circumstances__Road":0,"Contributing_Circumstances__Road_Text_Format":"None","Road_2":88,"Road_2_Text_Format":"Not Applicable","Road_3":88,"Road_3_Text_Format":"Not Applicable","Crash_Specific_Location":1,"Crash_Specific_Location_Text_Format":"Non-Junction","Type_of_Intersection":1,"Type_of_Intersection_Text_Format":"Not at Intersection","School_Bus_Related":1,"School_Bus_Related_Text_Format":"No","Work_Zone_Related":1,"Work_Zone_Related_Text_Format":"No","Location_Of_Crash_Relative_To_Work_Zone":88,"Location_Of_Crash_Relative_To_Work_Zone_Text_Format":"Not Applicable","Type_of_Work_Zone":88,"Type_of_Work_Zone_Text_Format":"Not Applicable","Worker_Presence":88,"Worker_Presence_Text_Format":"Not Applicable","Law_Enforcement_Presence":88,"Law_Enforcement_Presence_Text_Format":"Not Applicable","Were_Vehicles_Moved_Prior_To_Police_Arrival":"FALSE","Trafficway_Ownership":1,"Trafficway_Ownership_Text_Format":"Public Road","Trafficway_Class":1,"Trafficway_Class_Text_Format":"Trafficway, On Road","Police_Agency":"CT0009300","Police_Agency_Text_Format":"New Haven PD","Badge_Number":47737,"Approval_Date":"00:33.0","Police_Case_Status":"O","Police_Case_Status_Text_Format":"Open","Crash_Report_Submission_Date":"00:14.0","Related_Case_Identifiers":null,"No__of_Through_Lanes__Log_Dir__":null,"Average_Daily_Traffic":null,"Functional_Classification":null,"Functional_Classification_Text_Format":null,"Rural_or_Urban":null,"Rural_or_Urban_Text_Format":null,"CrashSeverityClass":2,"SevereCrashIndicator":1,"CrashId_12_13":null,"VehicleId":null,"PersonId":2,"Age":58,"Gender":1,"Gender_Text_Format":"Male","State":"CT","Postal_Code":6513,"Injury_Status":"K","Condition_at_Time_of_Crash":99,"Condition_at_Time_of_Crash_Text_Format":"Unknown","Condition_at_Time_of_Crash2":99,"Condition_at_Time_of_Crash2_Text_Format":"Unknown","Action_Taken_by_Officer":0,"Action_Taken_by_Officer_Text_Format":"None taken","Alcohol_Test_Status":1,"Alcohol_Test_Status_Text_Format":"Test Not Given","Type_Of_Alcohol_Test":88,"Type_Of_Alcohol_Test_Text_Format":"Not Applicable","Drug_Test_Status":1,"Drug_Test_Status_Text_Format":"Test Not Given","Type_Of_Drig_Test":88,"Type_Of_Drig_Test_Text_Format":"Not Applicable","Ejection_Status":null,"Ejection_Status_Text_Format":null,"Restraint_System":null,"Restraint_System_Text_Format":null,"Helmet_Use":null,"Helmet_Use_Text_Format":null,"Air_Bag_Status":null,"Air_Bag_Status_Text_Format":null,"Speeding_Related":null,"Speeding_Related_Text_Format":null,"Driver_Actions_1":null,"Driver_Actions_1_Text_Format":null,"Driver_Actions_2":null,"Driver_Actions_2_Text_Format":null,"Driver_Actions_3":null,"Driver_Actions_3_Text_Format":null,"Driver_Actions_4":null,"Driver_Actions_4_Text_Format":null,"Driver_Distracted_By":null,"Driver_Distracted_By_Text_Format":null,"Roadway_On_Which_Nonmotorist_Was_Traveling_Located":"FOXON BOULEVARD","Direction_nonmotorist_was_traveling":"S","Direction_Unknown":0,"Striking_Motor_Vehicle_ID":1,"Bicycle_ID":null,"Non_Motorist_Not_In_Roadway":0,"Actions_or_Circumstances_Prior_to_Crash":1,"Actions_or_Circumstances_Prior_to_Crash_Text_Format":"Crossing Roadway","To_or_From_School":1,"To_or_From_School_Text_Format":"No","Actions_or_Circumstances_At_Time_Of_Crash":2,"Actions_or_Circumstances_At_Time_Of_Crash_Text_Format":"Dart/Dash","Actions_or_Circumstances_At_Time_Of_Crash2":88,"Actions_or_Circumstances_At_Time_Of_Crash2_Text_Format":"Not Applicable","Location_At_Time_Of_Crash":5,"Location_At_Time_Of_Crash_Text_Format":"Travel Lane-Other Location","Safety_Equipment":0,"Safety_Equipment_Text_Format":"None","Safety_Equipment2":99,"Safety_Equipment2_Text_Format":"Unknown","Non_motorist_Distracted_By":99,"Non_motorist_Distracted_By_Text_Format":"Unknown if Distracted","Seating_Position":null,"Seating_Position_Text_Format":null,"Seating_Position_for_Bus":null,"City":"New Haven","Country":"UnitedStates","Driver_License_Jurisdiction":null,"Driver_License_Jurisdiction_Text_Format":null,"Drivers_License_Issued_By":null,"Drivers_License_Class":null,"Commercial_License_Class":null,"Commercial_License_Class_Text_Format":null,"Transported_to_First_Medical_Facility_By":1,"Transported_to_First_Medical_Facility_By_Text_Format":"Not Transported","Name_of_the_EMS_agency":null,"Name_of_the_Intended_Receiving_Facility":null,"OBJECTID_1":56}},{"type":"Feature","id":56,"geometry":{"type":"Point","coordinates":[951358.76891088486,672489.18091964722]},"properties":{"OBJECTID":56,"CrashId":1301627,"Person_Type":3,"Person_Type_Text_Format":"Pedestrian","Injury_Status_Text_Format":"Fatal Injury (K)","Fatal_Case_Status":1,"Fatal_Case_Status_Text_Format":"Complete","CrashId_1":1301627,"CrashId_12":1301627,"Latitude":41.30658262,"Longitude":-72.927059,"DOT_Case_Number":925146,"Town_Name":"New Haven","Town_Number":93,"Town_Number_1":93,"Town_Number_Text_Format":"New Haven","Date_Of_Crash":"2025-08-16","Year":2025,"Month":8,"Month_Text_Format":"August","Day":16,"Day_of_the_Week":7,"Day_of_the_Week_Text_Format":"Saturday","Time_of_Crash":"0:01:00","Hour_of_the_Day":0,"Case_Identifier":25032981,"Crash_Severity":"K","Crash_Severity_Text_Format":"Fatal (Kill)","Most_Severe_Injury":"K","Most_Severe_Injury_Text_Format":"Fatal Injury (K)","Number_Of_Motor_Vehicles":1,"Number_Of_Non_Motorist":1,"Number_Of_Witnesses":0,"Route_Class":4,"Route_Class_Text_Format":"Local","Milemarker":1.8400000000000001,"Road_Number":97,"Road_Description":"CHAPEL ST","Roadway_Name":"CHAPEL ST","Intersecting_Roadway_Name":"TEMPLE ST","Landmark_Description":null,"Distance_From_Nearest_Landmark":null,"Unit_Of_Measure_From_Nearest_Landmark":null,"Direction_From_Nearest_Landmark":null,"Latitude_1":41.30658262,"Longitude_1":-72.927059,"First_Harmful_Event":9,"First_Harmful_Event_Text_Format":"Pedestrian","Manner_of_Crash___Collision_Impact":88,"Manner_of_Crash___Collision_Impact_Text_Format":"Not Applicable","Location_of_First_Harmful_Event":1,"Location_of_First_Harmful_Event_Text_Format":"On Roadway","Weather_Condition":1,"Weather_Condition_Text_Format":"Clear","Weather_2":1,"Weather_2_Text_Format":"Clear","Light_Condition":4,"Light_Condition_Text_Format":"Dark-Lighted","Road_Surface_Condition":1,"Road_Surface_Condition_Text_Format":"Dry","Contributing_Circumstances__Environment":0,"Contributing_Circumstances__Environment_Text_Format":"None","Environment_2":88,"Environment_2_Text_Format":"Not Applicable","Environment_3":88,"Environment_3_Text_Format":"Not Applicable","Contributing_Circumstances__Road":1,"Contributing_Circumstances__Road_Text_Format":"Backup Due to Prior Crash","Road_2":88,"Road_2_Text_Format":"Not Applicable","Road_3":88,"Road_3_Text_Format":"Not Applicable","Crash_Specific_Location":2,"Crash_Specific_Location_Text_Format":"Intersection","Type_of_Intersection":2,"Type_of_Intersection_Text_Format":"Four-Way Intersection","School_Bus_Related":1,"School_Bus_Related_Text_Format":"No","Work_Zone_Related":1,"Work_Zone_Related_Text_Format":"No","Location_Of_Crash_Relative_To_Work_Zone":88,"Location_Of_Crash_Relative_To_Work_Zone_Text_Format":"Not Applicable","Type_of_Work_Zone":88,"Type_of_Work_Zone_Text_Format":"Not Applicable","Worker_Presence":88,"Worker_Presence_Text_Format":"Not Applicable","Law_Enforcement_Presence":88,"Law_Enforcement_Presence_Text_Format":"Not Applicable","Were_Vehicles_Moved_Prior_To_Police_Arrival":"FALSE","Trafficway_Ownership":1,"Trafficway_Ownership_Text_Format":"Public Road","Trafficway_Class":1,"Trafficway_Class_Text_Format":"Trafficway, On Road","Police_Agency":"CT0009300","Police_Agency_Text_Format":"New Haven PD","Badge_Number":7729,"Approval_Date":"35:26.0","Police_Case_Status":"O","Police_Case_Status_Text_Format":"Open","Crash_Report_Submission_Date":"01:00.0","Related_Case_Identifiers":null,"No__of_Through_Lanes__Log_Dir__":null,"Average_Daily_Traffic":null,"Functional_Classification":null,"Functional_Classification_Text_Format":null,"Rural_or_Urban":null,"Rural_or_Urban_Text_Format":null,"CrashSeverityClass":2,"SevereCrashIndicator":1,"CrashId_12_13":null,"VehicleId":null,"PersonId":2,"Age":56,"Gender":2,"Gender_Text_Format":"Female","State":"CT","Postal_Code":null,"Injury_Status":"K","Condition_at_Time_of_Crash":1,"Condition_at_Time_of_Crash_Text_Format":"Apparently Normal","Condition_at_Time_of_Crash2":1,"Condition_at_Time_of_Crash2_Text_Format":"Apparently Normal","Action_Taken_by_Officer":0,"Action_Taken_by_Officer_Text_Format":"None taken","Alcohol_Test_Status":1,"Alcohol_Test_Status_Text_Format":"Test Not Given","Type_Of_Alcohol_Test":88,"Type_Of_Alcohol_Test_Text_Format":"Not Applicable","Drug_Test_Status":1,"Drug_Test_Status_Text_Format":"Test Not Given","Type_Of_Drig_Test":88,"Type_Of_Drig_Test_Text_Format":"Not Applicable","Ejection_Status":null,"Ejection_Status_Text_Format":null,"Restraint_System":null,"Restraint_System_Text_Format":null,"Helmet_Use":null,"Helmet_Use_Text_Format":null,"Air_Bag_Status":null,"Air_Bag_Status_Text_Format":null,"Speeding_Related":null,"Speeding_Related_Text_Format":null,"Driver_Actions_1":null,"Driver_Actions_1_Text_Format":null,"Driver_Actions_2":null,"Driver_Actions_2_Text_Format":null,"Driver_Actions_3":null,"Driver_Actions_3_Text_Format":null,"Driver_Actions_4":null,"Driver_Actions_4_Text_Format":null,"Driver_Distracted_By":null,"Driver_Distracted_By_Text_Format":null,"Roadway_On_Which_Nonmotorist_Was_Traveling_Located":"CHAPEL STREET","Direction_nonmotorist_was_traveling":"S","Direction_Unknown":0,"Striking_Motor_Vehicle_ID":1,"Bicycle_ID":null,"Non_Motorist_Not_In_Roadway":0,"Actions_or_Circumstances_Prior_to_Crash":1,"Actions_or_Circumstances_Prior_to_Crash_Text_Format":"Crossing Roadway","To_or_From_School":1,"To_or_From_School_Text_Format":"No","Actions_or_Circumstances_At_Time_Of_Crash":4,"Actions_or_Circumstances_At_Time_Of_Crash_Text_Format":"Failure to Obey Traffic Signs, Signals, or Officer","Actions_or_Circumstances_At_Time_Of_Crash2":88,"Actions_or_Circumstances_At_Time_Of_Crash2_Text_Format":"Not Applicable","Location_At_Time_Of_Crash":1,"Location_At_Time_Of_Crash_Text_Format":"Intersection-Marked Crosswalk","Safety_Equipment":0,"Safety_Equipment_Text_Format":"None","Safety_Equipment2":88,"Safety_Equipment2_Text_Format":"Not Applicable","Non_motorist_Distracted_By":99,"Non_motorist_Distracted_By_Text_Format":"Unknown if Distracted","Seating_Position":null,"Seating_Position_Text_Format":null,"Seating_Position_for_Bus":null,"City":"New Haven","Country":"UnitedStates","Driver_License_Jurisdiction":88,"Driver_License_Jurisdiction_Text_Format":"Not applicable","Drivers_License_Issued_By":"CT","Drivers_License_Class":null,"Commercial_License_Class":null,"Commercial_License_Class_Text_Format":null,"Transported_to_First_Medical_Facility_By":3,"Transported_to_First_Medical_Facility_By_Text_Format":"EMS Ground","Name_of_the_EMS_agency":"NEW HAVEN FIRE","Name_of_the_Intended_Receiving_Facility":"YNH","OBJECTID_1":57}},{"type":"Feature","id":57,"geometry":{"type":"Point","coordinates":[946633.05953030288,667621.38160014153]},"properties":{"OBJECTID":57,"CrashId":1305561,"Person_Type":2,"Person_Type_Text_Format":"Passenger","Injury_Status_Text_Format":"Fatal Injury (K)","Fatal_Case_Status":1,"Fatal_Case_Status_Text_Format":"Complete","CrashId_1":1305561,"CrashId_12":1305561,"Latitude":41.293219999999998,"Longitude":-72.944201000000007,"DOT_Case_Number":925158,"Town_Name":"New Haven","Town_Number":93,"Town_Number_1":93,"Town_Number_Text_Format":"New Haven","Date_Of_Crash":"2025-08-31","Year":2025,"Month":8,"Month_Text_Format":"August","Day":31,"Day_of_the_Week":1,"Day_of_the_Week_Text_Format":"Sunday","Time_of_Crash":"2:54:00","Hour_of_the_Day":2,"Case_Identifier":25035300,"Crash_Severity":"K","Crash_Severity_Text_Format":"Fatal (Kill)","Most_Severe_Injury":"K","Most_Severe_Injury_Text_Format":"Fatal Injury (K)","Number_Of_Motor_Vehicles":1,"Number_Of_Non_Motorist":0,"Number_Of_Witnesses":0,"Route_Class":3,"Route_Class_Text_Format":"State","Milemarker":1.0900000000000001,"Road_Number":10,"Road_Description":"10-N","Roadway_Name":"10-N","Intersecting_Roadway_Name":null,"Landmark_Description":"ADELINE STREET","Distance_From_Nearest_Landmark":55,"Unit_Of_Measure_From_Nearest_Landmark":"Feet","Direction_From_Nearest_Landmark":"N","Latitude_1":41.293219999999998,"Longitude_1":-72.944201000000007,"First_Harmful_Event":25,"First_Harmful_Event_Text_Format":"Curb","Manner_of_Crash___Collision_Impact":88,"Manner_of_Crash___Collision_Impact_Text_Format":"Not Applicable","Location_of_First_Harmful_Event":1,"Location_of_First_Harmful_Event_Text_Format":"On Roadway","Weather_Condition":1,"Weather_Condition_Text_Format":"Clear","Weather_2":88,"Weather_2_Text_Format":"Not Applicable","Light_Condition":4,"Light_Condition_Text_Format":"Dark-Lighted","Road_Surface_Condition":1,"Road_Surface_Condition_Text_Format":"Dry","Contributing_Circumstances__Environment":0,"Contributing_Circumstances__Environment_Text_Format":"None","Environment_2":88,"Environment_2_Text_Format":"Not Applicable","Environment_3":88,"Environment_3_Text_Format":"Not Applicable","Contributing_Circumstances__Road":0,"Contributing_Circumstances__Road_Text_Format":"None","Road_2":88,"Road_2_Text_Format":"Not Applicable","Road_3":88,"Road_3_Text_Format":"Not Applicable","Crash_Specific_Location":2,"Crash_Specific_Location_Text_Format":"Intersection","Type_of_Intersection":3,"Type_of_Intersection_Text_Format":"T-Intersection","School_Bus_Related":1,"School_Bus_Related_Text_Format":"No","Work_Zone_Related":1,"Work_Zone_Related_Text_Format":"No","Location_Of_Crash_Relative_To_Work_Zone":88,"Location_Of_Crash_Relative_To_Work_Zone_Text_Format":"Not Applicable","Type_of_Work_Zone":88,"Type_of_Work_Zone_Text_Format":"Not Applicable","Worker_Presence":88,"Worker_Presence_Text_Format":"Not Applicable","Law_Enforcement_Presence":88,"Law_Enforcement_Presence_Text_Format":"Not Applicable","Were_Vehicles_Moved_Prior_To_Police_Arrival":"FALSE","Trafficway_Ownership":1,"Trafficway_Ownership_Text_Format":"Public Road","Trafficway_Class":1,"Trafficway_Class_Text_Format":"Trafficway, On Road","Police_Agency":"CT0009300","Police_Agency_Text_Format":"New Haven PD","Badge_Number":44946,"Approval_Date":"35:22.0","Police_Case_Status":"O","Police_Case_Status_Text_Format":"Open","Crash_Report_Submission_Date":"01:39.0","Related_Case_Identifiers":null,"No__of_Through_Lanes__Log_Dir__":null,"Average_Daily_Traffic":null,"Functional_Classification":null,"Functional_Classification_Text_Format":null,"Rural_or_Urban":null,"Rural_or_Urban_Text_Format":null,"CrashSeverityClass":2,"SevereCrashIndicator":1,"CrashId_12_13":1305561,"VehicleId":1,"PersonId":2,"Age":null,"Gender":2,"Gender_Text_Format":"Female","State":null,"Postal_Code":null,"Injury_Status":"K","Condition_at_Time_of_Crash":null,"Condition_at_Time_of_Crash_Text_Format":null,"Condition_at_Time_of_Crash2":null,"Condition_at_Time_of_Crash2_Text_Format":null,"Action_Taken_by_Officer":null,"Action_Taken_by_Officer_Text_Format":null,"Alcohol_Test_Status":null,"Alcohol_Test_Status_Text_Format":null,"Type_Of_Alcohol_Test":null,"Type_Of_Alcohol_Test_Text_Format":null,"Drug_Test_Status":null,"Drug_Test_Status_Text_Format":null,"Type_Of_Drig_Test":null,"Type_Of_Drig_Test_Text_Format":null,"Ejection_Status":1,"Ejection_Status_Text_Format":"Not Ejected","Restraint_System":99,"Restraint_System_Text_Format":"Unknown","Helmet_Use":88,"Helmet_Use_Text_Format":"Not Applicable","Air_Bag_Status":2,"Air_Bag_Status_Text_Format":"Deployed-Front","Speeding_Related":null,"Speeding_Related_Text_Format":null,"Driver_Actions_1":null,"Driver_Actions_1_Text_Format":null,"Driver_Actions_2":null,"Driver_Actions_2_Text_Format":null,"Driver_Actions_3":null,"Driver_Actions_3_Text_Format":null,"Driver_Actions_4":null,"Driver_Actions_4_Text_Format":null,"Driver_Distracted_By":null,"Driver_Distracted_By_Text_Format":null,"Roadway_On_Which_Nonmotorist_Was_Traveling_Located":null,"Direction_nonmotorist_was_traveling":null,"Direction_Unknown":null,"Striking_Motor_Vehicle_ID":null,"Bicycle_ID":null,"Non_Motorist_Not_In_Roadway":null,"Actions_or_Circumstances_Prior_to_Crash":null,"Actions_or_Circumstances_Prior_to_Crash_Text_Format":null,"To_or_From_School":null,"To_or_From_School_Text_Format":null,"Actions_or_Circumstances_At_Time_Of_Crash":null,"Actions_or_Circumstances_At_Time_Of_Crash_Text_Format":null,"Actions_or_Circumstances_At_Time_Of_Crash2":null,"Actions_or_Circumstances_At_Time_Of_Crash2_Text_Format":null,"Location_At_Time_Of_Crash":null,"Location_At_Time_Of_Crash_Text_Format":null,"Safety_Equipment":null,"Safety_Equipment_Text_Format":null,"Safety_Equipment2":null,"Safety_Equipment2_Text_Format":null,"Non_motorist_Distracted_By":null,"Non_motorist_Distracted_By_Text_Format":null,"Seating_Position":13,"Seating_Position_Text_Format":"First Row, Right Seat","Seating_Position_for_Bus":null,"City":null,"Country":"UnitedStates","Driver_License_Jurisdiction":null,"Driver_License_Jurisdiction_Text_Format":null,"Drivers_License_Issued_By":null,"Drivers_License_Class":null,"Commercial_License_Class":null,"Commercial_License_Class_Text_Format":null,"Transported_to_First_Medical_Facility_By":1,"Transported_to_First_Medical_Facility_By_Text_Format":"Not Transported","Name_of_the_EMS_agency":null,"Name_of_the_Intended_Receiving_Facility":null,"OBJECTID_1":58}},{"type":"Feature","id":58,"geometry":{"type":"Point","coordinates":[961132.62665972114,677558.64486205578]},"properties":{"OBJECTID":58,"CrashId":1314218,"Person_Type":1,"Person_Type_Text_Format":"Driver","Injury_Status_Text_Format":"Fatal Injury (K)","Fatal_Case_Status":1,"Fatal_Case_Status_Text_Format":"Complete","CrashId_1":1314218,"CrashId_12":1314218,"Latitude":41.320543970000003,"Longitude":-72.891485209999999,"DOT_Case_Number":925185,"Town_Name":"New Haven","Town_Number":93,"Town_Number_1":93,"Town_Number_Text_Format":"New Haven","Date_Of_Crash":"2025-09-26","Year":2025,"Month":9,"Month_Text_Format":"September","Day":26,"Day_of_the_Week":6,"Day_of_the_Week_Text_Format":"Friday","Time_of_Crash":"16:16:00","Hour_of_the_Day":16,"Case_Identifier":25039435,"Crash_Severity":"K","Crash_Severity_Text_Format":"Fatal (Kill)","Most_Severe_Injury":"K","Most_Severe_Injury_Text_Format":"Fatal Injury (K)","Number_Of_Motor_Vehicles":2,"Number_Of_Non_Motorist":0,"Number_Of_Witnesses":3,"Route_Class":4,"Route_Class_Text_Format":"Local","Milemarker":0.40000000000000002,"Road_Number":411,"Road_Description":"MIDDLETOWN AV","Roadway_Name":"MIDDLETOWN AV","Intersecting_Roadway_Name":null,"Landmark_Description":"FRONT ST","Distance_From_Nearest_Landmark":100,"Unit_Of_Measure_From_Nearest_Landmark":"Feet","Direction_From_Nearest_Landmark":"W","Latitude_1":41.320543970000003,"Longitude_1":-72.891485209999999,"First_Harmful_Event":14,"First_Harmful_Event_Text_Format":"Motor Vehicle in Operation","Manner_of_Crash___Collision_Impact":2,"Manner_of_Crash___Collision_Impact_Text_Format":"Front to front","Location_of_First_Harmful_Event":1,"Location_of_First_Harmful_Event_Text_Format":"On Roadway","Weather_Condition":1,"Weather_Condition_Text_Format":"Clear","Weather_2":88,"Weather_2_Text_Format":"Not Applicable","Light_Condition":1,"Light_Condition_Text_Format":"Daylight","Road_Surface_Condition":1,"Road_Surface_Condition_Text_Format":"Dry","Contributing_Circumstances__Environment":0,"Contributing_Circumstances__Environment_Text_Format":"None","Environment_2":88,"Environment_2_Text_Format":"Not Applicable","Environment_3":88,"Environment_3_Text_Format":"Not Applicable","Contributing_Circumstances__Road":0,"Contributing_Circumstances__Road_Text_Format":"None","Road_2":88,"Road_2_Text_Format":"Not Applicable","Road_3":88,"Road_3_Text_Format":"Not Applicable","Crash_Specific_Location":1,"Crash_Specific_Location_Text_Format":"Non-Junction","Type_of_Intersection":1,"Type_of_Intersection_Text_Format":"Not at Intersection","School_Bus_Related":1,"School_Bus_Related_Text_Format":"No","Work_Zone_Related":1,"Work_Zone_Related_Text_Format":"No","Location_Of_Crash_Relative_To_Work_Zone":88,"Location_Of_Crash_Relative_To_Work_Zone_Text_Format":"Not Applicable","Type_of_Work_Zone":88,"Type_of_Work_Zone_Text_Format":"Not Applicable","Worker_Presence":88,"Worker_Presence_Text_Format":"Not Applicable","Law_Enforcement_Presence":88,"Law_Enforcement_Presence_Text_Format":"Not Applicable","Were_Vehicles_Moved_Prior_To_Police_Arrival":"FALSE","Trafficway_Ownership":1,"Trafficway_Ownership_Text_Format":"Public Road","Trafficway_Class":1,"Trafficway_Class_Text_Format":"Trafficway, On Road","Police_Agency":"CT0009300","Police_Agency_Text_Format":"New Haven PD","Badge_Number":48045,"Approval_Date":"26:40.0","Police_Case_Status":"O","Police_Case_Status_Text_Format":"Open","Crash_Report_Submission_Date":"01:40.0","Related_Case_Identifiers":null,"No__of_Through_Lanes__Log_Dir__":null,"Average_Daily_Traffic":null,"Functional_Classification":null,"Functional_Classification_Text_Format":null,"Rural_or_Urban":null,"Rural_or_Urban_Text_Format":null,"CrashSeverityClass":2,"SevereCrashIndicator":1,"CrashId_12_13":null,"VehicleId":1,"PersonId":1,"Age":25,"Gender":1,"Gender_Text_Format":"Male","State":"CT","Postal_Code":6513,"Injury_Status":"K","Condition_at_Time_of_Crash":2,"Condition_at_Time_of_Crash_Text_Format":"Physically Impaired","Condition_at_Time_of_Crash2":88,"Condition_at_Time_of_Crash2_Text_Format":"Not Applicable","Action_Taken_by_Officer":1,"Action_Taken_by_Officer_Text_Format":"Verbal Warning","Alcohol_Test_Status":1,"Alcohol_Test_Status_Text_Format":"Test Not Given","Type_Of_Alcohol_Test":88,"Type_Of_Alcohol_Test_Text_Format":"Not Applicable","Drug_Test_Status":1,"Drug_Test_Status_Text_Format":"Test Not Given","Type_Of_Drig_Test":88,"Type_Of_Drig_Test_Text_Format":"Not Applicable","Ejection_Status":1,"Ejection_Status_Text_Format":"Not Ejected","Restraint_System":99,"Restraint_System_Text_Format":"Unknown","Helmet_Use":88,"Helmet_Use_Text_Format":"Not Applicable","Air_Bag_Status":6,"Air_Bag_Status_Text_Format":"Deployed-Combination","Speeding_Related":3,"Speeding_Related_Text_Format":"Exceeded Speed Limit","Driver_Actions_1":10,"Driver_Actions_1_Text_Format":"Improper Passing","Driver_Actions_2":13,"Driver_Actions_2_Text_Format":"Failed to Keep in Proper Lane","Driver_Actions_3":14,"Driver_Actions_3_Text_Format":"Operated Motor Vehicle in Reckless or Aggressive Manner","Driver_Actions_4":88,"Driver_Actions_4_Text_Format":"Not Applicable","Driver_Distracted_By":99,"Driver_Distracted_By_Text_Format":"Unknown if Distracted","Roadway_On_Which_Nonmotorist_Was_Traveling_Located":null,"Direction_nonmotorist_was_traveling":null,"Direction_Unknown":null,"Striking_Motor_Vehicle_ID":null,"Bicycle_ID":null,"Non_Motorist_Not_In_Roadway":null,"Actions_or_Circumstances_Prior_to_Crash":null,"Actions_or_Circumstances_Prior_to_Crash_Text_Format":null,"To_or_From_School":null,"To_or_From_School_Text_Format":null,"Actions_or_Circumstances_At_Time_Of_Crash":null,"Actions_or_Circumstances_At_Time_Of_Crash_Text_Format":null,"Actions_or_Circumstances_At_Time_Of_Crash2":null,"Actions_or_Circumstances_At_Time_Of_Crash2_Text_Format":null,"Location_At_Time_Of_Crash":null,"Location_At_Time_Of_Crash_Text_Format":null,"Safety_Equipment":null,"Safety_Equipment_Text_Format":null,"Safety_Equipment2":null,"Safety_Equipment2_Text_Format":null,"Non_motorist_Distracted_By":null,"Non_motorist_Distracted_By_Text_Format":null,"Seating_Position":11,"Seating_Position_Text_Format":"First Row, Left\u00A0Seat","Seating_Position_for_Bus":null,"City":"New Haven","Country":"UnitedStates","Driver_License_Jurisdiction":2,"Driver_License_Jurisdiction_Text_Format":"State","Drivers_License_Issued_By":"CT","Drivers_License_Class":4,"Commercial_License_Class":1,"Commercial_License_Class_Text_Format":"No","Transported_to_First_Medical_Facility_By":3,"Transported_to_First_Medical_Facility_By_Text_Format":"EMS Ground","Name_of_the_EMS_agency":"AMER MED RESPONSE","Name_of_the_Intended_Receiving_Facility":"YALE-NH HOSP","OBJECTID_1":59}},{"type":"Feature","id":59,"geometry":{"type":"Point","coordinates":[950137.00002896786,671399.52036930621]},"properties":{"OBJECTID":59,"CrashId":1331412,"Person_Type":1,"Person_Type_Text_Format":"Driver","Injury_Status_Text_Format":"Fatal Injury (K)","Fatal_Case_Status":1,"Fatal_Case_Status_Text_Format":"Complete","CrashId_1":1331412,"CrashId_12":1331412,"Latitude":41.303626000000001,"Longitude":-72.931462999999994,"DOT_Case_Number":924160,"Town_Name":"New Haven","Town_Number":93,"Town_Number_1":93,"Town_Number_Text_Format":"New Haven","Date_Of_Crash":"2024-07-10","Year":2024,"Month":7,"Month_Text_Format":"July","Day":10,"Day_of_the_Week":4,"Day_of_the_Week_Text_Format":"Wednesday","Time_of_Crash":"4:54:00","Hour_of_the_Day":4,"Case_Identifier":24027920,"Crash_Severity":"K","Crash_Severity_Text_Format":"Fatal (Kill)","Most_Severe_Injury":"K","Most_Severe_Injury_Text_Format":"Fatal Injury (K)","Number_Of_Motor_Vehicles":2,"Number_Of_Non_Motorist":0,"Number_Of_Witnesses":0,"Route_Class":4,"Route_Class_Text_Format":"Local","Milemarker":0.089999999999999997,"Road_Number":564,"Road_Description":"SOUTH FRONTAGE RD","Roadway_Name":"SOUTH FRONTAGE RD","Intersecting_Roadway_Name":"COLLEGE ST","Landmark_Description":null,"Distance_From_Nearest_Landmark":null,"Unit_Of_Measure_From_Nearest_Landmark":null,"Direction_From_Nearest_Landmark":null,"Latitude_1":41.303626000000001,"Longitude_1":-72.931462999999994,"First_Harmful_Event":14,"First_Harmful_Event_Text_Format":"Motor Vehicle in Operation","Manner_of_Crash___Collision_Impact":3,"Manner_of_Crash___Collision_Impact_Text_Format":"Angle","Location_of_First_Harmful_Event":1,"Location_of_First_Harmful_Event_Text_Format":"On Roadway","Weather_Condition":1,"Weather_Condition_Text_Format":"Clear","Weather_2":88,"Weather_2_Text_Format":"Not Applicable","Light_Condition":4,"Light_Condition_Text_Format":"Dark-Lighted","Road_Surface_Condition":1,"Road_Surface_Condition_Text_Format":"Dry","Contributing_Circumstances__Environment":0,"Contributing_Circumstances__Environment_Text_Format":"None","Environment_2":88,"Environment_2_Text_Format":"Not Applicable","Environment_3":88,"Environment_3_Text_Format":"Not Applicable","Contributing_Circumstances__Road":0,"Contributing_Circumstances__Road_Text_Format":"None","Road_2":88,"Road_2_Text_Format":"Not Applicable","Road_3":88,"Road_3_Text_Format":"Not Applicable","Crash_Specific_Location":2,"Crash_Specific_Location_Text_Format":"Intersection","Type_of_Intersection":2,"Type_of_Intersection_Text_Format":"Four-Way Intersection","School_Bus_Related":1,"School_Bus_Related_Text_Format":"No","Work_Zone_Related":1,"Work_Zone_Related_Text_Format":"No","Location_Of_Crash_Relative_To_Work_Zone":88,"Location_Of_Crash_Relative_To_Work_Zone_Text_Format":"Not Applicable","Type_of_Work_Zone":88,"Type_of_Work_Zone_Text_Format":"Not Applicable","Worker_Presence":88,"Worker_Presence_Text_Format":"Not Applicable","Law_Enforcement_Presence":88,"Law_Enforcement_Presence_Text_Format":"Not Applicable","Were_Vehicles_Moved_Prior_To_Police_Arrival":"FALSE","Trafficway_Ownership":1,"Trafficway_Ownership_Text_Format":"Public Road","Trafficway_Class":1,"Trafficway_Class_Text_Format":"Trafficway, On Road","Police_Agency":"CT0009300","Police_Agency_Text_Format":"New Haven PD","Badge_Number":44947,"Approval_Date":"01:40.0","Police_Case_Status":"O","Police_Case_Status_Text_Format":"Open","Crash_Report_Submission_Date":"37:29.0","Related_Case_Identifiers":null,"No__of_Through_Lanes__Log_Dir__":null,"Average_Daily_Traffic":null,"Functional_Classification":null,"Functional_Classification_Text_Format":null,"Rural_or_Urban":null,"Rural_or_Urban_Text_Format":null,"CrashSeverityClass":2,"SevereCrashIndicator":1,"CrashId_12_13":null,"VehicleId":1,"PersonId":1,"Age":63,"Gender":1,"Gender_Text_Format":"Male","State":"CT","Postal_Code":6516,"Injury_Status":"K","Condition_at_Time_of_Crash":97,"Condition_at_Time_of_Crash_Text_Format":"Other","Condition_at_Time_of_Crash2":null,"Condition_at_Time_of_Crash2_Text_Format":null,"Action_Taken_by_Officer":0,"Action_Taken_by_Officer_Text_Format":"None taken","Alcohol_Test_Status":1,"Alcohol_Test_Status_Text_Format":"Test Not Given","Type_Of_Alcohol_Test":88,"Type_Of_Alcohol_Test_Text_Format":"Not Applicable","Drug_Test_Status":1,"Drug_Test_Status_Text_Format":"Test Not Given","Type_Of_Drig_Test":88,"Type_Of_Drig_Test_Text_Format":"Not Applicable","Ejection_Status":1,"Ejection_Status_Text_Format":"Not Ejected","Restraint_System":99,"Restraint_System_Text_Format":"Unknown","Helmet_Use":88,"Helmet_Use_Text_Format":"Not Applicable","Air_Bag_Status":6,"Air_Bag_Status_Text_Format":"Deployed-Combination","Speeding_Related":99,"Speeding_Related_Text_Format":"Unknown","Driver_Actions_1":1,"Driver_Actions_1_Text_Format":"No Contributing Action","Driver_Actions_2":88,"Driver_Actions_2_Text_Format":"Not Applicable","Driver_Actions_3":88,"Driver_Actions_3_Text_Format":"Not Applicable","Driver_Actions_4":88,"Driver_Actions_4_Text_Format":"Not Applicable","Driver_Distracted_By":99,"Driver_Distracted_By_Text_Format":"Unknown if Distracted","Roadway_On_Which_Nonmotorist_Was_Traveling_Located":null,"Direction_nonmotorist_was_traveling":null,"Direction_Unknown":null,"Striking_Motor_Vehicle_ID":null,"Bicycle_ID":null,"Non_Motorist_Not_In_Roadway":null,"Actions_or_Circumstances_Prior_to_Crash":null,"Actions_or_Circumstances_Prior_to_Crash_Text_Format":null,"To_or_From_School":null,"To_or_From_School_Text_Format":null,"Actions_or_Circumstances_At_Time_Of_Crash":null,"Actions_or_Circumstances_At_Time_Of_Crash_Text_Format":null,"Actions_or_Circumstances_At_Time_Of_Crash2":null,"Actions_or_Circumstances_At_Time_Of_Crash2_Text_Format":null,"Location_At_Time_Of_Crash":null,"Location_At_Time_Of_Crash_Text_Format":null,"Safety_Equipment":null,"Safety_Equipment_Text_Format":null,"Safety_Equipment2":null,"Safety_Equipment2_Text_Format":null,"Non_motorist_Distracted_By":null,"Non_motorist_Distracted_By_Text_Format":null,"Seating_Position":11,"Seating_Position_Text_Format":"First Row, Left\u00A0Seat","Seating_Position_for_Bus":null,"City":"West Haven","Country":"UnitedStates","Driver_License_Jurisdiction":2,"Driver_License_Jurisdiction_Text_Format":"State","Drivers_License_Issued_By":"CT","Drivers_License_Class":4,"Commercial_License_Class":2,"Commercial_License_Class_Text_Format":"Yes","Transported_to_First_Medical_Facility_By":3,"Transported_to_First_Medical_Facility_By_Text_Format":"EMS Ground","Name_of_the_EMS_agency":"AMER MED RESPONSE","Name_of_the_Intended_Receiving_Facility":"YALE-NH HOSP","OBJECTID_1":60}},{"type":"Feature","id":60,"geometry":{"type":"Point","coordinates":[949155.61846154928,681917.02230013907]},"properties":{"OBJECTID":60,"CrashId":1331834,"Person_Type":1,"Person_Type_Text_Format":"Driver","Injury_Status_Text_Format":"Fatal Injury (K)","Fatal_Case_Status":1,"Fatal_Case_Status_Text_Format":"Complete","CrashId_1":1331834,"CrashId_12":1331834,"Latitude":41.332452000000004,"Longitude":-72.935139000000007,"DOT_Case_Number":924179,"Town_Name":"New Haven","Town_Number":93,"Town_Number_1":93,"Town_Number_Text_Format":"New Haven","Date_Of_Crash":"2024-08-05","Year":2024,"Month":8,"Month_Text_Format":"August","Day":5,"Day_of_the_Week":2,"Day_of_the_Week_Text_Format":"Monday","Time_of_Crash":"21:46:00","Hour_of_the_Day":21,"Case_Identifier":24032110,"Crash_Severity":"K","Crash_Severity_Text_Format":"Fatal (Kill)","Most_Severe_Injury":"K","Most_Severe_Injury_Text_Format":"Fatal Injury (K)","Number_Of_Motor_Vehicles":2,"Number_Of_Non_Motorist":0,"Number_Of_Witnesses":0,"Route_Class":4,"Route_Class_Text_Format":"Local","Milemarker":1.3799999999999999,"Road_Number":152,"Road_Description":"DIXWELL AV","Roadway_Name":"DIXWELL AV","Intersecting_Roadway_Name":"BASSETT ST","Landmark_Description":null,"Distance_From_Nearest_Landmark":null,"Unit_Of_Measure_From_Nearest_Landmark":null,"Direction_From_Nearest_Landmark":null,"Latitude_1":41.332452000000004,"Longitude_1":-72.935139000000007,"First_Harmful_Event":14,"First_Harmful_Event_Text_Format":"Motor Vehicle in Operation","Manner_of_Crash___Collision_Impact":3,"Manner_of_Crash___Collision_Impact_Text_Format":"Angle","Location_of_First_Harmful_Event":1,"Location_of_First_Harmful_Event_Text_Format":"On Roadway","Weather_Condition":1,"Weather_Condition_Text_Format":"Clear","Weather_2":88,"Weather_2_Text_Format":"Not Applicable","Light_Condition":4,"Light_Condition_Text_Format":"Dark-Lighted","Road_Surface_Condition":1,"Road_Surface_Condition_Text_Format":"Dry","Contributing_Circumstances__Environment":0,"Contributing_Circumstances__Environment_Text_Format":"None","Environment_2":88,"Environment_2_Text_Format":"Not Applicable","Environment_3":88,"Environment_3_Text_Format":"Not Applicable","Contributing_Circumstances__Road":0,"Contributing_Circumstances__Road_Text_Format":"None","Road_2":88,"Road_2_Text_Format":"Not Applicable","Road_3":88,"Road_3_Text_Format":"Not Applicable","Crash_Specific_Location":2,"Crash_Specific_Location_Text_Format":"Intersection","Type_of_Intersection":2,"Type_of_Intersection_Text_Format":"Four-Way Intersection","School_Bus_Related":1,"School_Bus_Related_Text_Format":"No","Work_Zone_Related":1,"Work_Zone_Related_Text_Format":"No","Location_Of_Crash_Relative_To_Work_Zone":88,"Location_Of_Crash_Relative_To_Work_Zone_Text_Format":"Not Applicable","Type_of_Work_Zone":88,"Type_of_Work_Zone_Text_Format":"Not Applicable","Worker_Presence":88,"Worker_Presence_Text_Format":"Not Applicable","Law_Enforcement_Presence":88,"Law_Enforcement_Presence_Text_Format":"Not Applicable","Were_Vehicles_Moved_Prior_To_Police_Arrival":"FALSE","Trafficway_Ownership":1,"Trafficway_Ownership_Text_Format":"Public Road","Trafficway_Class":1,"Trafficway_Class_Text_Format":"Trafficway, On Road","Police_Agency":"CT0009300","Police_Agency_Text_Format":"New Haven PD","Badge_Number":46174,"Approval_Date":"14:28.0","Police_Case_Status":"O","Police_Case_Status_Text_Format":"Open","Crash_Report_Submission_Date":"41:59.0","Related_Case_Identifiers":null,"No__of_Through_Lanes__Log_Dir__":null,"Average_Daily_Traffic":null,"Functional_Classification":null,"Functional_Classification_Text_Format":null,"Rural_or_Urban":null,"Rural_or_Urban_Text_Format":null,"CrashSeverityClass":2,"SevereCrashIndicator":1,"CrashId_12_13":null,"VehicleId":2,"PersonId":2,"Age":59,"Gender":1,"Gender_Text_Format":"Male","State":"CT","Postal_Code":6511,"Injury_Status":"K","Condition_at_Time_of_Crash":97,"Condition_at_Time_of_Crash_Text_Format":"Other","Condition_at_Time_of_Crash2":null,"Condition_at_Time_of_Crash2_Text_Format":null,"Action_Taken_by_Officer":0,"Action_Taken_by_Officer_Text_Format":"None taken","Alcohol_Test_Status":1,"Alcohol_Test_Status_Text_Format":"Test Not Given","Type_Of_Alcohol_Test":88,"Type_Of_Alcohol_Test_Text_Format":"Not Applicable","Drug_Test_Status":1,"Drug_Test_Status_Text_Format":"Test Not Given","Type_Of_Drig_Test":88,"Type_Of_Drig_Test_Text_Format":"Not Applicable","Ejection_Status":1,"Ejection_Status_Text_Format":"Not Ejected","Restraint_System":99,"Restraint_System_Text_Format":"Unknown","Helmet_Use":88,"Helmet_Use_Text_Format":"Not Applicable","Air_Bag_Status":2,"Air_Bag_Status_Text_Format":"Deployed-Front","Speeding_Related":1,"Speeding_Related_Text_Format":"No","Driver_Actions_1":1,"Driver_Actions_1_Text_Format":"No Contributing Action","Driver_Actions_2":88,"Driver_Actions_2_Text_Format":"Not Applicable","Driver_Actions_3":88,"Driver_Actions_3_Text_Format":"Not Applicable","Driver_Actions_4":88,"Driver_Actions_4_Text_Format":"Not Applicable","Driver_Distracted_By":99,"Driver_Distracted_By_Text_Format":"Unknown if Distracted","Roadway_On_Which_Nonmotorist_Was_Traveling_Located":null,"Direction_nonmotorist_was_traveling":null,"Direction_Unknown":null,"Striking_Motor_Vehicle_ID":null,"Bicycle_ID":null,"Non_Motorist_Not_In_Roadway":null,"Actions_or_Circumstances_Prior_to_Crash":null,"Actions_or_Circumstances_Prior_to_Crash_Text_Format":null,"To_or_From_School":null,"To_or_From_School_Text_Format":null,"Actions_or_Circumstances_At_Time_Of_Crash":null,"Actions_or_Circumstances_At_Time_Of_Crash_Text_Format":null,"Actions_or_Circumstances_At_Time_Of_Crash2":null,"Actions_or_Circumstances_At_Time_Of_Crash2_Text_Format":null,"Location_At_Time_Of_Crash":null,"Location_At_Time_Of_Crash_Text_Format":null,"Safety_Equipment":null,"Safety_Equipment_Text_Format":null,"Safety_Equipment2":null,"Safety_Equipment2_Text_Format":null,"Non_motorist_Distracted_By":null,"Non_motorist_Distracted_By_Text_Format":null,"Seating_Position":11,"Seating_Position_Text_Format":"First Row, Left\u00A0Seat","Seating_Position_for_Bus":null,"City":"Stratford","Country":"UnitedStates","Driver_License_Jurisdiction":2,"Driver_License_Jurisdiction_Text_Format":"State","Drivers_License_Issued_By":"CT","Drivers_License_Class":4,"Commercial_License_Class":1,"Commercial_License_Class_Text_Format":"No","Transported_to_First_Medical_Facility_By":3,"Transported_to_First_Medical_Facility_By_Text_Format":"EMS Ground","Name_of_the_EMS_agency":"AMER MED RESPONSE","Name_of_the_Intended_Receiving_Facility":"YALE-NH HOSP","OBJECTID_1":61}},{"type":"Feature","id":61,"geometry":{"type":"Point","coordinates":[951360.60486522317,671676.62283347547]},"properties":{"OBJECTID":61,"CrashId":1334443,"Person_Type":5,"Person_Type_Text_Format":"Bicyclist","Injury_Status_Text_Format":"Fatal Injury (K)","Fatal_Case_Status":1,"Fatal_Case_Status_Text_Format":"Complete","CrashId_1":1334443,"CrashId_12":1334443,"Latitude":41.30437276,"Longitude":-72.927016870000003,"DOT_Case_Number":924254,"Town_Name":"New Haven","Town_Number":93,"Town_Number_1":93,"Town_Number_Text_Format":"New Haven","Date_Of_Crash":"2024-10-17","Year":2024,"Month":10,"Month_Text_Format":"October","Day":17,"Day_of_the_Week":5,"Day_of_the_Week_Text_Format":"Thursday","Time_of_Crash":"2:07:00","Hour_of_the_Day":2,"Case_Identifier":24042543,"Crash_Severity":"K","Crash_Severity_Text_Format":"Fatal (Kill)","Most_Severe_Injury":"K","Most_Severe_Injury_Text_Format":"Fatal Injury (K)","Number_Of_Motor_Vehicles":1,"Number_Of_Non_Motorist":1,"Number_Of_Witnesses":0,"Route_Class":4,"Route_Class_Text_Format":"Local","Milemarker":0.040000000000000001,"Road_Number":103,"Road_Description":"CHURCH ST","Roadway_Name":"CHURCH ST","Intersecting_Roadway_Name":"REV DR MARTIN LUTHER KING JR BLVD","Landmark_Description":null,"Distance_From_Nearest_Landmark":null,"Unit_Of_Measure_From_Nearest_Landmark":null,"Direction_From_Nearest_Landmark":null,"Latitude_1":41.30437276,"Longitude_1":-72.927016870000003,"First_Harmful_Event":10,"First_Harmful_Event_Text_Format":"Pedalcycle/Pedalcyclist","Manner_of_Crash___Collision_Impact":88,"Manner_of_Crash___Collision_Impact_Text_Format":"Not Applicable","Location_of_First_Harmful_Event":1,"Location_of_First_Harmful_Event_Text_Format":"On Roadway","Weather_Condition":1,"Weather_Condition_Text_Format":"Clear","Weather_2":88,"Weather_2_Text_Format":"Not Applicable","Light_Condition":4,"Light_Condition_Text_Format":"Dark-Lighted","Road_Surface_Condition":1,"Road_Surface_Condition_Text_Format":"Dry","Contributing_Circumstances__Environment":0,"Contributing_Circumstances__Environment_Text_Format":"None","Environment_2":88,"Environment_2_Text_Format":"Not Applicable","Environment_3":88,"Environment_3_Text_Format":"Not Applicable","Contributing_Circumstances__Road":0,"Contributing_Circumstances__Road_Text_Format":"None","Road_2":88,"Road_2_Text_Format":"Not Applicable","Road_3":88,"Road_3_Text_Format":"Not Applicable","Crash_Specific_Location":2,"Crash_Specific_Location_Text_Format":"Intersection","Type_of_Intersection":2,"Type_of_Intersection_Text_Format":"Four-Way Intersection","School_Bus_Related":1,"School_Bus_Related_Text_Format":"No","Work_Zone_Related":1,"Work_Zone_Related_Text_Format":"No","Location_Of_Crash_Relative_To_Work_Zone":88,"Location_Of_Crash_Relative_To_Work_Zone_Text_Format":"Not Applicable","Type_of_Work_Zone":88,"Type_of_Work_Zone_Text_Format":"Not Applicable","Worker_Presence":88,"Worker_Presence_Text_Format":"Not Applicable","Law_Enforcement_Presence":88,"Law_Enforcement_Presence_Text_Format":"Not Applicable","Were_Vehicles_Moved_Prior_To_Police_Arrival":"FALSE","Trafficway_Ownership":1,"Trafficway_Ownership_Text_Format":"Public Road","Trafficway_Class":1,"Trafficway_Class_Text_Format":"Trafficway, On Road","Police_Agency":"CT0009300","Police_Agency_Text_Format":"New Haven PD","Badge_Number":44946,"Approval_Date":"21:05.0","Police_Case_Status":"O","Police_Case_Status_Text_Format":"Open","Crash_Report_Submission_Date":"10:30.0","Related_Case_Identifiers":null,"No__of_Through_Lanes__Log_Dir__":null,"Average_Daily_Traffic":null,"Functional_Classification":null,"Functional_Classification_Text_Format":null,"Rural_or_Urban":null,"Rural_or_Urban_Text_Format":null,"CrashSeverityClass":2,"SevereCrashIndicator":1,"CrashId_12_13":null,"VehicleId":null,"PersonId":2,"Age":24,"Gender":1,"Gender_Text_Format":"Male","State":null,"Postal_Code":null,"Injury_Status":"K","Condition_at_Time_of_Crash":99,"Condition_at_Time_of_Crash_Text_Format":"Unknown","Condition_at_Time_of_Crash2":99,"Condition_at_Time_of_Crash2_Text_Format":"Unknown","Action_Taken_by_Officer":0,"Action_Taken_by_Officer_Text_Format":"None taken","Alcohol_Test_Status":1,"Alcohol_Test_Status_Text_Format":"Test Not Given","Type_Of_Alcohol_Test":88,"Type_Of_Alcohol_Test_Text_Format":"Not Applicable","Drug_Test_Status":1,"Drug_Test_Status_Text_Format":"Test Not Given","Type_Of_Drig_Test":88,"Type_Of_Drig_Test_Text_Format":"Not Applicable","Ejection_Status":null,"Ejection_Status_Text_Format":null,"Restraint_System":null,"Restraint_System_Text_Format":null,"Helmet_Use":null,"Helmet_Use_Text_Format":null,"Air_Bag_Status":null,"Air_Bag_Status_Text_Format":null,"Speeding_Related":null,"Speeding_Related_Text_Format":null,"Driver_Actions_1":null,"Driver_Actions_1_Text_Format":null,"Driver_Actions_2":null,"Driver_Actions_2_Text_Format":null,"Driver_Actions_3":null,"Driver_Actions_3_Text_Format":null,"Driver_Actions_4":null,"Driver_Actions_4_Text_Format":null,"Driver_Distracted_By":null,"Driver_Distracted_By_Text_Format":null,"Roadway_On_Which_Nonmotorist_Was_Traveling_Located":"CHURCH ST","Direction_nonmotorist_was_traveling":"S","Direction_Unknown":0,"Striking_Motor_Vehicle_ID":1,"Bicycle_ID":"2","Non_Motorist_Not_In_Roadway":0,"Actions_or_Circumstances_Prior_to_Crash":3,"Actions_or_Circumstances_Prior_to_Crash_Text_Format":"Walking/Cycling along Roadway Along Traffic (In or Adjacent to Travel Lane)","To_or_From_School":99,"To_or_From_School_Text_Format":"Unknown","Actions_or_Circumstances_At_Time_Of_Crash":99,"Actions_or_Circumstances_At_Time_Of_Crash_Text_Format":"Unknown","Actions_or_Circumstances_At_Time_Of_Crash2":88,"Actions_or_Circumstances_At_Time_Of_Crash2_Text_Format":"Not Applicable","Location_At_Time_Of_Crash":1,"Location_At_Time_Of_Crash_Text_Format":"Intersection-Marked Crosswalk","Safety_Equipment":0,"Safety_Equipment_Text_Format":"None","Safety_Equipment2":88,"Safety_Equipment2_Text_Format":"Not Applicable","Non_motorist_Distracted_By":1,"Non_motorist_Distracted_By_Text_Format":"Not Distracted","Seating_Position":null,"Seating_Position_Text_Format":null,"Seating_Position_for_Bus":null,"City":null,"Country":"UnitedStates","Driver_License_Jurisdiction":99,"Driver_License_Jurisdiction_Text_Format":"Unknown","Drivers_License_Issued_By":null,"Drivers_License_Class":null,"Commercial_License_Class":null,"Commercial_License_Class_Text_Format":null,"Transported_to_First_Medical_Facility_By":3,"Transported_to_First_Medical_Facility_By_Text_Format":"EMS Ground","Name_of_the_EMS_agency":"AMER MED RESPONSE","Name_of_the_Intended_Receiving_Facility":"YALE-NH HOSP","OBJECTID_1":62}},{"type":"Feature","id":62,"geometry":{"type":"Point","coordinates":[961613.04958339036,659803.65773430467]},"properties":{"OBJECTID":62,"CrashId":1334796,"Person_Type":1,"Person_Type_Text_Format":"Driver","Injury_Status_Text_Format":"Fatal Injury (K)","Fatal_Case_Status":1,"Fatal_Case_Status_Text_Format":"Complete","CrashId_1":1334796,"CrashId_12":1334796,"Latitude":41.271926999999998,"Longitude":-72.889636999999993,"DOT_Case_Number":925236,"Town_Name":"New Haven","Town_Number":93,"Town_Number_1":93,"Town_Number_Text_Format":"New Haven","Date_Of_Crash":"2025-11-17","Year":2025,"Month":11,"Month_Text_Format":"November","Day":17,"Day_of_the_Week":2,"Day_of_the_Week_Text_Format":"Monday","Time_of_Crash":"9:49:00","Hour_of_the_Day":9,"Case_Identifier":25046347,"Crash_Severity":"K","Crash_Severity_Text_Format":"Fatal (Kill)","Most_Severe_Injury":"K","Most_Severe_Injury_Text_Format":"Fatal Injury (K)","Number_Of_Motor_Vehicles":1,"Number_Of_Non_Motorist":0,"Number_Of_Witnesses":1,"Route_Class":4,"Route_Class_Text_Format":"Local","Milemarker":0.53000000000000003,"Road_Number":74,"Road_Description":"BURR ST","Roadway_Name":"BURR ST","Intersecting_Roadway_Name":"HALL ST","Landmark_Description":null,"Distance_From_Nearest_Landmark":null,"Unit_Of_Measure_From_Nearest_Landmark":null,"Direction_From_Nearest_Landmark":null,"Latitude_1":41.271926999999998,"Longitude_1":-72.889636999999993,"First_Harmful_Event":32,"First_Harmful_Event_Text_Format":"Tree (standing)","Manner_of_Crash___Collision_Impact":88,"Manner_of_Crash___Collision_Impact_Text_Format":"Not Applicable","Location_of_First_Harmful_Event":4,"Location_of_First_Harmful_Event_Text_Format":"Roadside","Weather_Condition":2,"Weather_Condition_Text_Format":"Cloudy","Weather_2":88,"Weather_2_Text_Format":"Not Applicable","Light_Condition":1,"Light_Condition_Text_Format":"Daylight","Road_Surface_Condition":1,"Road_Surface_Condition_Text_Format":"Dry","Contributing_Circumstances__Environment":99,"Contributing_Circumstances__Environment_Text_Format":"Unknown","Environment_2":88,"Environment_2_Text_Format":"Not Applicable","Environment_3":88,"Environment_3_Text_Format":"Not Applicable","Contributing_Circumstances__Road":0,"Contributing_Circumstances__Road_Text_Format":"None","Road_2":88,"Road_2_Text_Format":"Not Applicable","Road_3":88,"Road_3_Text_Format":"Not Applicable","Crash_Specific_Location":3,"Crash_Specific_Location_Text_Format":"Intersection-Related","Type_of_Intersection":3,"Type_of_Intersection_Text_Format":"T-Intersection","School_Bus_Related":1,"School_Bus_Related_Text_Format":"No","Work_Zone_Related":1,"Work_Zone_Related_Text_Format":"No","Location_Of_Crash_Relative_To_Work_Zone":88,"Location_Of_Crash_Relative_To_Work_Zone_Text_Format":"Not Applicable","Type_of_Work_Zone":88,"Type_of_Work_Zone_Text_Format":"Not Applicable","Worker_Presence":88,"Worker_Presence_Text_Format":"Not Applicable","Law_Enforcement_Presence":88,"Law_Enforcement_Presence_Text_Format":"Not Applicable","Were_Vehicles_Moved_Prior_To_Police_Arrival":"FALSE","Trafficway_Ownership":1,"Trafficway_Ownership_Text_Format":"Public Road","Trafficway_Class":1,"Trafficway_Class_Text_Format":"Trafficway, On Road","Police_Agency":"CT0009300","Police_Agency_Text_Format":"New Haven PD","Badge_Number":175,"Approval_Date":"09:26.0","Police_Case_Status":"O","Police_Case_Status_Text_Format":"Open","Crash_Report_Submission_Date":"01:37.0","Related_Case_Identifiers":null,"No__of_Through_Lanes__Log_Dir__":null,"Average_Daily_Traffic":null,"Functional_Classification":null,"Functional_Classification_Text_Format":null,"Rural_or_Urban":null,"Rural_or_Urban_Text_Format":null,"CrashSeverityClass":2,"SevereCrashIndicator":1,"CrashId_12_13":null,"VehicleId":1,"PersonId":1,"Age":62,"Gender":1,"Gender_Text_Format":"Male","State":"CT","Postal_Code":6471,"Injury_Status":"K","Condition_at_Time_of_Crash":4,"Condition_at_Time_of_Crash_Text_Format":"Ill (sick), Fainted","Condition_at_Time_of_Crash2":88,"Condition_at_Time_of_Crash2_Text_Format":"Not Applicable","Action_Taken_by_Officer":0,"Action_Taken_by_Officer_Text_Format":"None taken","Alcohol_Test_Status":1,"Alcohol_Test_Status_Text_Format":"Test Not Given","Type_Of_Alcohol_Test":88,"Type_Of_Alcohol_Test_Text_Format":"Not Applicable","Drug_Test_Status":1,"Drug_Test_Status_Text_Format":"Test Not Given","Type_Of_Drig_Test":88,"Type_Of_Drig_Test_Text_Format":"Not Applicable","Ejection_Status":1,"Ejection_Status_Text_Format":"Not Ejected","Restraint_System":99,"Restraint_System_Text_Format":"Unknown","Helmet_Use":88,"Helmet_Use_Text_Format":"Not Applicable","Air_Bag_Status":2,"Air_Bag_Status_Text_Format":"Deployed-Front","Speeding_Related":99,"Speeding_Related_Text_Format":"Unknown","Driver_Actions_1":2,"Driver_Actions_1_Text_Format":"Ran Off Roadway","Driver_Actions_2":88,"Driver_Actions_2_Text_Format":"Not Applicable","Driver_Actions_3":88,"Driver_Actions_3_Text_Format":"Not Applicable","Driver_Actions_4":88,"Driver_Actions_4_Text_Format":"Not Applicable","Driver_Distracted_By":99,"Driver_Distracted_By_Text_Format":"Unknown if Distracted","Roadway_On_Which_Nonmotorist_Was_Traveling_Located":null,"Direction_nonmotorist_was_traveling":null,"Direction_Unknown":null,"Striking_Motor_Vehicle_ID":null,"Bicycle_ID":null,"Non_Motorist_Not_In_Roadway":null,"Actions_or_Circumstances_Prior_to_Crash":null,"Actions_or_Circumstances_Prior_to_Crash_Text_Format":null,"To_or_From_School":null,"To_or_From_School_Text_Format":null,"Actions_or_Circumstances_At_Time_Of_Crash":null,"Actions_or_Circumstances_At_Time_Of_Crash_Text_Format":null,"Actions_or_Circumstances_At_Time_Of_Crash2":null,"Actions_or_Circumstances_At_Time_Of_Crash2_Text_Format":null,"Location_At_Time_Of_Crash":null,"Location_At_Time_Of_Crash_Text_Format":null,"Safety_Equipment":null,"Safety_Equipment_Text_Format":null,"Safety_Equipment2":null,"Safety_Equipment2_Text_Format":null,"Non_motorist_Distracted_By":null,"Non_motorist_Distracted_By_Text_Format":null,"Seating_Position":11,"Seating_Position_Text_Format":"First Row, Left\u00A0Seat","Seating_Position_for_Bus":null,"City":"North Branford","Country":"UnitedStates","Driver_License_Jurisdiction":2,"Driver_License_Jurisdiction_Text_Format":"State","Drivers_License_Issued_By":"CT","Drivers_License_Class":4,"Commercial_License_Class":1,"Commercial_License_Class_Text_Format":"No","Transported_to_First_Medical_Facility_By":3,"Transported_to_First_Medical_Facility_By_Text_Format":"EMS Ground","Name_of_the_EMS_agency":"AMER MED RESPONSE","Name_of_the_Intended_Receiving_Facility":"YALE-NH HOSP","OBJECTID_1":63}},{"type":"Feature","id":63,"geometry":{"type":"Point","coordinates":[944213.66804364324,672835.00043797493]},"properties":{"OBJECTID":63,"CrashId":1336188,"Person_Type":3,"Person_Type_Text_Format":"Pedestrian","Injury_Status_Text_Format":"Fatal Injury (K)","Fatal_Case_Status":1,"Fatal_Case_Status_Text_Format":"Complete","CrashId_1":1336188,"CrashId_12":1336188,"Latitude":41.307521719999997,"Longitude":-72.952967770000001,"DOT_Case_Number":925184,"Town_Name":"New Haven","Town_Number":93,"Town_Number_1":93,"Town_Number_Text_Format":"New Haven","Date_Of_Crash":"2025-09-26","Year":2025,"Month":9,"Month_Text_Format":"September","Day":26,"Day_of_the_Week":6,"Day_of_the_Week_Text_Format":"Friday","Time_of_Crash":"22:04:00","Hour_of_the_Day":22,"Case_Identifier":25039480,"Crash_Severity":"K","Crash_Severity_Text_Format":"Fatal (Kill)","Most_Severe_Injury":"K","Most_Severe_Injury_Text_Format":"Fatal Injury (K)","Number_Of_Motor_Vehicles":1,"Number_Of_Non_Motorist":1,"Number_Of_Witnesses":0,"Route_Class":3,"Route_Class_Text_Format":"State","Milemarker":2.2000000000000002,"Road_Number":10,"Road_Description":"10-N","Roadway_Name":"10-N","Intersecting_Roadway_Name":null,"Landmark_Description":"M LUTHER KING BLVD","Distance_From_Nearest_Landmark":315,"Unit_Of_Measure_From_Nearest_Landmark":"Feet","Direction_From_Nearest_Landmark":"N","Latitude_1":41.307521719999997,"Longitude_1":-72.952967770000001,"First_Harmful_Event":9,"First_Harmful_Event_Text_Format":"Pedestrian","Manner_of_Crash___Collision_Impact":88,"Manner_of_Crash___Collision_Impact_Text_Format":"Not Applicable","Location_of_First_Harmful_Event":1,"Location_of_First_Harmful_Event_Text_Format":"On Roadway","Weather_Condition":1,"Weather_Condition_Text_Format":"Clear","Weather_2":88,"Weather_2_Text_Format":"Not Applicable","Light_Condition":5,"Light_Condition_Text_Format":"Dark-Not Lighted","Road_Surface_Condition":1,"Road_Surface_Condition_Text_Format":"Dry","Contributing_Circumstances__Environment":0,"Contributing_Circumstances__Environment_Text_Format":"None","Environment_2":88,"Environment_2_Text_Format":"Not Applicable","Environment_3":88,"Environment_3_Text_Format":"Not Applicable","Contributing_Circumstances__Road":0,"Contributing_Circumstances__Road_Text_Format":"None","Road_2":88,"Road_2_Text_Format":"Not Applicable","Road_3":88,"Road_3_Text_Format":"Not Applicable","Crash_Specific_Location":1,"Crash_Specific_Location_Text_Format":"Non-Junction","Type_of_Intersection":1,"Type_of_Intersection_Text_Format":"Not at Intersection","School_Bus_Related":1,"School_Bus_Related_Text_Format":"No","Work_Zone_Related":1,"Work_Zone_Related_Text_Format":"No","Location_Of_Crash_Relative_To_Work_Zone":88,"Location_Of_Crash_Relative_To_Work_Zone_Text_Format":"Not Applicable","Type_of_Work_Zone":88,"Type_of_Work_Zone_Text_Format":"Not Applicable","Worker_Presence":88,"Worker_Presence_Text_Format":"Not Applicable","Law_Enforcement_Presence":88,"Law_Enforcement_Presence_Text_Format":"Not Applicable","Were_Vehicles_Moved_Prior_To_Police_Arrival":"FALSE","Trafficway_Ownership":1,"Trafficway_Ownership_Text_Format":"Public Road","Trafficway_Class":1,"Trafficway_Class_Text_Format":"Trafficway, On Road","Police_Agency":"CT0009300","Police_Agency_Text_Format":"New Haven PD","Badge_Number":48046,"Approval_Date":"01:24.0","Police_Case_Status":"O","Police_Case_Status_Text_Format":"Open","Crash_Report_Submission_Date":"01:53.0","Related_Case_Identifiers":null,"No__of_Through_Lanes__Log_Dir__":null,"Average_Daily_Traffic":null,"Functional_Classification":null,"Functional_Classification_Text_Format":null,"Rural_or_Urban":null,"Rural_or_Urban_Text_Format":null,"CrashSeverityClass":2,"SevereCrashIndicator":1,"CrashId_12_13":null,"VehicleId":null,"PersonId":2,"Age":43,"Gender":2,"Gender_Text_Format":"Female","State":"CT","Postal_Code":6511,"Injury_Status":"K","Condition_at_Time_of_Crash":99,"Condition_at_Time_of_Crash_Text_Format":"Unknown","Condition_at_Time_of_Crash2":null,"Condition_at_Time_of_Crash2_Text_Format":null,"Action_Taken_by_Officer":0,"Action_Taken_by_Officer_Text_Format":"None taken","Alcohol_Test_Status":1,"Alcohol_Test_Status_Text_Format":"Test Not Given","Type_Of_Alcohol_Test":88,"Type_Of_Alcohol_Test_Text_Format":"Not Applicable","Drug_Test_Status":1,"Drug_Test_Status_Text_Format":"Test Not Given","Type_Of_Drig_Test":88,"Type_Of_Drig_Test_Text_Format":"Not Applicable","Ejection_Status":null,"Ejection_Status_Text_Format":null,"Restraint_System":null,"Restraint_System_Text_Format":null,"Helmet_Use":null,"Helmet_Use_Text_Format":null,"Air_Bag_Status":null,"Air_Bag_Status_Text_Format":null,"Speeding_Related":null,"Speeding_Related_Text_Format":null,"Driver_Actions_1":null,"Driver_Actions_1_Text_Format":null,"Driver_Actions_2":null,"Driver_Actions_2_Text_Format":null,"Driver_Actions_3":null,"Driver_Actions_3_Text_Format":null,"Driver_Actions_4":null,"Driver_Actions_4_Text_Format":null,"Driver_Distracted_By":null,"Driver_Distracted_By_Text_Format":null,"Roadway_On_Which_Nonmotorist_Was_Traveling_Located":"ELLA T GRASSO BLVD","Direction_nonmotorist_was_traveling":"E","Direction_Unknown":0,"Striking_Motor_Vehicle_ID":1,"Bicycle_ID":null,"Non_Motorist_Not_In_Roadway":0,"Actions_or_Circumstances_Prior_to_Crash":1,"Actions_or_Circumstances_Prior_to_Crash_Text_Format":"Crossing Roadway","To_or_From_School":1,"To_or_From_School_Text_Format":"No","Actions_or_Circumstances_At_Time_Of_Crash":3,"Actions_or_Circumstances_At_Time_Of_Crash_Text_Format":"Failure to Yield Right-Of-Way","Actions_or_Circumstances_At_Time_Of_Crash2":88,"Actions_or_Circumstances_At_Time_Of_Crash2_Text_Format":"Not Applicable","Location_At_Time_Of_Crash":5,"Location_At_Time_Of_Crash_Text_Format":"Travel Lane-Other Location","Safety_Equipment":0,"Safety_Equipment_Text_Format":"None","Safety_Equipment2":88,"Safety_Equipment2_Text_Format":"Not Applicable","Non_motorist_Distracted_By":99,"Non_motorist_Distracted_By_Text_Format":"Unknown if Distracted","Seating_Position":null,"Seating_Position_Text_Format":null,"Seating_Position_for_Bus":null,"City":"New Haven","Country":"UnitedStates","Driver_License_Jurisdiction":null,"Driver_License_Jurisdiction_Text_Format":null,"Drivers_License_Issued_By":"CT","Drivers_License_Class":null,"Commercial_License_Class":null,"Commercial_License_Class_Text_Format":null,"Transported_to_First_Medical_Facility_By":3,"Transported_to_First_Medical_Facility_By_Text_Format":"EMS Ground","Name_of_the_EMS_agency":"AMER MED RESPONSE","Name_of_the_Intended_Receiving_Facility":"YALE-NH HOSP","OBJECTID_1":64}},{"type":"Feature","id":64,"geometry":{"type":"Point","coordinates":[945022.60343363881,669141.15054222941]},"properties":{"OBJECTID":64,"CrashId":1336731,"Person_Type":3,"Person_Type_Text_Format":"Pedestrian","Injury_Status_Text_Format":"Fatal Injury (K)","Fatal_Case_Status":1,"Fatal_Case_Status_Text_Format":"Complete","CrashId_1":1336731,"CrashId_12":1336731,"Latitude":41.29743148,"Longitude":-72.950082800000004,"DOT_Case_Number":925249,"Town_Name":"New Haven","Town_Number":93,"Town_Number_1":93,"Town_Number_Text_Format":"New Haven","Date_Of_Crash":"2025-11-26","Year":2025,"Month":11,"Month_Text_Format":"November","Day":26,"Day_of_the_Week":4,"Day_of_the_Week_Text_Format":"Wednesday","Time_of_Crash":"19:26:00","Hour_of_the_Day":19,"Case_Identifier":25047628,"Crash_Severity":"K","Crash_Severity_Text_Format":"Fatal (Kill)","Most_Severe_Injury":"K","Most_Severe_Injury_Text_Format":"Fatal Injury (K)","Number_Of_Motor_Vehicles":1,"Number_Of_Non_Motorist":1,"Number_Of_Witnesses":0,"Route_Class":2,"Route_Class_Text_Format":"USRoute","Milemarker":46.579999999999998,"Road_Number":1,"Road_Description":"1-N","Roadway_Name":"1-N","Intersecting_Roadway_Name":null,"Landmark_Description":"ELLA T GRASSO BLVD","Distance_From_Nearest_Landmark":300,"Unit_Of_Measure_From_Nearest_Landmark":"Feet","Direction_From_Nearest_Landmark":"S","Latitude_1":41.29743148,"Longitude_1":-72.950082800000004,"First_Harmful_Event":9,"First_Harmful_Event_Text_Format":"Pedestrian","Manner_of_Crash___Collision_Impact":88,"Manner_of_Crash___Collision_Impact_Text_Format":"Not Applicable","Location_of_First_Harmful_Event":1,"Location_of_First_Harmful_Event_Text_Format":"On Roadway","Weather_Condition":1,"Weather_Condition_Text_Format":"Clear","Weather_2":88,"Weather_2_Text_Format":"Not Applicable","Light_Condition":6,"Light_Condition_Text_Format":"Dark-Unknown Lighting","Road_Surface_Condition":1,"Road_Surface_Condition_Text_Format":"Dry","Contributing_Circumstances__Environment":99,"Contributing_Circumstances__Environment_Text_Format":"Unknown","Environment_2":88,"Environment_2_Text_Format":"Not Applicable","Environment_3":88,"Environment_3_Text_Format":"Not Applicable","Contributing_Circumstances__Road":99,"Contributing_Circumstances__Road_Text_Format":"Unknown","Road_2":88,"Road_2_Text_Format":"Not Applicable","Road_3":88,"Road_3_Text_Format":"Not Applicable","Crash_Specific_Location":1,"Crash_Specific_Location_Text_Format":"Non-Junction","Type_of_Intersection":1,"Type_of_Intersection_Text_Format":"Not at Intersection","School_Bus_Related":1,"School_Bus_Related_Text_Format":"No","Work_Zone_Related":1,"Work_Zone_Related_Text_Format":"No","Location_Of_Crash_Relative_To_Work_Zone":88,"Location_Of_Crash_Relative_To_Work_Zone_Text_Format":"Not Applicable","Type_of_Work_Zone":88,"Type_of_Work_Zone_Text_Format":"Not Applicable","Worker_Presence":88,"Worker_Presence_Text_Format":"Not Applicable","Law_Enforcement_Presence":88,"Law_Enforcement_Presence_Text_Format":"Not Applicable","Were_Vehicles_Moved_Prior_To_Police_Arrival":"FALSE","Trafficway_Ownership":1,"Trafficway_Ownership_Text_Format":"Public Road","Trafficway_Class":1,"Trafficway_Class_Text_Format":"Trafficway, On Road","Police_Agency":"CT0009300","Police_Agency_Text_Format":"New Haven PD","Badge_Number":47003,"Approval_Date":"36:39.0","Police_Case_Status":"C","Police_Case_Status_Text_Format":"Closed","Crash_Report_Submission_Date":"01:29.0","Related_Case_Identifiers":"25-047628","No__of_Through_Lanes__Log_Dir__":null,"Average_Daily_Traffic":null,"Functional_Classification":null,"Functional_Classification_Text_Format":null,"Rural_or_Urban":null,"Rural_or_Urban_Text_Format":null,"CrashSeverityClass":2,"SevereCrashIndicator":1,"CrashId_12_13":null,"VehicleId":null,"PersonId":3,"Age":46,"Gender":1,"Gender_Text_Format":"Male","State":null,"Postal_Code":null,"Injury_Status":"K","Condition_at_Time_of_Crash":99,"Condition_at_Time_of_Crash_Text_Format":"Unknown","Condition_at_Time_of_Crash2":99,"Condition_at_Time_of_Crash2_Text_Format":"Unknown","Action_Taken_by_Officer":0,"Action_Taken_by_Officer_Text_Format":"None taken","Alcohol_Test_Status":1,"Alcohol_Test_Status_Text_Format":"Test Not Given","Type_Of_Alcohol_Test":88,"Type_Of_Alcohol_Test_Text_Format":"Not Applicable","Drug_Test_Status":1,"Drug_Test_Status_Text_Format":"Test Not Given","Type_Of_Drig_Test":88,"Type_Of_Drig_Test_Text_Format":"Not Applicable","Ejection_Status":null,"Ejection_Status_Text_Format":null,"Restraint_System":null,"Restraint_System_Text_Format":null,"Helmet_Use":null,"Helmet_Use_Text_Format":null,"Air_Bag_Status":null,"Air_Bag_Status_Text_Format":null,"Speeding_Related":null,"Speeding_Related_Text_Format":null,"Driver_Actions_1":null,"Driver_Actions_1_Text_Format":null,"Driver_Actions_2":null,"Driver_Actions_2_Text_Format":null,"Driver_Actions_3":null,"Driver_Actions_3_Text_Format":null,"Driver_Actions_4":null,"Driver_Actions_4_Text_Format":null,"Driver_Distracted_By":null,"Driver_Distracted_By_Text_Format":null,"Roadway_On_Which_Nonmotorist_Was_Traveling_Located":"ORANGE AVENUE","Direction_nonmotorist_was_traveling":"W","Direction_Unknown":0,"Striking_Motor_Vehicle_ID":1,"Bicycle_ID":null,"Non_Motorist_Not_In_Roadway":0,"Actions_or_Circumstances_Prior_to_Crash":1,"Actions_or_Circumstances_Prior_to_Crash_Text_Format":"Crossing Roadway","To_or_From_School":99,"To_or_From_School_Text_Format":"Unknown","Actions_or_Circumstances_At_Time_Of_Crash":9,"Actions_or_Circumstances_At_Time_Of_Crash_Text_Format":"Not Visible (Dark Clothing, No Lighting, etc.)","Actions_or_Circumstances_At_Time_Of_Crash2":3,"Actions_or_Circumstances_At_Time_Of_Crash2_Text_Format":"Failure to Yield Right-Of-Way","Location_At_Time_Of_Crash":5,"Location_At_Time_Of_Crash_Text_Format":"Travel Lane-Other Location","Safety_Equipment":99,"Safety_Equipment_Text_Format":"Unknown","Safety_Equipment2":88,"Safety_Equipment2_Text_Format":"Not Applicable","Non_motorist_Distracted_By":99,"Non_motorist_Distracted_By_Text_Format":"Unknown if Distracted","Seating_Position":null,"Seating_Position_Text_Format":null,"Seating_Position_for_Bus":null,"City":null,"Country":"UnitedStates","Driver_License_Jurisdiction":99,"Driver_License_Jurisdiction_Text_Format":"Unknown","Drivers_License_Issued_By":null,"Drivers_License_Class":null,"Commercial_License_Class":null,"Commercial_License_Class_Text_Format":null,"Transported_to_First_Medical_Facility_By":1,"Transported_to_First_Medical_Facility_By_Text_Format":"Not Transported","Name_of_the_EMS_agency":null,"Name_of_the_Intended_Receiving_Facility":null,"OBJECTID_1":65}},{"type":"Feature","id":65,"geometry":{"type":"Point","coordinates":[947294.66877138615,666895.31513889134]},"properties":{"OBJECTID":65,"CrashId":1379825,"Person_Type":1,"Person_Type_Text_Format":"Driver","Injury_Status_Text_Format":"Fatal Injury (K)","Fatal_Case_Status":1,"Fatal_Case_Status_Text_Format":"Complete","CrashId_1":1379825,"CrashId_12":1379825,"Latitude":41.291202689999999,"Longitude":-72.941831399999998,"DOT_Case_Number":926031,"Town_Name":"New Haven","Town_Number":93,"Town_Number_1":93,"Town_Number_Text_Format":"New Haven","Date_Of_Crash":"2026-03-24","Year":2026,"Month":3,"Month_Text_Format":"March","Day":24,"Day_of_the_Week":3,"Day_of_the_Week_Text_Format":"Tuesday","Time_of_Crash":"8:41:00","Hour_of_the_Day":8,"Case_Identifier":26010831,"Crash_Severity":"K","Crash_Severity_Text_Format":"Fatal (Kill)","Most_Severe_Injury":"K","Most_Severe_Injury_Text_Format":"Fatal Injury (K)","Number_Of_Motor_Vehicles":2,"Number_Of_Non_Motorist":0,"Number_Of_Witnesses":0,"Route_Class":3,"Route_Class_Text_Format":"State","Milemarker":0.91000000000000003,"Road_Number":10,"Road_Description":"10-N","Roadway_Name":"10-N","Intersecting_Roadway_Name":null,"Landmark_Description":"WASHINGTON AVE","Distance_From_Nearest_Landmark":150,"Unit_Of_Measure_From_Nearest_Landmark":"Feet","Direction_From_Nearest_Landmark":"N","Latitude_1":41.291202689999999,"Longitude_1":-72.941831399999998,"First_Harmful_Event":14,"First_Harmful_Event_Text_Format":"Motor Vehicle in Operation","Manner_of_Crash___Collision_Impact":2,"Manner_of_Crash___Collision_Impact_Text_Format":"Front to front","Location_of_First_Harmful_Event":1,"Location_of_First_Harmful_Event_Text_Format":"On Roadway","Weather_Condition":1,"Weather_Condition_Text_Format":"Clear","Weather_2":88,"Weather_2_Text_Format":"Not Applicable","Light_Condition":1,"Light_Condition_Text_Format":"Daylight","Road_Surface_Condition":1,"Road_Surface_Condition_Text_Format":"Dry","Contributing_Circumstances__Environment":0,"Contributing_Circumstances__Environment_Text_Format":"None","Environment_2":88,"Environment_2_Text_Format":"Not Applicable","Environment_3":88,"Environment_3_Text_Format":"Not Applicable","Contributing_Circumstances__Road":0,"Contributing_Circumstances__Road_Text_Format":"None","Road_2":88,"Road_2_Text_Format":"Not Applicable","Road_3":88,"Road_3_Text_Format":"Not Applicable","Crash_Specific_Location":1,"Crash_Specific_Location_Text_Format":"Non-Junction","Type_of_Intersection":1,"Type_of_Intersection_Text_Format":"Not at Intersection","School_Bus_Related":1,"School_Bus_Related_Text_Format":"No","Work_Zone_Related":1,"Work_Zone_Related_Text_Format":"No","Location_Of_Crash_Relative_To_Work_Zone":88,"Location_Of_Crash_Relative_To_Work_Zone_Text_Format":"Not Applicable","Type_of_Work_Zone":88,"Type_of_Work_Zone_Text_Format":"Not Applicable","Worker_Presence":88,"Worker_Presence_Text_Format":"Not Applicable","Law_Enforcement_Presence":88,"Law_Enforcement_Presence_Text_Format":"Not Applicable","Were_Vehicles_Moved_Prior_To_Police_Arrival":"FALSE","Trafficway_Ownership":1,"Trafficway_Ownership_Text_Format":"Public Road","Trafficway_Class":1,"Trafficway_Class_Text_Format":"Trafficway, On Road","Police_Agency":"CT0009300","Police_Agency_Text_Format":"New Haven PD","Badge_Number":40810,"Approval_Date":"17:07.0","Police_Case_Status":"O","Police_Case_Status_Text_Format":"Open","Crash_Report_Submission_Date":"00:08.0","Related_Case_Identifiers":null,"No__of_Through_Lanes__Log_Dir__":null,"Average_Daily_Traffic":null,"Functional_Classification":null,"Functional_Classification_Text_Format":null,"Rural_or_Urban":null,"Rural_or_Urban_Text_Format":null,"CrashSeverityClass":2,"SevereCrashIndicator":1,"CrashId_12_13":null,"VehicleId":1,"PersonId":1,"Age":21,"Gender":1,"Gender_Text_Format":"Male","State":"CT","Postal_Code":6516,"Injury_Status":"K","Condition_at_Time_of_Crash":99,"Condition_at_Time_of_Crash_Text_Format":"Unknown","Condition_at_Time_of_Crash2":null,"Condition_at_Time_of_Crash2_Text_Format":null,"Action_Taken_by_Officer":0,"Action_Taken_by_Officer_Text_Format":"None taken","Alcohol_Test_Status":1,"Alcohol_Test_Status_Text_Format":"Test Not Given","Type_Of_Alcohol_Test":88,"Type_Of_Alcohol_Test_Text_Format":"Not Applicable","Drug_Test_Status":1,"Drug_Test_Status_Text_Format":"Test Not Given","Type_Of_Drig_Test":88,"Type_Of_Drig_Test_Text_Format":"Not Applicable","Ejection_Status":1,"Ejection_Status_Text_Format":"Not Ejected","Restraint_System":99,"Restraint_System_Text_Format":"Unknown","Helmet_Use":88,"Helmet_Use_Text_Format":"Not Applicable","Air_Bag_Status":6,"Air_Bag_Status_Text_Format":"Deployed-Combination","Speeding_Related":99,"Speeding_Related_Text_Format":"Unknown","Driver_Actions_1":11,"Driver_Actions_1_Text_Format":"Wrong Side or Wrong Way","Driver_Actions_2":88,"Driver_Actions_2_Text_Format":"Not Applicable","Driver_Actions_3":88,"Driver_Actions_3_Text_Format":"Not Applicable","Driver_Actions_4":88,"Driver_Actions_4_Text_Format":"Not Applicable","Driver_Distracted_By":99,"Driver_Distracted_By_Text_Format":"Unknown if Distracted","Roadway_On_Which_Nonmotorist_Was_Traveling_Located":null,"Direction_nonmotorist_was_traveling":null,"Direction_Unknown":null,"Striking_Motor_Vehicle_ID":null,"Bicycle_ID":null,"Non_Motorist_Not_In_Roadway":null,"Actions_or_Circumstances_Prior_to_Crash":null,"Actions_or_Circumstances_Prior_to_Crash_Text_Format":null,"To_or_From_School":null,"To_or_From_School_Text_Format":null,"Actions_or_Circumstances_At_Time_Of_Crash":null,"Actions_or_Circumstances_At_Time_Of_Crash_Text_Format":null,"Actions_or_Circumstances_At_Time_Of_Crash2":null,"Actions_or_Circumstances_At_Time_Of_Crash2_Text_Format":null,"Location_At_Time_Of_Crash":null,"Location_At_Time_Of_Crash_Text_Format":null,"Safety_Equipment":null,"Safety_Equipment_Text_Format":null,"Safety_Equipment2":null,"Safety_Equipment2_Text_Format":null,"Non_motorist_Distracted_By":null,"Non_motorist_Distracted_By_Text_Format":null,"Seating_Position":11,"Seating_Position_Text_Format":"First Row, Left\u00A0Seat","Seating_Position_for_Bus":null,"City":"West Haven","Country":"UnitedStates","Driver_License_Jurisdiction":null,"Driver_License_Jurisdiction_Text_Format":null,"Drivers_License_Issued_By":null,"Drivers_License_Class":null,"Commercial_License_Class":null,"Commercial_License_Class_Text_Format":null,"Transported_to_First_Medical_Facility_By":1,"Transported_to_First_Medical_Facility_By_Text_Format":"Not Transported","Name_of_the_EMS_agency":null,"Name_of_the_Intended_Receiving_Facility":null,"OBJECTID_1":66}},{"type":"Feature","id":66,"geometry":{"type":"Point","coordinates":[958745.22165763378,668179.46512964368]},"properties":{"OBJECTID":66,"CrashId":1381622,"Person_Type":3,"Person_Type_Text_Format":"Pedestrian","Injury_Status_Text_Format":"Fatal Injury (K)","Fatal_Case_Status":1,"Fatal_Case_Status_Text_Format":"Complete","CrashId_1":1381622,"CrashId_12":1381622,"Latitude":41.29477,"Longitude":-72.900180000000006,"DOT_Case_Number":926018,"Town_Name":"New Haven","Town_Number":93,"Town_Number_1":93,"Town_Number_Text_Format":"New Haven","Date_Of_Crash":"2026-02-11","Year":2026,"Month":2,"Month_Text_Format":"February","Day":11,"Day_of_the_Week":4,"Day_of_the_Week_Text_Format":"Wednesday","Time_of_Crash":"17:56:00","Hour_of_the_Day":17,"Case_Identifier":26006494,"Crash_Severity":"K","Crash_Severity_Text_Format":"Fatal (Kill)","Most_Severe_Injury":"K","Most_Severe_Injury_Text_Format":"Fatal Injury (K)","Number_Of_Motor_Vehicles":1,"Number_Of_Non_Motorist":1,"Number_Of_Witnesses":0,"Route_Class":2,"Route_Class_Text_Format":"USRoute","Milemarker":49.670000000000002,"Road_Number":1,"Road_Description":"1-N","Roadway_Name":"1-N","Intersecting_Roadway_Name":null,"Landmark_Description":"STILES ST","Distance_From_Nearest_Landmark":79,"Unit_Of_Measure_From_Nearest_Landmark":"Feet","Direction_From_Nearest_Landmark":"S","Latitude_1":41.29477,"Longitude_1":-72.900180000000006,"First_Harmful_Event":9,"First_Harmful_Event_Text_Format":"Pedestrian","Manner_of_Crash___Collision_Impact":88,"Manner_of_Crash___Collision_Impact_Text_Format":"Not Applicable","Location_of_First_Harmful_Event":1,"Location_of_First_Harmful_Event_Text_Format":"On Roadway","Weather_Condition":1,"Weather_Condition_Text_Format":"Clear","Weather_2":88,"Weather_2_Text_Format":"Not Applicable","Light_Condition":4,"Light_Condition_Text_Format":"Dark-Lighted","Road_Surface_Condition":3,"Road_Surface_Condition_Text_Format":"Snow","Contributing_Circumstances__Environment":0,"Contributing_Circumstances__Environment_Text_Format":"None","Environment_2":88,"Environment_2_Text_Format":"Not Applicable","Environment_3":88,"Environment_3_Text_Format":"Not Applicable","Contributing_Circumstances__Road":0,"Contributing_Circumstances__Road_Text_Format":"None","Road_2":88,"Road_2_Text_Format":"Not Applicable","Road_3":88,"Road_3_Text_Format":"Not Applicable","Crash_Specific_Location":3,"Crash_Specific_Location_Text_Format":"Intersection-Related","Type_of_Intersection":2,"Type_of_Intersection_Text_Format":"Four-Way Intersection","School_Bus_Related":1,"School_Bus_Related_Text_Format":"No","Work_Zone_Related":1,"Work_Zone_Related_Text_Format":"No","Location_Of_Crash_Relative_To_Work_Zone":88,"Location_Of_Crash_Relative_To_Work_Zone_Text_Format":"Not Applicable","Type_of_Work_Zone":88,"Type_of_Work_Zone_Text_Format":"Not Applicable","Worker_Presence":88,"Worker_Presence_Text_Format":"Not Applicable","Law_Enforcement_Presence":88,"Law_Enforcement_Presence_Text_Format":"Not Applicable","Were_Vehicles_Moved_Prior_To_Police_Arrival":"TRUE","Trafficway_Ownership":1,"Trafficway_Ownership_Text_Format":"Public Road","Trafficway_Class":1,"Trafficway_Class_Text_Format":"Trafficway, On Road","Police_Agency":"CT0009300","Police_Agency_Text_Format":"New Haven PD","Badge_Number":45388,"Approval_Date":"11:40.0","Police_Case_Status":"O","Police_Case_Status_Text_Format":"Open","Crash_Report_Submission_Date":"01:47.0","Related_Case_Identifiers":null,"No__of_Through_Lanes__Log_Dir__":null,"Average_Daily_Traffic":null,"Functional_Classification":null,"Functional_Classification_Text_Format":null,"Rural_or_Urban":null,"Rural_or_Urban_Text_Format":null,"CrashSeverityClass":2,"SevereCrashIndicator":1,"CrashId_12_13":null,"VehicleId":null,"PersonId":2,"Age":61,"Gender":1,"Gender_Text_Format":"Male","State":"CT","Postal_Code":6513,"Injury_Status":"K","Condition_at_Time_of_Crash":99,"Condition_at_Time_of_Crash_Text_Format":"Unknown","Condition_at_Time_of_Crash2":99,"Condition_at_Time_of_Crash2_Text_Format":"Unknown","Action_Taken_by_Officer":0,"Action_Taken_by_Officer_Text_Format":"None taken","Alcohol_Test_Status":1,"Alcohol_Test_Status_Text_Format":"Test Not Given","Type_Of_Alcohol_Test":88,"Type_Of_Alcohol_Test_Text_Format":"Not Applicable","Drug_Test_Status":1,"Drug_Test_Status_Text_Format":"Test Not Given","Type_Of_Drig_Test":88,"Type_Of_Drig_Test_Text_Format":"Not Applicable","Ejection_Status":null,"Ejection_Status_Text_Format":null,"Restraint_System":null,"Restraint_System_Text_Format":null,"Helmet_Use":null,"Helmet_Use_Text_Format":null,"Air_Bag_Status":null,"Air_Bag_Status_Text_Format":null,"Speeding_Related":null,"Speeding_Related_Text_Format":null,"Driver_Actions_1":null,"Driver_Actions_1_Text_Format":null,"Driver_Actions_2":null,"Driver_Actions_2_Text_Format":null,"Driver_Actions_3":null,"Driver_Actions_3_Text_Format":null,"Driver_Actions_4":null,"Driver_Actions_4_Text_Format":null,"Driver_Distracted_By":null,"Driver_Distracted_By_Text_Format":null,"Roadway_On_Which_Nonmotorist_Was_Traveling_Located":"FORBES AVE","Direction_nonmotorist_was_traveling":"E","Direction_Unknown":0,"Striking_Motor_Vehicle_ID":1,"Bicycle_ID":null,"Non_Motorist_Not_In_Roadway":0,"Actions_or_Circumstances_Prior_to_Crash":3,"Actions_or_Circumstances_Prior_to_Crash_Text_Format":"Walking/Cycling along Roadway Along Traffic (In or Adjacent to Travel Lane)","To_or_From_School":1,"To_or_From_School_Text_Format":"No","Actions_or_Circumstances_At_Time_Of_Crash":5,"Actions_or_Circumstances_At_Time_Of_Crash_Text_Format":"In Roadway Improperly (Standing, Lying, Working, Playing)","Actions_or_Circumstances_At_Time_Of_Crash2":88,"Actions_or_Circumstances_At_Time_Of_Crash2_Text_Format":"Not Applicable","Location_At_Time_Of_Crash":5,"Location_At_Time_Of_Crash_Text_Format":"Travel Lane-Other Location","Safety_Equipment":0,"Safety_Equipment_Text_Format":"None","Safety_Equipment2":88,"Safety_Equipment2_Text_Format":"Not Applicable","Non_motorist_Distracted_By":99,"Non_motorist_Distracted_By_Text_Format":"Unknown if Distracted","Seating_Position":null,"Seating_Position_Text_Format":null,"Seating_Position_for_Bus":null,"City":"New Haven","Country":"UnitedStates","Driver_License_Jurisdiction":2,"Driver_License_Jurisdiction_Text_Format":"State","Drivers_License_Issued_By":"CT","Drivers_License_Class":null,"Commercial_License_Class":null,"Commercial_License_Class_Text_Format":null,"Transported_to_First_Medical_Facility_By":3,"Transported_to_First_Medical_Facility_By_Text_Format":"EMS Ground","Name_of_the_EMS_agency":"OTHER","Name_of_the_Intended_Receiving_Facility":"YALE-NH HOSP","OBJECTID_1":67}},{"type":"Feature","id":67,"geometry":{"type":"Point","coordinates":[967735.51699721813,682347.11035072803]},"properties":{"OBJECTID":67,"CrashId":1386319,"Person_Type":1,"Person_Type_Text_Format":"Driver","Injury_Status_Text_Format":"Fatal Injury (K)","Fatal_Case_Status":1,"Fatal_Case_Status_Text_Format":"Complete","CrashId_1":1386319,"CrashId_12":1386319,"Latitude":41.333726910000003,"Longitude":-72.867437010000003,"DOT_Case_Number":926055,"Town_Name":"New Haven","Town_Number":93,"Town_Number_1":93,"Town_Number_Text_Format":"New Haven","Date_Of_Crash":"2026-04-20","Year":2026,"Month":4,"Month_Text_Format":"April","Day":20,"Day_of_the_Week":2,"Day_of_the_Week_Text_Format":"Monday","Time_of_Crash":"15:22:00","Hour_of_the_Day":15,"Case_Identifier":26014609,"Crash_Severity":"K","Crash_Severity_Text_Format":"Fatal (Kill)","Most_Severe_Injury":"K","Most_Severe_Injury_Text_Format":"Fatal Injury (K)","Number_Of_Motor_Vehicles":3,"Number_Of_Non_Motorist":0,"Number_Of_Witnesses":0,"Route_Class":3,"Route_Class_Text_Format":"State","Milemarker":0.95999999999999996,"Road_Number":103,"Road_Description":"103-N","Roadway_Name":"103-N","Intersecting_Roadway_Name":null,"Landmark_Description":"GLEN HAVEN RD","Distance_From_Nearest_Landmark":350,"Unit_Of_Measure_From_Nearest_Landmark":"Feet","Direction_From_Nearest_Landmark":"N","Latitude_1":41.333726910000003,"Longitude_1":-72.867437010000003,"First_Harmful_Event":15,"First_Harmful_Event_Text_Format":"Parked Motor Vehicle","Manner_of_Crash___Collision_Impact":2,"Manner_of_Crash___Collision_Impact_Text_Format":"Front to front","Location_of_First_Harmful_Event":1,"Location_of_First_Harmful_Event_Text_Format":"On Roadway","Weather_Condition":1,"Weather_Condition_Text_Format":"Clear","Weather_2":88,"Weather_2_Text_Format":"Not Applicable","Light_Condition":1,"Light_Condition_Text_Format":"Daylight","Road_Surface_Condition":1,"Road_Surface_Condition_Text_Format":"Dry","Contributing_Circumstances__Environment":0,"Contributing_Circumstances__Environment_Text_Format":"None","Environment_2":88,"Environment_2_Text_Format":"Not Applicable","Environment_3":88,"Environment_3_Text_Format":"Not Applicable","Contributing_Circumstances__Road":0,"Contributing_Circumstances__Road_Text_Format":"None","Road_2":88,"Road_2_Text_Format":"Not Applicable","Road_3":88,"Road_3_Text_Format":"Not Applicable","Crash_Specific_Location":1,"Crash_Specific_Location_Text_Format":"Non-Junction","Type_of_Intersection":1,"Type_of_Intersection_Text_Format":"Not at Intersection","School_Bus_Related":1,"School_Bus_Related_Text_Format":"No","Work_Zone_Related":1,"Work_Zone_Related_Text_Format":"No","Location_Of_Crash_Relative_To_Work_Zone":88,"Location_Of_Crash_Relative_To_Work_Zone_Text_Format":"Not Applicable","Type_of_Work_Zone":88,"Type_of_Work_Zone_Text_Format":"Not Applicable","Worker_Presence":88,"Worker_Presence_Text_Format":"Not Applicable","Law_Enforcement_Presence":88,"Law_Enforcement_Presence_Text_Format":"Not Applicable","Were_Vehicles_Moved_Prior_To_Police_Arrival":"FALSE","Trafficway_Ownership":1,"Trafficway_Ownership_Text_Format":"Public Road","Trafficway_Class":1,"Trafficway_Class_Text_Format":"Trafficway, On Road","Police_Agency":"CT0009300","Police_Agency_Text_Format":"New Haven PD","Badge_Number":44056,"Approval_Date":"51:57.0","Police_Case_Status":"O","Police_Case_Status_Text_Format":"Open","Crash_Report_Submission_Date":"00:25.0","Related_Case_Identifiers":null,"No__of_Through_Lanes__Log_Dir__":null,"Average_Daily_Traffic":null,"Functional_Classification":null,"Functional_Classification_Text_Format":null,"Rural_or_Urban":null,"Rural_or_Urban_Text_Format":null,"CrashSeverityClass":2,"SevereCrashIndicator":1,"CrashId_12_13":null,"VehicleId":1,"PersonId":1,"Age":90,"Gender":1,"Gender_Text_Format":"Male","State":"CT","Postal_Code":6513,"Injury_Status":"K","Condition_at_Time_of_Crash":1,"Condition_at_Time_of_Crash_Text_Format":"Apparently Normal","Condition_at_Time_of_Crash2":null,"Condition_at_Time_of_Crash2_Text_Format":null,"Action_Taken_by_Officer":0,"Action_Taken_by_Officer_Text_Format":"None taken","Alcohol_Test_Status":1,"Alcohol_Test_Status_Text_Format":"Test Not Given","Type_Of_Alcohol_Test":88,"Type_Of_Alcohol_Test_Text_Format":"Not Applicable","Drug_Test_Status":1,"Drug_Test_Status_Text_Format":"Test Not Given","Type_Of_Drig_Test":88,"Type_Of_Drig_Test_Text_Format":"Not Applicable","Ejection_Status":1,"Ejection_Status_Text_Format":"Not Ejected","Restraint_System":1,"Restraint_System_Text_Format":"Shoulder and Lap Belt Used","Helmet_Use":88,"Helmet_Use_Text_Format":"Not Applicable","Air_Bag_Status":6,"Air_Bag_Status_Text_Format":"Deployed-Combination","Speeding_Related":99,"Speeding_Related_Text_Format":"Unknown","Driver_Actions_1":13,"Driver_Actions_1_Text_Format":"Failed to Keep in Proper Lane","Driver_Actions_2":88,"Driver_Actions_2_Text_Format":"Not Applicable","Driver_Actions_3":88,"Driver_Actions_3_Text_Format":"Not Applicable","Driver_Actions_4":88,"Driver_Actions_4_Text_Format":"Not Applicable","Driver_Distracted_By":99,"Driver_Distracted_By_Text_Format":"Unknown if Distracted","Roadway_On_Which_Nonmotorist_Was_Traveling_Located":null,"Direction_nonmotorist_was_traveling":null,"Direction_Unknown":null,"Striking_Motor_Vehicle_ID":null,"Bicycle_ID":null,"Non_Motorist_Not_In_Roadway":null,"Actions_or_Circumstances_Prior_to_Crash":null,"Actions_or_Circumstances_Prior_to_Crash_Text_Format":null,"To_or_From_School":null,"To_or_From_School_Text_Format":null,"Actions_or_Circumstances_At_Time_Of_Crash":null,"Actions_or_Circumstances_At_Time_Of_Crash_Text_Format":null,"Actions_or_Circumstances_At_Time_Of_Crash2":null,"Actions_or_Circumstances_At_Time_Of_Crash2_Text_Format":null,"Location_At_Time_Of_Crash":null,"Location_At_Time_Of_Crash_Text_Format":null,"Safety_Equipment":null,"Safety_Equipment_Text_Format":null,"Safety_Equipment2":null,"Safety_Equipment2_Text_Format":null,"Non_motorist_Distracted_By":null,"Non_motorist_Distracted_By_Text_Format":null,"Seating_Position":11,"Seating_Position_Text_Format":"First Row, Left\u00A0Seat","Seating_Position_for_Bus":null,"City":"East Haven","Country":"UnitedStates","Driver_License_Jurisdiction":2,"Driver_License_Jurisdiction_Text_Format":"State","Drivers_License_Issued_By":"CT","Drivers_License_Class":4,"Commercial_License_Class":1,"Commercial_License_Class_Text_Format":"No","Transported_to_First_Medical_Facility_By":3,"Transported_to_First_Medical_Facility_By_Text_Format":"EMS Ground","Name_of_the_EMS_agency":"AMER MED RESPONSE","Name_of_the_Intended_Receiving_Facility":"YALE-NH HOSP","OBJECTID_1":68}},{"type":"Feature","id":71,"geometry":{"type":"Point","coordinates":[960346.53243139386,666520.80473305285]},"properties":{"OBJECTID":71,"CrashId":1219657,"Person_Type":3,"Person_Type_Text_Format":"Pedestrian","Injury_Status_Text_Format":"Fatal Injury (K)","Fatal_Case_Status":1,"Fatal_Case_Status_Text_Format":"Complete","CrashId_1":1219657,"CrashId_12":1219657,"Latitude":41.290260000000004,"Longitude":-72.894298000000006,"DOT_Case_Number":924301,"Town_Name":"New Haven","Town_Number":93,"Town_Number_1":93,"Town_Number_Text_Format":"New Haven","Date_Of_Crash":"2024-11-19","Year":2024,"Month":11,"Month_Text_Format":"November","Day":19,"Day_of_the_Week":3,"Day_of_the_Week_Text_Format":"Tuesday","Time_of_Crash":"0:22:00","Hour_of_the_Day":0,"Case_Identifier":24046996,"Crash_Severity":"K","Crash_Severity_Text_Format":"Fatal (Kill)","Most_Severe_Injury":"A","Most_Severe_Injury_Text_Format":"Suspected Serious Injury (A)","Number_Of_Motor_Vehicles":1,"Number_Of_Non_Motorist":1,"Number_Of_Witnesses":0,"Route_Class":2,"Route_Class_Text_Format":"USRoute","Milemarker":50.140000000000001,"Road_Number":1,"Road_Description":"1-N","Roadway_Name":"1-N","Intersecting_Roadway_Name":null,"Landmark_Description":"Woodward Ave ","Distance_From_Nearest_Landmark":30,"Unit_Of_Measure_From_Nearest_Landmark":"Feet","Direction_From_Nearest_Landmark":"S","Latitude_1":41.290260000000004,"Longitude_1":-72.894298000000006,"First_Harmful_Event":9,"First_Harmful_Event_Text_Format":"Pedestrian","Manner_of_Crash___Collision_Impact":88,"Manner_of_Crash___Collision_Impact_Text_Format":"Not Applicable","Location_of_First_Harmful_Event":1,"Location_of_First_Harmful_Event_Text_Format":"On Roadway","Weather_Condition":1,"Weather_Condition_Text_Format":"Clear","Weather_2":88,"Weather_2_Text_Format":"Not Applicable","Light_Condition":4,"Light_Condition_Text_Format":"Dark-Lighted","Road_Surface_Condition":1,"Road_Surface_Condition_Text_Format":"Dry","Contributing_Circumstances__Environment":0,"Contributing_Circumstances__Environment_Text_Format":"None","Environment_2":88,"Environment_2_Text_Format":"Not Applicable","Environment_3":88,"Environment_3_Text_Format":"Not Applicable","Contributing_Circumstances__Road":0,"Contributing_Circumstances__Road_Text_Format":"None","Road_2":88,"Road_2_Text_Format":"Not Applicable","Road_3":88,"Road_3_Text_Format":"Not Applicable","Crash_Specific_Location":3,"Crash_Specific_Location_Text_Format":"Intersection-Related","Type_of_Intersection":2,"Type_of_Intersection_Text_Format":"Four-Way Intersection","School_Bus_Related":1,"School_Bus_Related_Text_Format":"No","Work_Zone_Related":1,"Work_Zone_Related_Text_Format":"No","Location_Of_Crash_Relative_To_Work_Zone":88,"Location_Of_Crash_Relative_To_Work_Zone_Text_Format":"Not Applicable","Type_of_Work_Zone":88,"Type_of_Work_Zone_Text_Format":"Not Applicable","Worker_Presence":88,"Worker_Presence_Text_Format":"Not Applicable","Law_Enforcement_Presence":88,"Law_Enforcement_Presence_Text_Format":"Not Applicable","Were_Vehicles_Moved_Prior_To_Police_Arrival":"FALSE","Trafficway_Ownership":1,"Trafficway_Ownership_Text_Format":"Public Road","Trafficway_Class":1,"Trafficway_Class_Text_Format":"Trafficway, On Road","Police_Agency":"CT0009300","Police_Agency_Text_Format":"New Haven PD","Badge_Number":42369,"Approval_Date":"56:35.0","Police_Case_Status":"O","Police_Case_Status_Text_Format":"Open","Crash_Report_Submission_Date":"00:25.0","Related_Case_Identifiers":null,"No__of_Through_Lanes__Log_Dir__":4,"Average_Daily_Traffic":9400,"Functional_Classification":3,"Functional_Classification_Text_Format":"PRINCIPAL ARTERIAL - OTHER - NEW HPMS","Rural_or_Urban":2,"Rural_or_Urban_Text_Format":"Urban","CrashSeverityClass":1,"SevereCrashIndicator":1,"CrashId_12_13":null,"VehicleId":null,"PersonId":2,"Age":37,"Gender":1,"Gender_Text_Format":"Male","State":"CT","Postal_Code":6514,"Injury_Status":"K","Condition_at_Time_of_Crash":1,"Condition_at_Time_of_Crash_Text_Format":"Apparently Normal","Condition_at_Time_of_Crash2":null,"Condition_at_Time_of_Crash2_Text_Format":null,"Action_Taken_by_Officer":0,"Action_Taken_by_Officer_Text_Format":"None taken","Alcohol_Test_Status":1,"Alcohol_Test_Status_Text_Format":"Test Not Given","Type_Of_Alcohol_Test":88,"Type_Of_Alcohol_Test_Text_Format":"Not Applicable","Drug_Test_Status":1,"Drug_Test_Status_Text_Format":"Test Not Given","Type_Of_Drig_Test":88,"Type_Of_Drig_Test_Text_Format":"Not Applicable","Ejection_Status":null,"Ejection_Status_Text_Format":null,"Restraint_System":null,"Restraint_System_Text_Format":null,"Helmet_Use":null,"Helmet_Use_Text_Format":null,"Air_Bag_Status":null,"Air_Bag_Status_Text_Format":null,"Speeding_Related":null,"Speeding_Related_Text_Format":null,"Driver_Actions_1":null,"Driver_Actions_1_Text_Format":null,"Driver_Actions_2":null,"Driver_Actions_2_Text_Format":null,"Driver_Actions_3":null,"Driver_Actions_3_Text_Format":null,"Driver_Actions_4":null,"Driver_Actions_4_Text_Format":null,"Driver_Distracted_By":null,"Driver_Distracted_By_Text_Format":null,"Roadway_On_Which_Nonmotorist_Was_Traveling_Located":"FORBES AVE","Direction_nonmotorist_was_traveling":"S","Direction_Unknown":0,"Striking_Motor_Vehicle_ID":1,"Bicycle_ID":null,"Non_Motorist_Not_In_Roadway":0,"Actions_or_Circumstances_Prior_to_Crash":1,"Actions_or_Circumstances_Prior_to_Crash_Text_Format":"Crossing Roadway","To_or_From_School":1,"To_or_From_School_Text_Format":"No","Actions_or_Circumstances_At_Time_Of_Crash":9,"Actions_or_Circumstances_At_Time_Of_Crash_Text_Format":"Not Visible (Dark Clothing, No Lighting, etc.)","Actions_or_Circumstances_At_Time_Of_Crash2":3,"Actions_or_Circumstances_At_Time_Of_Crash2_Text_Format":"Failure to Yield Right-Of-Way","Location_At_Time_Of_Crash":1,"Location_At_Time_Of_Crash_Text_Format":"Intersection-Marked Crosswalk","Safety_Equipment":0,"Safety_Equipment_Text_Format":"None","Safety_Equipment2":88,"Safety_Equipment2_Text_Format":"Not Applicable","Non_motorist_Distracted_By":1,"Non_motorist_Distracted_By_Text_Format":"Not Distracted","Seating_Position":null,"Seating_Position_Text_Format":null,"Seating_Position_for_Bus":null,"City":"Hamden","Country":"UnitedStates","Driver_License_Jurisdiction":null,"Driver_License_Jurisdiction_Text_Format":null,"Drivers_License_Issued_By":null,"Drivers_License_Class":null,"Commercial_License_Class":null,"Commercial_License_Class_Text_Format":null,"Transported_to_First_Medical_Facility_By":3,"Transported_to_First_Medical_Facility_By_Text_Format":"EMS Ground","Name_of_the_EMS_agency":"AMER MED RESPONSE","Name_of_the_Intended_Receiving_Facility":"YALE-NH HOSP","OBJECTID_1":49}},{"type":"Feature","id":72,"geometry":{"type":"Point","coordinates":[949886.22887697816,670886.06732797623]},"properties":{"OBJECTID":72,"CrashId":924129,"Person_Type":1,"Person_Type_Text_Format":"Passenger","Injury_Status_Text_Format":"Fatal Injury (K)","Fatal_Case_Status":1,"Fatal_Case_Status_Text_Format":"Complete","CrashId_1":924129,"CrashId_12":924129,"Latitude":41.302301730000003,"Longitude":-72.932412990000003,"DOT_Case_Number":922086,"Town_Name":"New Haven","Town_Number":93,"Town_Number_1":93,"Town_Number_Text_Format":"New Haven","Date_Of_Crash":"2022-04-09","Year":2022,"Month":4,"Month_Text_Format":"April","Day":9,"Day_of_the_Week":7,"Day_of_the_Week_Text_Format":"Saturday","Time_of_Crash":"3:32:00","Hour_of_the_Day":3,"Case_Identifier":22011249,"Crash_Severity":"K","Crash_Severity_Text_Format":"Fatal (Kill)","Most_Severe_Injury":"K","Most_Severe_Injury_Text_Format":"Fatal Injury (K)","Number_Of_Motor_Vehicles":1,"Number_Of_Non_Motorist":0,"Number_Of_Witnesses":1,"Route_Class":4,"Route_Class_Text_Format":"Local","Milemarker":0.75,"Road_Number":117,"Road_Description":"COLLEGE ST","Roadway_Name":"COLLEGE ST","Intersecting_Roadway_Name":"CONGRESS AV","Landmark_Description":null,"Distance_From_Nearest_Landmark":null,"Unit_Of_Measure_From_Nearest_Landmark":null,"Direction_From_Nearest_Landmark":null,"Latitude_1":41.302301730000003,"Longitude_1":-72.932412990000003,"First_Harmful_Event":18,"First_Harmful_Event_Text_Format":"Other Non-Fixed Object","Manner_of_Crash___Collision_Impact":88,"Manner_of_Crash___Collision_Impact_Text_Format":"Not Applicable","Location_of_First_Harmful_Event":4,"Location_of_First_Harmful_Event_Text_Format":"Roadside","Weather_Condition":1,"Weather_Condition_Text_Format":"Clear","Weather_2":88,"Weather_2_Text_Format":"Not Applicable","Light_Condition":4,"Light_Condition_Text_Format":"Dark-Lighted","Road_Surface_Condition":1,"Road_Surface_Condition_Text_Format":"Dry","Contributing_Circumstances__Environment":99,"Contributing_Circumstances__Environment_Text_Format":"Unknown","Environment_2":88,"Environment_2_Text_Format":"Not Applicable","Environment_3":88,"Environment_3_Text_Format":"Not Applicable","Contributing_Circumstances__Road":0,"Contributing_Circumstances__Road_Text_Format":"None","Road_2":88,"Road_2_Text_Format":"Not Applicable","Road_3":88,"Road_3_Text_Format":"Not Applicable","Crash_Specific_Location":3,"Crash_Specific_Location_Text_Format":"Intersection-Related","Type_of_Intersection":4,"Type_of_Intersection_Text_Format":"Y-Intersection","School_Bus_Related":1,"School_Bus_Related_Text_Format":"No","Work_Zone_Related":1,"Work_Zone_Related_Text_Format":"No","Location_Of_Crash_Relative_To_Work_Zone":88,"Location_Of_Crash_Relative_To_Work_Zone_Text_Format":"Not Applicable","Type_of_Work_Zone":88,"Type_of_Work_Zone_Text_Format":"Not Applicable","Worker_Presence":88,"Worker_Presence_Text_Format":"Not Applicable","Law_Enforcement_Presence":88,"Law_Enforcement_Presence_Text_Format":"Not Applicable","Were_Vehicles_Moved_Prior_To_Police_Arrival":"FALSE","Trafficway_Ownership":1,"Trafficway_Ownership_Text_Format":"Public Road","Trafficway_Class":1,"Trafficway_Class_Text_Format":"Trafficway, On Road","Police_Agency":"CT0009300","Police_Agency_Text_Format":"New Haven PD","Badge_Number":40952,"Approval_Date":"23:33.0","Police_Case_Status":"O","Police_Case_Status_Text_Format":"Open","Crash_Report_Submission_Date":"00:38.0","Related_Case_Identifiers":null,"No__of_Through_Lanes__Log_Dir__":2,"Average_Daily_Traffic":5400,"Functional_Classification":3,"Functional_Classification_Text_Format":"PRINCIPAL ARTERIAL - OTHER - NEW HPMS","Rural_or_Urban":2,"Rural_or_Urban_Text_Format":"Urban","CrashSeverityClass":2,"SevereCrashIndicator":1,"CrashId_12_13":924129,"VehicleId":1,"PersonId":2,"Age":21,"Gender":1,"Gender_Text_Format":"Male","State":"CT","Postal_Code":6516,"Injury_Status":"K","Condition_at_Time_of_Crash":null,"Condition_at_Time_of_Crash_Text_Format":null,"Condition_at_Time_of_Crash2":null,"Condition_at_Time_of_Crash2_Text_Format":null,"Action_Taken_by_Officer":0,"Action_Taken_by_Officer_Text_Format":null,"Alcohol_Test_Status":1,"Alcohol_Test_Status_Text_Format":null,"Type_Of_Alcohol_Test":null,"Type_Of_Alcohol_Test_Text_Format":null,"Drug_Test_Status":null,"Drug_Test_Status_Text_Format":null,"Type_Of_Drig_Test":null,"Type_Of_Drig_Test_Text_Format":null,"Ejection_Status":1,"Ejection_Status_Text_Format":"Not Ejected","Restraint_System":99,"Restraint_System_Text_Format":"Unknown","Helmet_Use":88,"Helmet_Use_Text_Format":"Not Applicable","Air_Bag_Status":1,"Air_Bag_Status_Text_Format":"Not Deployed","Speeding_Related":null,"Speeding_Related_Text_Format":null,"Driver_Actions_1":null,"Driver_Actions_1_Text_Format":null,"Driver_Actions_2":null,"Driver_Actions_2_Text_Format":null,"Driver_Actions_3":null,"Driver_Actions_3_Text_Format":null,"Driver_Actions_4":null,"Driver_Actions_4_Text_Format":null,"Driver_Distracted_By":null,"Driver_Distracted_By_Text_Format":null,"Roadway_On_Which_Nonmotorist_Was_Traveling_Located":null,"Direction_nonmotorist_was_traveling":null,"Direction_Unknown":null,"Striking_Motor_Vehicle_ID":null,"Bicycle_ID":null,"Non_Motorist_Not_In_Roadway":null,"Actions_or_Circumstances_Prior_to_Crash":null,"Actions_or_Circumstances_Prior_to_Crash_Text_Format":null,"To_or_From_School":null,"To_or_From_School_Text_Format":null,"Actions_or_Circumstances_At_Time_Of_Crash":null,"Actions_or_Circumstances_At_Time_Of_Crash_Text_Format":null,"Actions_or_Circumstances_At_Time_Of_Crash2":null,"Actions_or_Circumstances_At_Time_Of_Crash2_Text_Format":null,"Location_At_Time_Of_Crash":null,"Location_At_Time_Of_Crash_Text_Format":null,"Safety_Equipment":null,"Safety_Equipment_Text_Format":null,"Safety_Equipment2":null,"Safety_Equipment2_Text_Format":null,"Non_motorist_Distracted_By":null,"Non_motorist_Distracted_By_Text_Format":null,"Seating_Position":13,"Seating_Position_Text_Format":"First Row, Right Seat","Seating_Position_for_Bus":null,"City":"West Haven","Country":"UnitedStates","Driver_License_Jurisdiction":2,"Driver_License_Jurisdiction_Text_Format":"State","Drivers_License_Issued_By":"CT","Drivers_License_Class":null,"Commercial_License_Class":null,"Commercial_License_Class_Text_Format":"No","Transported_to_First_Medical_Facility_By":1,"Transported_to_First_Medical_Facility_By_Text_Format":"Not Transported","Name_of_the_EMS_agency":"AMER MED RESPONSE","Name_of_the_Intended_Receiving_Facility":"YALE-NH HOSP","OBJECTID_1":20}},{"type":"Feature","id":73,"geometry":{"type":"Point","coordinates":[964172.88731147349,679400.45679523051]},"properties":{"OBJECTID":73,"CrashId":1225238,"Person_Type":2,"Person_Type_Text_Format":"Passenger","Injury_Status_Text_Format":"Fatal Injury (K)","Fatal_Case_Status":1,"Fatal_Case_Status_Text_Format":"Complete","CrashId_1":1225238,"CrashId_12":1225238,"Latitude":41.325636179999997,"Longitude":-72.880434059999999,"DOT_Case_Number":924172,"Town_Name":"New Haven","Town_Number":93,"Town_Number_1":93,"Town_Number_Text_Format":"New Haven","Date_Of_Crash":"2024-07-27","Year":2024,"Month":7,"Month_Text_Format":"July","Day":27,"Day_of_the_Week":7,"Day_of_the_Week_Text_Format":"Saturday","Time_of_Crash":"1:52:00","Hour_of_the_Day":1,"Case_Identifier":24030633,"Crash_Severity":"K","Crash_Severity_Text_Format":"Fatal (Kill)","Most_Severe_Injury":"K","Most_Severe_Injury_Text_Format":"Fatal Injury (K)","Number_Of_Motor_Vehicles":3,"Number_Of_Non_Motorist":0,"Number_Of_Witnesses":1,"Route_Class":3,"Route_Class_Text_Format":"State","Milemarker":0.35999999999999999,"Road_Number":17,"Road_Description":"17-N","Roadway_Name":"17-N","Intersecting_Roadway_Name":null,"Landmark_Description":"BARNES AVENUE","Distance_From_Nearest_Landmark":515,"Unit_Of_Measure_From_Nearest_Landmark":"Feet","Direction_From_Nearest_Landmark":"S","Latitude_1":41.325636179999997,"Longitude_1":-72.880434059999999,"First_Harmful_Event":14,"First_Harmful_Event_Text_Format":"Motor Vehicle in Operation","Manner_of_Crash___Collision_Impact":2,"Manner_of_Crash___Collision_Impact_Text_Format":"Front to front","Location_of_First_Harmful_Event":1,"Location_of_First_Harmful_Event_Text_Format":"On Roadway","Weather_Condition":1,"Weather_Condition_Text_Format":"Clear","Weather_2":88,"Weather_2_Text_Format":"Not Applicable","Light_Condition":5,"Light_Condition_Text_Format":"Dark-Not Lighted","Road_Surface_Condition":1,"Road_Surface_Condition_Text_Format":"Dry","Contributing_Circumstances__Environment":0,"Contributing_Circumstances__Environment_Text_Format":"None","Environment_2":88,"Environment_2_Text_Format":"Not Applicable","Environment_3":88,"Environment_3_Text_Format":"Not Applicable","Contributing_Circumstances__Road":0,"Contributing_Circumstances__Road_Text_Format":"None","Road_2":88,"Road_2_Text_Format":"Not Applicable","Road_3":88,"Road_3_Text_Format":"Not Applicable","Crash_Specific_Location":1,"Crash_Specific_Location_Text_Format":"Non-Junction","Type_of_Intersection":1,"Type_of_Intersection_Text_Format":"Not at Intersection","School_Bus_Related":1,"School_Bus_Related_Text_Format":"No","Work_Zone_Related":1,"Work_Zone_Related_Text_Format":"No","Location_Of_Crash_Relative_To_Work_Zone":88,"Location_Of_Crash_Relative_To_Work_Zone_Text_Format":"Not Applicable","Type_of_Work_Zone":88,"Type_of_Work_Zone_Text_Format":"Not Applicable","Worker_Presence":88,"Worker_Presence_Text_Format":"Not Applicable","Law_Enforcement_Presence":88,"Law_Enforcement_Presence_Text_Format":"Not Applicable","Were_Vehicles_Moved_Prior_To_Police_Arrival":"FALSE","Trafficway_Ownership":1,"Trafficway_Ownership_Text_Format":"Public Road","Trafficway_Class":1,"Trafficway_Class_Text_Format":"Trafficway, On Road","Police_Agency":"CT0009300","Police_Agency_Text_Format":"New Haven PD","Badge_Number":44947,"Approval_Date":"04:00.0","Police_Case_Status":"O","Police_Case_Status_Text_Format":"Open","Crash_Report_Submission_Date":"01:41.0","Related_Case_Identifiers":null,"No__of_Through_Lanes__Log_Dir__":null,"Average_Daily_Traffic":null,"Functional_Classification":null,"Functional_Classification_Text_Format":null,"Rural_or_Urban":null,"Rural_or_Urban_Text_Format":null,"CrashSeverityClass":2,"SevereCrashIndicator":1,"CrashId_12_13":1225238,"VehicleId":1,"PersonId":7,"Age":21,"Gender":2,"Gender_Text_Format":"Female","State":"CT","Postal_Code":6512,"Injury_Status":"K","Condition_at_Time_of_Crash":null,"Condition_at_Time_of_Crash_Text_Format":null,"Condition_at_Time_of_Crash2":null,"Condition_at_Time_of_Crash2_Text_Format":null,"Action_Taken_by_Officer":null,"Action_Taken_by_Officer_Text_Format":null,"Alcohol_Test_Status":null,"Alcohol_Test_Status_Text_Format":null,"Type_Of_Alcohol_Test":null,"Type_Of_Alcohol_Test_Text_Format":null,"Drug_Test_Status":null,"Drug_Test_Status_Text_Format":null,"Type_Of_Drig_Test":null,"Type_Of_Drig_Test_Text_Format":null,"Ejection_Status":1,"Ejection_Status_Text_Format":"Not Ejected","Restraint_System":99,"Restraint_System_Text_Format":"Unknown","Helmet_Use":88,"Helmet_Use_Text_Format":"Not Applicable","Air_Bag_Status":6,"Air_Bag_Status_Text_Format":"Deployed-Combination","Speeding_Related":null,"Speeding_Related_Text_Format":null,"Driver_Actions_1":null,"Driver_Actions_1_Text_Format":null,"Driver_Actions_2":null,"Driver_Actions_2_Text_Format":null,"Driver_Actions_3":null,"Driver_Actions_3_Text_Format":null,"Driver_Actions_4":null,"Driver_Actions_4_Text_Format":null,"Driver_Distracted_By":null,"Driver_Distracted_By_Text_Format":null,"Roadway_On_Which_Nonmotorist_Was_Traveling_Located":null,"Direction_nonmotorist_was_traveling":null,"Direction_Unknown":null,"Striking_Motor_Vehicle_ID":null,"Bicycle_ID":null,"Non_Motorist_Not_In_Roadway":null,"Actions_or_Circumstances_Prior_to_Crash":null,"Actions_or_Circumstances_Prior_to_Crash_Text_Format":null,"To_or_From_School":null,"To_or_From_School_Text_Format":null,"Actions_or_Circumstances_At_Time_Of_Crash":null,"Actions_or_Circumstances_At_Time_Of_Crash_Text_Format":null,"Actions_or_Circumstances_At_Time_Of_Crash2":null,"Actions_or_Circumstances_At_Time_Of_Crash2_Text_Format":null,"Location_At_Time_Of_Crash":null,"Location_At_Time_Of_Crash_Text_Format":null,"Safety_Equipment":null,"Safety_Equipment_Text_Format":null,"Safety_Equipment2":null,"Safety_Equipment2_Text_Format":null,"Non_motorist_Distracted_By":null,"Non_motorist_Distracted_By_Text_Format":null,"Seating_Position":13,"Seating_Position_Text_Format":"Second Row, Right Seat","Seating_Position_for_Bus":null,"City":"West Haven","Country":"UnitedStates","Driver_License_Jurisdiction":null,"Driver_License_Jurisdiction_Text_Format":null,"Drivers_License_Issued_By":null,"Drivers_License_Class":null,"Commercial_License_Class":null,"Commercial_License_Class_Text_Format":null,"Transported_to_First_Medical_Facility_By":1,"Transported_to_First_Medical_Facility_By_Text_Format":"Not Transported","Name_of_the_EMS_agency":"AMER MED RESPONSE","Name_of_the_Intended_Receiving_Facility":"YALE-NH HOSP","OBJECTID_1":50}},{"type":"Feature","id":74,"geometry":{"type":"Point","coordinates":[946633.05953030288,667621.38160014153]},"properties":{"OBJECTID":74,"CrashId":1305561,"Person_Type":1,"Person_Type_Text_Format":"Driver","Injury_Status_Text_Format":"Fatal Injury (K)","Fatal_Case_Status":1,"Fatal_Case_Status_Text_Format":"Complete","CrashId_1":1305561,"CrashId_12":1305561,"Latitude":41.293219999999998,"Longitude":-72.944201000000007,"DOT_Case_Number":925158,"Town_Name":"New Haven","Town_Number":93,"Town_Number_1":93,"Town_Number_Text_Format":"New Haven","Date_Of_Crash":"2025-08-31","Year":2025,"Month":8,"Month_Text_Format":"August","Day":31,"Day_of_the_Week":1,"Day_of_the_Week_Text_Format":"Sunday","Time_of_Crash":"2:54:00","Hour_of_the_Day":2,"Case_Identifier":25035300,"Crash_Severity":"K","Crash_Severity_Text_Format":"Fatal (Kill)","Most_Severe_Injury":"K","Most_Severe_Injury_Text_Format":"Fatal Injury (K)","Number_Of_Motor_Vehicles":1,"Number_Of_Non_Motorist":0,"Number_Of_Witnesses":0,"Route_Class":3,"Route_Class_Text_Format":"State","Milemarker":1.0900000000000001,"Road_Number":10,"Road_Description":"10-N","Roadway_Name":"10-N","Intersecting_Roadway_Name":null,"Landmark_Description":"ADELINE STREET","Distance_From_Nearest_Landmark":55,"Unit_Of_Measure_From_Nearest_Landmark":"Feet","Direction_From_Nearest_Landmark":"N","Latitude_1":41.293219999999998,"Longitude_1":-72.944201000000007,"First_Harmful_Event":25,"First_Harmful_Event_Text_Format":"Curb","Manner_of_Crash___Collision_Impact":88,"Manner_of_Crash___Collision_Impact_Text_Format":"Not Applicable","Location_of_First_Harmful_Event":1,"Location_of_First_Harmful_Event_Text_Format":"On Roadway","Weather_Condition":1,"Weather_Condition_Text_Format":"Clear","Weather_2":88,"Weather_2_Text_Format":"Not Applicable","Light_Condition":4,"Light_Condition_Text_Format":"Dark-Lighted","Road_Surface_Condition":1,"Road_Surface_Condition_Text_Format":"Dry","Contributing_Circumstances__Environment":0,"Contributing_Circumstances__Environment_Text_Format":"None","Environment_2":88,"Environment_2_Text_Format":"Not Applicable","Environment_3":88,"Environment_3_Text_Format":"Not Applicable","Contributing_Circumstances__Road":0,"Contributing_Circumstances__Road_Text_Format":"None","Road_2":88,"Road_2_Text_Format":"Not Applicable","Road_3":88,"Road_3_Text_Format":"Not Applicable","Crash_Specific_Location":2,"Crash_Specific_Location_Text_Format":"Intersection","Type_of_Intersection":3,"Type_of_Intersection_Text_Format":"T-Intersection","School_Bus_Related":1,"School_Bus_Related_Text_Format":"No","Work_Zone_Related":1,"Work_Zone_Related_Text_Format":"No","Location_Of_Crash_Relative_To_Work_Zone":88,"Location_Of_Crash_Relative_To_Work_Zone_Text_Format":"Not Applicable","Type_of_Work_Zone":88,"Type_of_Work_Zone_Text_Format":"Not Applicable","Worker_Presence":88,"Worker_Presence_Text_Format":"Not Applicable","Law_Enforcement_Presence":88,"Law_Enforcement_Presence_Text_Format":"Not Applicable","Were_Vehicles_Moved_Prior_To_Police_Arrival":"FALSE","Trafficway_Ownership":1,"Trafficway_Ownership_Text_Format":"Public Road","Trafficway_Class":1,"Trafficway_Class_Text_Format":"Trafficway, On Road","Police_Agency":"CT0009300","Police_Agency_Text_Format":"New Haven PD","Badge_Number":44946,"Approval_Date":"35:22.0","Police_Case_Status":"O","Police_Case_Status_Text_Format":"Open","Crash_Report_Submission_Date":"01:39.0","Related_Case_Identifiers":null,"No__of_Through_Lanes__Log_Dir__":null,"Average_Daily_Traffic":null,"Functional_Classification":null,"Functional_Classification_Text_Format":null,"Rural_or_Urban":null,"Rural_or_Urban_Text_Format":null,"CrashSeverityClass":2,"SevereCrashIndicator":1,"CrashId_12_13":1305561,"VehicleId":1,"PersonId":1,"Age":40,"Gender":1,"Gender_Text_Format":"Male","State":"CT","Postal_Code":6511,"Injury_Status":"K","Condition_at_Time_of_Crash":99,"Condition_at_Time_of_Crash_Text_Format":"Unknown","Condition_at_Time_of_Crash2":99,"Condition_at_Time_of_Crash2_Text_Format":"Unknown","Action_Taken_by_Officer":0,"Action_Taken_by_Officer_Text_Format":"None taken","Alcohol_Test_Status":1,"Alcohol_Test_Status_Text_Format":"Test Not Given","Type_Of_Alcohol_Test":88,"Type_Of_Alcohol_Test_Text_Format":"Not Applicable","Drug_Test_Status":1,"Drug_Test_Status_Text_Format":"Test Not Given","Type_Of_Drig_Test":88,"Type_Of_Drig_Test_Text_Format":"Not Applicable","Ejection_Status":3,"Ejection_Status_Text_Format":"Ejected, Totally","Restraint_System":99,"Restraint_System_Text_Format":"Unknown","Helmet_Use":88,"Helmet_Use_Text_Format":"Not Applicable","Air_Bag_Status":2,"Air_Bag_Status_Text_Format":"Deployed-Front","Speeding_Related":2,"Speeding_Related_Text_Format":"Racing","Driver_Actions_1":2,"Driver_Actions_1_Text_Format":"Ran Off Roadway\r\n","Driver_Actions_2":14,"Driver_Actions_2_Text_Format":"Operated Motor Vehicle in Reckless or Aggressive Manner","Driver_Actions_3":88,"Driver_Actions_3_Text_Format":"Not Applicable","Driver_Actions_4":88,"Driver_Actions_4_Text_Format":"Not Applicable","Driver_Distracted_By":99,"Driver_Distracted_By_Text_Format":"Unknown if Distracted","Roadway_On_Which_Nonmotorist_Was_Traveling_Located":null,"Direction_nonmotorist_was_traveling":null,"Direction_Unknown":null,"Striking_Motor_Vehicle_ID":null,"Bicycle_ID":null,"Non_Motorist_Not_In_Roadway":null,"Actions_or_Circumstances_Prior_to_Crash":null,"Actions_or_Circumstances_Prior_to_Crash_Text_Format":null,"To_or_From_School":null,"To_or_From_School_Text_Format":null,"Actions_or_Circumstances_At_Time_Of_Crash":null,"Actions_or_Circumstances_At_Time_Of_Crash_Text_Format":null,"Actions_or_Circumstances_At_Time_Of_Crash2":null,"Actions_or_Circumstances_At_Time_Of_Crash2_Text_Format":null,"Location_At_Time_Of_Crash":null,"Location_At_Time_Of_Crash_Text_Format":null,"Safety_Equipment":null,"Safety_Equipment_Text_Format":null,"Safety_Equipment2":null,"Safety_Equipment2_Text_Format":null,"Non_motorist_Distracted_By":null,"Non_motorist_Distracted_By_Text_Format":null,"Seating_Position":13,"Seating_Position_Text_Format":"First Row, Left\u00A0Seat\r\n","Seating_Position_for_Bus":null,"City":"New Haven","Country":"UnitedStates","Driver_License_Jurisdiction":99,"Driver_License_Jurisdiction_Text_Format":"Unknown","Drivers_License_Issued_By":"CT","Drivers_License_Class":1,"Commercial_License_Class":null,"Commercial_License_Class_Text_Format":null,"Transported_to_First_Medical_Facility_By":97,"Transported_to_First_Medical_Facility_By_Text_Format":"Other","Name_of_the_EMS_agency":null,"Name_of_the_Intended_Receiving_Facility":"YALE-NH HOSP\r\n","OBJECTID_1":58}}]}